date,product,region,units_sold,unit_price,discount,revenue
2025-01-01,Laptop,West,9,650,0.0,5850.0
2025-01-01,Laptop,North,8,650,0.05,4940.0
2025-01-01,Laptop,South,6,650,0.05,3705.0
2025-01-01,Laptop,East,7,650,0.0,4550.0
2025-01-01,Monitor,West,13,220,0.0,2860.0
2025-01-01,Monitor,North,10,220,0.1,1980.0
2025-01-01,Monitor,South,12,220,0.0,2640.0
2025-01-01,Monitor,East,3,220,0.0,660.0
2025-01-01,Keyboard,West,17,45,0.0,765.0
2025-01-01,Keyboard,North,15,45,0.0,675.0
2025-01-01,Keyboard,South,20,45,0.15,765.0
2025-01-01,Keyboard,East,23,45,0.0,1035.0
2025-01-01,Mouse,West,34,25,0.05,807.5
2025-01-01,Mouse,North,29,25,0.0,725.0
2025-01-01,Mouse,South,16,25,0.05,380.0
2025-01-01,Mouse,East,24,25,0.0,600.0
2025-01-01,Headset,West,12,60,0.05,684.0
2025-01-01,Headset,North,17,60,0.0,1020.0
2025-01-01,Headset,South,13,60,0.05,741.0
2025-01-01,Headset,East,16,60,0.05,912.0
2025-01-01,Printer,West,3,180,0.05,513.0
2025-01-01,Printer,North,7,180,0.0,1260.0
2025-01-01,Printer,South,9,180,0.1,1458.0
2025-01-01,Printer,East,6,180,0.05,1026.0
2025-01-01,Router,West,15,80,0.0,1200.0
2025-01-01,Router,North,12,80,0.05,912.0
2025-01-01,Router,South,22,80,0.05,1672.0
2025-01-01,Router,East,12,80,0.0,960.0
2025-01-01,Webcam,West,11,55,0.0,605.0
2025-01-01,Webcam,North,10,55,0.0,550.0
2025-01-01,Webcam,South,7,55,0.05,365.75
2025-01-01,Webcam,East,7,55,0.1,346.5
2025-01-02,Laptop,West,10,650,0.0,6500.0
2025-01-02,Laptop,North,11,650,0.1,6435.0
2025-01-02,Laptop,South,2,650,0.05,1235.0
2025-01-02,Laptop,East,4,650,0.0,2600.0
2025-01-02,Monitor,West,14,220,0.0,3080.0
2025-01-02,Monitor,North,11,220,0.0,2420.0
2025-01-02,Monitor,South,12,220,0.0,2640.0
2025-01-02,Monitor,East,12,220,0.1,2376.0
2025-01-02,Keyboard,West,19,45,0.1,769.5
2025-01-02,Keyboard,North,15,45,0.1,607.5
2025-01-02,Keyboard,South,14,45,0.05,598.5
2025-01-02,Keyboard,East,27,45,0.05,1154.25
2025-01-02,Mouse,West,20,25,0.15,425.0
2025-01-02,Mouse,North,19,25,0.1,427.5
2025-01-02,Mouse,South,26,25,0.05,617.5
2025-01-02,Mouse,East,24,25,0.1,540.0
2025-01-02,Headset,West,20,60,0.05,1140.0
2025-01-02,Headset,North,15,60,0.05,855.0
2025-01-02,Headset,South,9,60,0.0,540.0
2025-01-02,Headset,East,13,60,0.05,741.0
2025-01-02,Printer,West,4,180,0.1,648.0
2025-01-02,Printer,North,6,180,0.0,1080.0
2025-01-02,Printer,South,9,180,0.0,1620.0
2025-01-02,Printer,East,5,180,0.0,900.0
2025-01-02,Router,West,13,80,0.05,988.0
2025-01-02,Router,North,16,80,0.15,1088.0
2025-01-02,Router,South,15,80,0.05,1140.0
2025-01-02,Router,East,14,80,0.0,1120.0
2025-01-02,Webcam,West,13,55,0.0,715.0
2025-01-02,Webcam,North,5,55,0.05,261.25
2025-01-02,Webcam,South,6,55,0.0,330.0
2025-01-02,Webcam,East,7,55,0.05,365.75
2025-01-03,Laptop,West,12,650,0.0,7800.0
2025-01-03,Laptop,North,5,650,0.1,2925.0
2025-01-03,Laptop,South,8,650,0.1,4680.0
2025-01-03,Laptop,East,15,650,0.1,8775.0
2025-01-03,Monitor,West,10,220,0.1,1980.0
2025-01-03,Monitor,North,5,220,0.15,935.0
2025-01-03,Monitor,South,12,220,0.05,2508.0
2025-01-03,Monitor,East,10,220,0.0,2200.0
2025-01-03,Keyboard,West,14,45,0.1,567.0
2025-01-03,Keyboard,North,20,45,0.0,900.0
2025-01-03,Keyboard,South,19,45,0.1,769.5
2025-01-03,Keyboard,East,22,45,0.0,990.0
2025-01-03,Mouse,West,27,25,0.1,607.5
2025-01-03,Mouse,North,23,25,0.1,517.5
2025-01-03,Mouse,South,23,25,0.1,517.5
2025-01-03,Mouse,East,19,25,0.0,475.0
2025-01-03,Headset,West,14,60,0.0,840.0
2025-01-03,Headset,North,7,60,0.05,399.0
2025-01-03,Headset,South,10,60,0.1,540.0
2025-01-03,Headset,East,6,60,0.15,306.0
2025-01-03,Printer,West,8,180,0.15,1224.0
2025-01-03,Printer,North,6,180,0.05,1026.0
2025-01-03,Printer,South,8,180,0.1,1296.0
2025-01-03,Printer,East,8,180,0.0,1440.0
2025-01-03,Router,West,11,80,0.0,880.0
2025-01-03,Router,North,18,80,0.0,1440.0
2025-01-03,Router,South,10,80,0.1,720.0
2025-01-03,Router,East,19,80,0.05,1444.0
2025-01-03,Webcam,West,11,55,0.05,574.75
2025-01-03,Webcam,North,12,55,0.0,660.0
2025-01-03,Webcam,South,5,55,0.0,275.0
2025-01-03,Webcam,East,14,55,0.05,731.5
2025-01-04,Laptop,West,7,650,0.0,4550.0
2025-01-04,Laptop,North,7,650,0.0,4550.0
2025-01-04,Laptop,South,3,650,0.0,1950.0
2025-01-04,Laptop,East,6,650,0.1,3510.0
2025-01-04,Monitor,West,13,220,0.1,2574.0
2025-01-04,Monitor,North,16,220,0.0,3520.0
2025-01-04,Monitor,South,10,220,0.0,2200.0
2025-01-04,Monitor,East,11,220,0.0,2420.0
2025-01-04,Keyboard,West,20,45,0.0,900.0
2025-01-04,Keyboard,North,15,45,0.0,675.0
2025-01-04,Keyboard,South,14,45,0.0,630.0
2025-01-04,Keyboard,East,20,45,0.1,810.0
2025-01-04,Mouse,West,29,25,0.05,688.75
2025-01-04,Mouse,North,27,25,0.0,675.0
2025-01-04,Mouse,South,16,25,0.0,400.0
2025-01-04,Mouse,East,29,25,0.0,725.0
2025-01-04,Headset,West,11,60,0.0,660.0
2025-01-04,Headset,North,9,60,0.0,540.0
2025-01-04,Headset,South,9,60,0.1,486.0
2025-01-04,Headset,East,7,60,0.0,420.0
2025-01-04,Printer,West,8,180,0.1,1296.0
2025-01-04,Printer,North,6,180,0.05,1026.0
2025-01-04,Printer,South,4,180,0.0,720.0
2025-01-04,Printer,East,4,180,0.0,720.0
2025-01-04,Router,West,20,80,0.05,1520.0
2025-01-04,Router,North,17,80,0.05,1292.0
2025-01-04,Router,South,12,80,0.1,864.0
2025-01-04,Router,East,10,80,0.1,720.0
2025-01-04,Webcam,West,7,55,0.05,365.75
2025-01-04,Webcam,North,9,55,0.0,495.0
2025-01-04,Webcam,South,11,55,0.05,574.75
2025-01-04,Webcam,East,12,55,0.0,660.0
2025-01-05,Laptop,West,8,650,0.1,4680.0
2025-01-05,Laptop,North,9,650,0.0,5850.0
2025-01-05,Laptop,South,8,650,0.05,4940.0
2025-01-05,Laptop,East,10,650,0.0,6500.0
2025-01-05,Monitor,West,18,220,0.0,3960.0
2025-01-05,Monitor,North,14,220,0.05,2926.0
2025-01-05,Monitor,South,4,220,0.0,880.0
2025-01-05,Monitor,East,10,220,0.1,1980.0
2025-01-05,Keyboard,West,19,45,0.05,812.25
2025-01-05,Keyboard,North,18,45,0.05,769.5
2025-01-05,Keyboard,South,11,45,0.05,470.25
2025-01-05,Keyboard,East,18,45,0.0,810.0
2025-01-05,Mouse,West,30,25,0.0,750.0
2025-01-05,Mouse,North,28,25,0.15,595.0
2025-01-05,Mouse,South,17,25,0.0,425.0
2025-01-05,Mouse,East,28,25,0.05,665.0
2025-01-05,Headset,West,10,60,0.0,600.0
2025-01-05,Headset,North,12,60,0.0,720.0
2025-01-05,Headset,South,14,60,0.05,798.0
2025-01-05,Headset,East,12,60,0.05,684.0
2025-01-05,Printer,West,7,180,0.0,1260.0
2025-01-05,Printer,North,3,180,0.0,540.0
2025-01-05,Printer,South,2,180,0.0,360.0
2025-01-05,Printer,East,5,180,0.05,855.0
2025-01-05,Router,West,15,80,0.0,1200.0
2025-01-05,Router,North,12,80,0.0,960.0
2025-01-05,Router,South,7,80,0.0,560.0
2025-01-05,Router,East,11,80,0.0,880.0
2025-01-05,Webcam,West,9,55,0.0,495.0
2025-01-05,Webcam,North,13,55,0.0,715.0
2025-01-05,Webcam,South,5,55,0.1,247.5
2025-01-05,Webcam,East,6,55,0.05,313.5
2025-01-06,Laptop,West,6,650,0.1,3510.0
2025-01-06,Laptop,North,9,650,0.0,5850.0
2025-01-06,Laptop,South,6,650,0.05,3705.0
2025-01-06,Laptop,East,8,650,0.05,4940.0
2025-01-06,Monitor,West,13,220,0.1,2574.0
2025-01-06,Monitor,North,5,220,0.05,1045.0
2025-01-06,Monitor,South,10,220,0.1,1980.0
2025-01-06,Monitor,East,10,220,0.05,2090.0
2025-01-06,Keyboard,West,27,45,0.1,1093.5
2025-01-06,Keyboard,North,20,45,0.1,810.0
2025-01-06,Keyboard,South,13,45,0.0,585.0
2025-01-06,Keyboard,East,27,45,0.05,1154.25
2025-01-06,Mouse,West,38,25,0.05,902.5
2025-01-06,Mouse,North,25,25,0.1,562.5
2025-01-06,Mouse,South,20,25,0.0,500.0
2025-01-06,Mouse,East,28,25,0.0,700.0
2025-01-06,Headset,West,12,60,0.0,720.0
2025-01-06,Headset,North,10,60,0.1,540.0
2025-01-06,Headset,South,9,60,0.1,486.0
2025-01-06,Headset,East,14,60,0.0,840.0
2025-01-06,Printer,West,9,180,0.05,1539.0
2025-01-06,Printer,North,8,180,0.0,1440.0
2025-01-06,Printer,South,3,180,0.0,540.0
2025-01-06,Printer,East,7,180,0.0,1260.0
2025-01-06,Router,West,16,80,0.0,1280.0
2025-01-06,Router,North,22,80,0.05,1672.0
2025-01-06,Router,South,13,80,0.0,1040.0
2025-01-06,Router,East,11,80,0.1,792.0
2025-01-06,Webcam,West,9,55,0.15,420.75
2025-01-06,Webcam,North,11,55,0.05,574.75
2025-01-06,Webcam,South,11,55,0.0,605.0
2025-01-06,Webcam,East,7,55,0.1,346.5
2025-01-07,Laptop,West,19,650,0.1,11115.0
2025-01-07,Laptop,North,6,650,0.1,3510.0
2025-01-07,Laptop,South,4,650,0.15,2210.0
2025-01-07,Laptop,East,12,650,0.1,7020.0
2025-01-07,Monitor,West,14,220,0.0,3080.0
2025-01-07,Monitor,North,12,220,0.05,2508.0
2025-01-07,Monitor,South,9,220,0.0,1980.0
2025-01-07,Monitor,East,9,220,0.1,1782.0
2025-01-07,Keyboard,West,24,45,0.0,1080.0
2025-01-07,Keyboard,North,18,45,0.1,729.0
2025-01-07,Keyboard,South,19,45,0.0,855.0
2025-01-07,Keyboard,East,22,45,0.0,990.0
2025-01-07,Mouse,West,41,25,0.0,1025.0
2025-01-07,Mouse,North,36,25,0.05,855.0
2025-01-07,Mouse,South,21,25,0.15,446.25
2025-01-07,Mouse,East,25,25,0.0,625.0
2025-01-07,Headset,West,10,60,0.05,570.0
2025-01-07,Headset,North,11,60,0.05,627.0
2025-01-07,Headset,South,20,60,0.1,1080.0
2025-01-07,Headset,East,14,60,0.0,840.0
2025-01-07,Printer,West,8,180,0.05,1368.0
2025-01-07,Printer,North,5,180,0.0,900.0
2025-01-07,Printer,South,4,180,0.05,684.0
2025-01-07,Printer,East,4,180,0.0,720.0
2025-01-07,Router,West,16,80,0.05,1216.0
2025-01-07,Router,North,15,80,0.0,1200.0
2025-01-07,Router,South,13,80,0.0,1040.0
2025-01-07,Router,East,4,80,0.0,320.0
2025-01-07,Webcam,West,6,55,0.05,313.5
2025-01-07,Webcam,North,6,55,0.1,297.0
2025-01-07,Webcam,South,8,55,0.1,396.0
2025-01-07,Webcam,East,8,55,0.0,440.0
2025-01-08,Laptop,West,14,650,0.05,8645.0
2025-01-08,Laptop,North,3,650,0.1,1755.0
2025-01-08,Laptop,South,8,650,0.0,5200.0
2025-01-08,Laptop,East,12,650,0.05,7410.0
2025-01-08,Monitor,West,17,220,0.0,3740.0
2025-01-08,Monitor,North,20,220,0.1,3960.0
2025-01-08,Monitor,South,10,220,0.05,2090.0
2025-01-08,Monitor,East,9,220,0.0,1980.0
2025-01-08,Keyboard,West,17,45,0.0,765.0
2025-01-08,Keyboard,North,19,45,0.1,769.5
2025-01-08,Keyboard,South,16,45,0.05,684.0
2025-01-08,Keyboard,East,22,45,0.0,990.0
2025-01-08,Mouse,West,32,25,0.1,720.0
2025-01-08,Mouse,North,31,25,0.1,697.5
2025-01-08,Mouse,South,18,25,0.0,450.0
2025-01-08,Mouse,East,16,25,0.1,360.0
2025-01-08,Headset,West,5,60,0.05,285.0
2025-01-08,Headset,North,19,60,0.05,1083.0
2025-01-08,Headset,South,3,60,0.15,153.0
2025-01-08,Headset,East,23,60,0.15,1173.0
2025-01-08,Printer,West,7,180,0.0,1260.0
2025-01-08,Printer,North,8,180,0.05,1368.0
2025-01-08,Printer,South,7,180,0.1,1134.0
2025-01-08,Printer,East,7,180,0.15,1071.0
2025-01-08,Router,West,15,80,0.1,1080.0
2025-01-08,Router,North,15,80,0.1,1080.0
2025-01-08,Router,South,12,80,0.05,912.0
2025-01-08,Router,East,19,80,0.1,1368.0
2025-01-08,Webcam,West,6,55,0.0,330.0
2025-01-08,Webcam,North,9,55,0.05,470.25
2025-01-08,Webcam,South,8,55,0.0,440.0
2025-01-08,Webcam,East,10,55,0.05,522.5
2025-01-09,Laptop,West,8,650,0.0,5200.0
2025-01-09,Laptop,North,8,650,0.0,5200.0
2025-01-09,Laptop,South,8,650,0.1,4680.0
2025-01-09,Laptop,East,10,650,0.1,5850.0
2025-01-09,Monitor,West,17,220,0.0,3740.0
2025-01-09,Monitor,North,13,220,0.1,2574.0
2025-01-09,Monitor,South,10,220,0.0,2200.0
2025-01-09,Monitor,East,12,220,0.05,2508.0
2025-01-09,Keyboard,West,17,45,0.05,726.75
2025-01-09,Keyboard,North,13,45,0.0,585.0
2025-01-09,Keyboard,South,16,45,0.05,684.0
2025-01-09,Keyboard,East,13,45,0.05,555.75
2025-01-09,Mouse,West,26,25,0.0,650.0
2025-01-09,Mouse,North,33,25,0.0,825.0
2025-01-09,Mouse,South,19,25,0.0,475.0
2025-01-09,Mouse,East,27,25,0.1,607.5
2025-01-09,Headset,West,11,60,0.1,594.0
2025-01-09,Headset,North,14,60,0.0,840.0
2025-01-09,Headset,South,9,60,0.15,459.0
2025-01-09,Headset,East,15,60,0.05,855.0
2025-01-09,Printer,West,6,180,0.05,1026.0
2025-01-09,Printer,North,7,180,0.0,1260.0
2025-01-09,Printer,South,7,180,0.1,1134.0
2025-01-09,Printer,East,5,180,0.0,900.0
2025-01-09,Router,West,15,80,0.1,1080.0
2025-01-09,Router,North,15,80,0.0,1200.0
2025-01-09,Router,South,12,80,0.05,912.0
2025-01-09,Router,East,22,80,0.15,1496.0
2025-01-09,Webcam,West,15,55,0.1,742.5
2025-01-09,Webcam,North,10,55,0.05,522.5
2025-01-09,Webcam,South,12,55,0.0,660.0
2025-01-09,Webcam,East,5,55,0.15,233.75
2025-01-10,Laptop,West,9,650,0.0,5850.0
2025-01-10,Laptop,North,7,650,0.0,4550.0
2025-01-10,Laptop,South,4,650,0.05,2470.0
2025-01-10,Laptop,East,11,650,0.0,7150.0
2025-01-10,Monitor,West,15,220,0.0,3300.0
2025-01-10,Monitor,North,10,220,0.0,2200.0
2025-01-10,Monitor,South,5,220,0.15,935.0
2025-01-10,Monitor,East,11,220,0.05,2299.0
2025-01-10,Keyboard,West,21,45,0.0,945.0
2025-01-10,Keyboard,North,18,45,0.0,810.0
2025-01-10,Keyboard,South,20,45,0.0,900.0
2025-01-10,Keyboard,East,18,45,0.1,729.0
2025-01-10,Mouse,West,35,25,0.05,831.25
2025-01-10,Mouse,North,25,25,0.1,562.5
2025-01-10,Mouse,South,23,25,0.05,546.25
2025-01-10,Mouse,East,35,25,0.05,831.25
2025-01-10,Headset,West,7,60,0.0,420.0
2025-01-10,Headset,North,15,60,0.05,855.0
2025-01-10,Headset,South,3,60,0.05,171.0
2025-01-10,Headset,East,6,60,0.0,360.0
2025-01-10,Printer,West,8,180,0.0,1440.0
2025-01-10,Printer,North,4,180,0.15,612.0
2025-01-10,Printer,South,5,180,0.05,855.0
2025-01-10,Printer,East,8,180,0.05,1368.0
2025-01-10,Router,West,18,80,0.0,1440.0
2025-01-10,Router,North,21,80,0.0,1680.0
2025-01-10,Router,South,12,80,0.05,912.0
2025-01-10,Router,East,23,80,0.0,1840.0
2025-01-10,Webcam,West,12,55,0.1,594.0
2025-01-10,Webcam,North,14,55,0.0,770.0
2025-01-10,Webcam,South,11,55,0.05,574.75
2025-01-10,Webcam,East,7,55,0.15,327.25
2025-01-11,Laptop,West,10,650,0.0,6500.0
2025-01-11,Laptop,North,7,650,0.0,4550.0
2025-01-11,Laptop,South,10,650,0.05,6175.0
2025-01-11,Laptop,East,8,650,0.05,4940.0
2025-01-11,Monitor,West,13,220,0.1,2574.0
2025-01-11,Monitor,North,8,220,0.05,1672.0
2025-01-11,Monitor,South,8,220,0.0,1760.0
2025-01-11,Monitor,East,10,220,0.0,2200.0
2025-01-11,Keyboard,West,23,45,0.15,879.75
2025-01-11,Keyboard,North,27,45,0.0,1215.0
2025-01-11,Keyboard,South,18,45,0.0,810.0
2025-01-11,Keyboard,East,18,45,0.0,810.0
2025-01-11,Mouse,West,31,25,0.0,775.0
2025-01-11,Mouse,North,24,25,0.0,600.0
2025-01-11,Mouse,South,20,25,0.0,500.0
2025-01-11,Mouse,East,38,25,0.0,950.0
2025-01-11,Headset,West,14,60,0.0,840.0
2025-01-11,Headset,North,12,60,0.05,684.0
2025-01-11,Headset,South,14,60,0.05,798.0
2025-01-11,Headset,East,6,60,0.0,360.0
2025-01-11,Printer,West,8,180,0.05,1368.0
2025-01-11,Printer,North,2,180,0.0,360.0
2025-01-11,Printer,South,4,180,0.05,684.0
2025-01-11,Printer,East,8,180,0.05,1368.0
2025-01-11,Router,West,13,80,0.05,988.0
2025-01-11,Router,North,13,80,0.0,1040.0
2025-01-11,Router,South,10,80,0.1,720.0
2025-01-11,Router,East,16,80,0.0,1280.0
2025-01-11,Webcam,West,11,55,0.05,574.75
2025-01-11,Webcam,North,11,55,0.05,574.75
2025-01-11,Webcam,South,5,55,0.1,247.5
2025-01-11,Webcam,East,10,55,0.05,522.5
2025-01-12,Laptop,West,13,650,0.05,8027.5
2025-01-12,Laptop,North,12,650,0.0,7800.0
2025-01-12,Laptop,South,6,650,0.1,3510.0
2025-01-12,Laptop,East,11,650,0.05,6792.5
2025-01-12,Monitor,West,12,220,0.1,2376.0
2025-01-12,Monitor,North,5,220,0.0,1100.0
2025-01-12,Monitor,South,14,220,0.0,3080.0
2025-01-12,Monitor,East,8,220,0.0,1760.0
2025-01-12,Keyboard,West,21,45,0.05,897.75
2025-01-12,Keyboard,North,20,45,0.1,810.0
2025-01-12,Keyboard,South,18,45,0.05,769.5
2025-01-12,Keyboard,East,17,45,0.0,765.0
2025-01-12,Mouse,West,24,25,0.0,600.0
2025-01-12,Mouse,North,32,25,0.05,760.0
2025-01-12,Mouse,South,26,25,0.0,650.0
2025-01-12,Mouse,East,22,25,0.0,550.0
2025-01-12,Headset,West,19,60,0.1,1026.0
2025-01-12,Headset,North,14,60,0.1,756.0
2025-01-12,Headset,South,13,60,0.0,780.0
2025-01-12,Headset,East,12,60,0.1,648.0
2025-01-12,Printer,West,5,180,0.05,855.0
2025-01-12,Printer,North,7,180,0.15,1071.0
2025-01-12,Printer,South,6,180,0.05,1026.0
2025-01-12,Printer,East,2,180,0.05,342.0
2025-01-12,Router,West,14,80,0.0,1120.0
2025-01-12,Router,North,12,80,0.0,960.0
2025-01-12,Router,South,15,80,0.1,1080.0
2025-01-12,Router,East,11,80,0.0,880.0
2025-01-12,Webcam,West,14,55,0.05,731.5
2025-01-12,Webcam,North,10,55,0.1,495.0
2025-01-12,Webcam,South,13,55,0.05,679.25
2025-01-12,Webcam,East,10,55,0.0,550.0
2025-01-13,Laptop,West,7,650,0.05,4322.5
2025-01-13,Laptop,North,3,650,0.0,1950.0
2025-01-13,Laptop,South,3,650,0.1,1755.0
2025-01-13,Laptop,East,8,650,0.05,4940.0
2025-01-13,Monitor,West,17,220,0.05,3553.0
2025-01-13,Monitor,North,8,220,0.0,1760.0
2025-01-13,Monitor,South,8,220,0.05,1672.0
2025-01-13,Monitor,East,4,220,0.0,880.0
2025-01-13,Keyboard,West,23,45,0.0,1035.0
2025-01-13,Keyboard,North,17,45,0.0,765.0
2025-01-13,Keyboard,South,11,45,0.1,445.5
2025-01-13,Keyboard,East,11,45,0.0,495.0
2025-01-13,Mouse,West,41,25,0.05,973.75
2025-01-13,Mouse,North,24,25,0.0,600.0
2025-01-13,Mouse,South,25,25,0.05,593.75
2025-01-13,Mouse,East,34,25,0.0,850.0
2025-01-13,Headset,West,20,60,0.05,1140.0
2025-01-13,Headset,North,8,60,0.0,480.0
2025-01-13,Headset,South,9,60,0.05,513.0
2025-01-13,Headset,East,4,60,0.05,228.0
2025-01-13,Printer,West,11,180,0.1,1782.0
2025-01-13,Printer,North,10,180,0.0,1800.0
2025-01-13,Printer,South,4,180,0.05,684.0
2025-01-13,Printer,East,5,180,0.05,855.0
2025-01-13,Router,West,15,80,0.15,1020.0
2025-01-13,Router,North,14,80,0.0,1120.0
2025-01-13,Router,South,13,80,0.05,988.0
2025-01-13,Router,East,26,80,0.0,2080.0
2025-01-13,Webcam,West,7,55,0.1,346.5
2025-01-13,Webcam,North,13,55,0.0,715.0
2025-01-13,Webcam,South,9,55,0.0,495.0
2025-01-13,Webcam,East,13,55,0.05,679.25
2025-01-14,Laptop,West,10,650,0.1,5850.0
2025-01-14,Laptop,North,8,650,0.15,4420.0
2025-01-14,Laptop,South,9,650,0.05,5557.5
2025-01-14,Laptop,East,13,650,0.1,7605.0
2025-01-14,Monitor,West,11,220,0.05,2299.0
2025-01-14,Monitor,North,16,220,0.05,3344.0
2025-01-14,Monitor,South,10,220,0.15,1870.0
2025-01-14,Monitor,East,9,220,0.05,1881.0
2025-01-14,Keyboard,West,16,45,0.1,648.0
2025-01-14,Keyboard,North,21,45,0.1,850.5
2025-01-14,Keyboard,South,18,45,0.05,769.5
2025-01-14,Keyboard,East,12,45,0.0,540.0
2025-01-14,Mouse,West,19,25,0.0,475.0
2025-01-14,Mouse,North,26,25,0.0,650.0
2025-01-14,Mouse,South,23,25,0.05,546.25
2025-01-14,Mouse,East,16,25,0.0,400.0
2025-01-14,Headset,West,12,60,0.0,720.0
2025-01-14,Headset,North,11,60,0.0,660.0
2025-01-14,Headset,South,11,60,0.05,627.0
2025-01-14,Headset,East,11,60,0.0,660.0
2025-01-14,Printer,West,8,180,0.1,1296.0
2025-01-14,Printer,North,7,180,0.0,1260.0
2025-01-14,Printer,South,4,180,0.05,684.0
2025-01-14,Printer,East,3,180,0.1,486.0
2025-01-14,Router,West,20,80,0.0,1600.0
2025-01-14,Router,North,13,80,0.1,936.0
2025-01-14,Router,South,11,80,0.1,792.0
2025-01-14,Router,East,14,80,0.0,1120.0
2025-01-14,Webcam,West,19,55,0.05,992.75
2025-01-14,Webcam,North,5,55,0.05,261.25
2025-01-14,Webcam,South,10,55,0.15,467.5
2025-01-14,Webcam,East,8,55,0.1,396.0
2025-01-15,Laptop,West,12,650,0.05,7410.0
2025-01-15,Laptop,North,7,650,0.05,4322.5
2025-01-15,Laptop,South,4,650,0.0,2600.0
2025-01-15,Laptop,East,6,650,0.05,3705.0
2025-01-15,Monitor,West,21,220,0.05,4389.0
2025-01-15,Monitor,North,8,220,0.1,1584.0
2025-01-15,Monitor,South,6,220,0.0,1320.0
2025-01-15,Monitor,East,14,220,0.0,3080.0
2025-01-15,Keyboard,West,20,45,0.0,900.0
2025-01-15,Keyboard,North,24,45,0.1,972.0
2025-01-15,Keyboard,South,16,45,0.0,720.0
2025-01-15,Keyboard,East,11,45,0.0,495.0
2025-01-15,Mouse,West,30,25,0.05,712.5
2025-01-15,Mouse,North,40,25,0.0,1000.0
2025-01-15,Mouse,South,19,25,0.0,475.0
2025-01-15,Mouse,East,29,25,0.05,688.75
2025-01-15,Headset,West,10,60,0.05,570.0
2025-01-15,Headset,North,11,60,0.0,660.0
2025-01-15,Headset,South,10,60,0.0,600.0
2025-01-15,Headset,East,13,60,0.05,741.0
2025-01-15,Printer,West,2,180,0.05,342.0
2025-01-15,Printer,North,7,180,0.0,1260.0
2025-01-15,Printer,South,5,180,0.0,900.0
2025-01-15,Printer,East,7,180,0.0,1260.0
2025-01-15,Router,West,18,80,0.0,1440.0
2025-01-15,Router,North,16,80,0.05,1216.0
2025-01-15,Router,South,16,80,0.05,1216.0
2025-01-15,Router,East,18,80,0.05,1368.0
2025-01-15,Webcam,West,12,55,0.05,627.0
2025-01-15,Webcam,North,3,55,0.0,165.0
2025-01-15,Webcam,South,9,55,0.05,470.25
2025-01-15,Webcam,East,9,55,0.1,445.5
2025-01-16,Laptop,West,12,650,0.05,7410.0
2025-01-16,Laptop,North,3,650,0.1,1755.0
2025-01-16,Laptop,South,12,650,0.1,7020.0
2025-01-16,Laptop,East,8,650,0.0,5200.0
2025-01-16,Monitor,West,19,220,0.0,4180.0
2025-01-16,Monitor,North,9,220,0.1,1782.0
2025-01-16,Monitor,South,7,220,0.1,1386.0
2025-01-16,Monitor,East,11,220,0.15,2057.0
2025-01-16,Keyboard,West,18,45,0.0,810.0
2025-01-16,Keyboard,North,15,45,0.05,641.25
2025-01-16,Keyboard,South,29,45,0.05,1239.75
2025-01-16,Keyboard,East,19,45,0.0,855.0
2025-01-16,Mouse,West,34,25,0.0,850.0
2025-01-16,Mouse,North,24,25,0.1,540.0
2025-01-16,Mouse,South,22,25,0.05,522.5
2025-01-16,Mouse,East,18,25,0.05,427.5
2025-01-16,Headset,West,10,60,0.05,570.0
2025-01-16,Headset,North,21,60,0.0,1260.0
2025-01-16,Headset,South,12,60,0.05,684.0
2025-01-16,Headset,East,16,60,0.05,912.0
2025-01-16,Printer,West,13,180,0.0,2340.0
2025-01-16,Printer,North,10,180,0.05,1710.0
2025-01-16,Printer,South,3,180,0.05,513.0
2025-01-16,Printer,East,8,180,0.05,1368.0
2025-01-16,Router,West,22,80,0.1,1584.0
2025-01-16,Router,North,15,80,0.0,1200.0
2025-01-16,Router,South,18,80,0.0,1440.0
2025-01-16,Router,East,13,80,0.05,988.0
2025-01-16,Webcam,West,14,55,0.05,731.5
2025-01-16,Webcam,North,7,55,0.0,385.0
2025-01-16,Webcam,South,8,55,0.05,418.0
2025-01-16,Webcam,East,10,55,0.0,550.0
2025-01-17,Laptop,West,8,650,0.05,4940.0
2025-01-17,Laptop,North,8,650,0.05,4940.0
2025-01-17,Laptop,South,6,650,0.05,3705.0
2025-01-17,Laptop,East,8,650,0.0,5200.0
2025-01-17,Monitor,West,9,220,0.1,1782.0
2025-01-17,Monitor,North,17,220,0.0,3740.0
2025-01-17,Monitor,South,10,220,0.05,2090.0
2025-01-17,Monitor,East,19,220,0.1,3762.0
2025-01-17,Keyboard,West,17,45,0.15,650.25
2025-01-17,Keyboard,North,12,45,0.0,540.0
2025-01-17,Keyboard,South,24,45,0.0,1080.0
2025-01-17,Keyboard,East,19,45,0.0,855.0
2025-01-17,Mouse,West,32,25,0.05,760.0
2025-01-17,Mouse,North,22,25,0.0,550.0
2025-01-17,Mouse,South,19,25,0.05,451.25
2025-01-17,Mouse,East,23,25,0.0,575.0
2025-01-17,Headset,West,7,60,0.05,399.0
2025-01-17,Headset,North,14,60,0.0,840.0
2025-01-17,Headset,South,18,60,0.0,1080.0
2025-01-17,Headset,East,14,60,0.05,798.0
2025-01-17,Printer,West,7,180,0.1,1134.0
2025-01-17,Printer,North,10,180,0.1,1620.0
2025-01-17,Printer,South,2,180,0.0,360.0
2025-01-17,Printer,East,5,180,0.0,900.0
2025-01-17,Router,West,19,80,0.0,1520.0
2025-01-17,Router,North,10,80,0.0,800.0
2025-01-17,Router,South,17,80,0.0,1360.0
2025-01-17,Router,East,13,80,0.0,1040.0
2025-01-17,Webcam,West,11,55,0.0,605.0
2025-01-17,Webcam,North,13,55,0.05,679.25
2025-01-17,Webcam,South,12,55,0.0,660.0
2025-01-17,Webcam,East,5,55,0.0,275.0
2025-01-18,Laptop,West,5,650,0.0,3250.0
2025-01-18,Laptop,North,6,650,0.15,3315.0
2025-01-18,Laptop,South,10,650,0.05,6175.0
2025-01-18,Laptop,East,7,650,0.0,4550.0
2025-01-18,Monitor,West,17,220,0.05,3553.0
2025-01-18,Monitor,North,10,220,0.1,1980.0
2025-01-18,Monitor,South,6,220,0.05,1254.0
2025-01-18,Monitor,East,11,220,0.1,2178.0
2025-01-18,Keyboard,West,27,45,0.0,1215.0
2025-01-18,Keyboard,North,23,45,0.0,1035.0
2025-01-18,Keyboard,South,17,45,0.0,765.0
2025-01-18,Keyboard,East,16,45,0.1,648.0
2025-01-18,Mouse,West,28,25,0.15,595.0
2025-01-18,Mouse,North,17,25,0.0,425.0
2025-01-18,Mouse,South,22,25,0.0,550.0
2025-01-18,Mouse,East,25,25,0.0,625.0
2025-01-18,Headset,West,13,60,0.0,780.0
2025-01-18,Headset,North,12,60,0.05,684.0
2025-01-18,Headset,South,14,60,0.0,840.0
2025-01-18,Headset,East,15,60,0.0,900.0
2025-01-18,Printer,West,10,180,0.05,1710.0
2025-01-18,Printer,North,11,180,0.05,1881.0
2025-01-18,Printer,South,4,180,0.0,720.0
2025-01-18,Printer,East,6,180,0.05,1026.0
2025-01-18,Router,West,15,80,0.05,1140.0
2025-01-18,Router,North,18,80,0.05,1368.0
2025-01-18,Router,South,15,80,0.0,1200.0
2025-01-18,Router,East,11,80,0.0,880.0
2025-01-18,Webcam,West,12,55,0.05,627.0
2025-01-18,Webcam,North,8,55,0.0,440.0
2025-01-18,Webcam,South,4,55,0.05,209.0
2025-01-18,Webcam,East,13,55,0.05,679.25
2025-01-19,Laptop,West,7,650,0.0,4550.0
2025-01-19,Laptop,North,7,650,0.1,4095.0
2025-01-19,Laptop,South,11,650,0.0,7150.0
2025-01-19,Laptop,East,13,650,0.05,8027.5
2025-01-19,Monitor,West,14,220,0.0,3080.0
2025-01-19,Monitor,North,17,220,0.05,3553.0
2025-01-19,Monitor,South,12,220,0.0,2640.0
2025-01-19,Monitor,East,14,220,0.05,2926.0
2025-01-19,Keyboard,West,34,45,0.05,1453.5
2025-01-19,Keyboard,North,18,45,0.05,769.5
2025-01-19,Keyboard,South,18,45,0.0,810.0
2025-01-19,Keyboard,East,10,45,0.0,450.0
2025-01-19,Mouse,West,21,25,0.1,472.5
2025-01-19,Mouse,North,34,25,0.0,850.0
2025-01-19,Mouse,South,19,25,0.0,475.0
2025-01-19,Mouse,East,27,25,0.0,675.0
2025-01-19,Headset,West,13,60,0.15,663.0
2025-01-19,Headset,North,20,60,0.0,1200.0
2025-01-19,Headset,South,5,60,0.0,300.0
2025-01-19,Headset,East,13,60,0.0,780.0
2025-01-19,Printer,West,8,180,0.0,1440.0
2025-01-19,Printer,North,5,180,0.0,900.0
2025-01-19,Printer,South,5,180,0.05,855.0
2025-01-19,Printer,East,6,180,0.05,1026.0
2025-01-19,Router,West,14,80,0.0,1120.0
2025-01-19,Router,North,14,80,0.1,1008.0
2025-01-19,Router,South,6,80,0.05,456.0
2025-01-19,Router,East,18,80,0.05,1368.0
2025-01-19,Webcam,West,9,55,0.1,445.5
2025-01-19,Webcam,North,14,55,0.0,770.0
2025-01-19,Webcam,South,9,55,0.05,470.25
2025-01-19,Webcam,East,7,55,0.1,346.5
2025-01-20,Laptop,West,10,650,0.05,6175.0
2025-01-20,Laptop,North,5,650,0.1,2925.0
2025-01-20,Laptop,South,7,650,0.1,4095.0
2025-01-20,Laptop,East,6,650,0.1,3510.0
2025-01-20,Monitor,West,8,220,0.0,1760.0
2025-01-20,Monitor,North,13,220,0.1,2574.0
2025-01-20,Monitor,South,7,220,0.05,1463.0
2025-01-20,Monitor,East,4,220,0.05,836.0
2025-01-20,Keyboard,West,21,45,0.0,945.0
2025-01-20,Keyboard,North,15,45,0.05,641.25
2025-01-20,Keyboard,South,11,45,0.0,495.0
2025-01-20,Keyboard,East,15,45,0.1,607.5
2025-01-20,Mouse,West,29,25,0.0,725.0
2025-01-20,Mouse,North,31,25,0.05,736.25
2025-01-20,Mouse,South,22,25,0.0,550.0
2025-01-20,Mouse,East,34,25,0.1,765.0
2025-01-20,Headset,West,11,60,0.0,660.0
2025-01-20,Headset,North,19,60,0.05,1083.0
2025-01-20,Headset,South,13,60,0.1,702.0
2025-01-20,Headset,East,16,60,0.0,960.0
2025-01-20,Printer,West,7,180,0.0,1260.0
2025-01-20,Printer,North,8,180,0.0,1440.0
2025-01-20,Printer,South,5,180,0.0,900.0
2025-01-20,Printer,East,9,180,0.0,1620.0
2025-01-20,Router,West,19,80,0.0,1520.0
2025-01-20,Router,North,21,80,0.05,1596.0
2025-01-20,Router,South,11,80,0.0,880.0
2025-01-20,Router,East,14,80,0.1,1008.0
2025-01-20,Webcam,West,11,55,0.05,574.75
2025-01-20,Webcam,North,12,55,0.05,627.0
2025-01-20,Webcam,South,6,55,0.05,313.5
2025-01-20,Webcam,East,10,55,0.15,467.5
2025-01-21,Laptop,West,7,650,0.0,4550.0
2025-01-21,Laptop,North,10,650,0.05,6175.0
2025-01-21,Laptop,South,9,650,0.0,5850.0
2025-01-21,Laptop,East,8,650,0.1,4680.0
2025-01-21,Monitor,West,16,220,0.05,3344.0
2025-01-21,Monitor,North,9,220,0.0,1980.0
2025-01-21,Monitor,South,11,220,0.0,2420.0
2025-01-21,Monitor,East,6,220,0.1,1188.0
2025-01-21,Keyboard,West,24,45,0.0,1080.0
2025-01-21,Keyboard,North,20,45,0.1,810.0
2025-01-21,Keyboard,South,22,45,0.0,990.0
2025-01-21,Keyboard,East,17,45,0.0,765.0
2025-01-21,Mouse,West,29,25,0.05,688.75
2025-01-21,Mouse,North,17,25,0.0,425.0
2025-01-21,Mouse,South,25,25,0.05,593.75
2025-01-21,Mouse,East,30,25,0.0,750.0
2025-01-21,Headset,West,18,60,0.05,1026.0
2025-01-21,Headset,North,12,60,0.1,648.0
2025-01-21,Headset,South,12,60,0.0,720.0
2025-01-21,Headset,East,12,60,0.0,720.0
2025-01-21,Printer,West,6,180,0.0,1080.0
2025-01-21,Printer,North,5,180,0.05,855.0
2025-01-21,Printer,South,6,180,0.05,1026.0
2025-01-21,Printer,East,7,180,0.05,1197.0
2025-01-21,Router,West,16,80,0.0,1280.0
2025-01-21,Router,North,14,80,0.1,1008.0
2025-01-21,Router,South,7,80,0.0,560.0
2025-01-21,Router,East,17,80,0.0,1360.0
2025-01-21,Webcam,West,22,55,0.0,1210.0
2025-01-21,Webcam,North,7,55,0.05,365.75
2025-01-21,Webcam,South,3,55,0.05,156.75
2025-01-21,Webcam,East,10,55,0.05,522.5
2025-01-22,Laptop,West,9,650,0.1,5265.0
2025-01-22,Laptop,North,7,650,0.0,4550.0
2025-01-22,Laptop,South,9,650,0.0,5850.0
2025-01-22,Laptop,East,5,650,0.0,3250.0
2025-01-22,Monitor,West,14,220,0.05,2926.0
2025-01-22,Monitor,North,16,220,0.0,3520.0
2025-01-22,Monitor,South,12,220,0.15,2244.0
2025-01-22,Monitor,East,13,220,0.1,2574.0
2025-01-22,Keyboard,West,19,45,0.05,812.25
2025-01-22,Keyboard,North,18,45,0.0,810.0
2025-01-22,Keyboard,South,18,45,0.0,810.0
2025-01-22,Keyboard,East,29,45,0.1,1174.5
2025-01-22,Mouse,West,32,25,0.0,800.0
2025-01-22,Mouse,North,32,25,0.1,720.0
2025-01-22,Mouse,South,19,25,0.0,475.0
2025-01-22,Mouse,East,35,25,0.0,875.0
2025-01-22,Headset,West,19,60,0.05,1083.0
2025-01-22,Headset,North,14,60,0.05,798.0
2025-01-22,Headset,South,12,60,0.0,720.0
2025-01-22,Headset,East,17,60,0.05,969.0
2025-01-22,Printer,West,5,180,0.05,855.0
2025-01-22,Printer,North,6,180,0.05,1026.0
2025-01-22,Printer,South,1,180,0.0,180.0
2025-01-22,Printer,East,4,180,0.0,720.0
2025-01-22,Router,West,18,80,0.05,1368.0
2025-01-22,Router,North,8,80,0.05,608.0
2025-01-22,Router,South,12,80,0.0,960.0
2025-01-22,Router,East,11,80,0.0,880.0
2025-01-22,Webcam,West,11,55,0.1,544.5
2025-01-22,Webcam,North,6,55,0.0,330.0
2025-01-22,Webcam,South,8,55,0.0,440.0
2025-01-22,Webcam,East,15,55,0.0,825.0
2025-01-23,Laptop,West,4,650,0.05,2470.0
2025-01-23,Laptop,North,7,650,0.0,4550.0
2025-01-23,Laptop,South,6,650,0.0,3900.0
2025-01-23,Laptop,East,13,650,0.0,8450.0
2025-01-23,Monitor,West,14,220,0.05,2926.0
2025-01-23,Monitor,North,13,220,0.1,2574.0
2025-01-23,Monitor,South,9,220,0.0,1980.0
2025-01-23,Monitor,East,6,220,0.05,1254.0
2025-01-23,Keyboard,West,23,45,0.0,1035.0
2025-01-23,Keyboard,North,13,45,0.05,555.75
2025-01-23,Keyboard,South,14,45,0.1,567.0
2025-01-23,Keyboard,East,23,45,0.0,1035.0
2025-01-23,Mouse,West,36,25,0.05,855.0
2025-01-23,Mouse,North,25,25,0.05,593.75
2025-01-23,Mouse,South,19,25,0.05,451.25
2025-01-23,Mouse,East,26,25,0.0,650.0
2025-01-23,Headset,West,12,60,0.1,648.0
2025-01-23,Headset,North,15,60,0.05,855.0
2025-01-23,Headset,South,10,60,0.05,570.0
2025-01-23,Headset,East,10,60,0.05,570.0
2025-01-23,Printer,West,6,180,0.15,918.0
2025-01-23,Printer,North,6,180,0.05,1026.0
2025-01-23,Printer,South,7,180,0.05,1197.0
2025-01-23,Printer,East,6,180,0.05,1026.0
2025-01-23,Router,West,13,80,0.05,988.0
2025-01-23,Router,North,16,80,0.05,1216.0
2025-01-23,Router,South,12,80,0.05,912.0
2025-01-23,Router,East,9,80,0.1,648.0
2025-01-23,Webcam,West,10,55,0.0,550.0
2025-01-23,Webcam,North,9,55,0.05,470.25
2025-01-23,Webcam,South,9,55,0.0,495.0
2025-01-23,Webcam,East,10,55,0.1,495.0
2025-01-24,Laptop,West,9,650,0.0,5850.0
2025-01-24,Laptop,North,8,650,0.1,4680.0
2025-01-24,Laptop,South,14,650,0.05,8645.0
2025-01-24,Laptop,East,7,650,0.0,4550.0
2025-01-24,Monitor,West,8,220,0.0,1760.0
2025-01-24,Monitor,North,10,220,0.0,2200.0
2025-01-24,Monitor,South,7,220,0.05,1463.0
2025-01-24,Monitor,East,12,220,0.05,2508.0
2025-01-24,Keyboard,West,34,45,0.0,1530.0
2025-01-24,Keyboard,North,9,45,0.05,384.75
2025-01-24,Keyboard,South,19,45,0.1,769.5
2025-01-24,Keyboard,East,25,45,0.0,1125.0
2025-01-24,Mouse,West,25,25,0.0,625.0
2025-01-24,Mouse,North,27,25,0.0,675.0
2025-01-24,Mouse,South,35,25,0.0,875.0
2025-01-24,Mouse,East,29,25,0.0,725.0
2025-01-24,Headset,West,17,60,0.0,1020.0
2025-01-24,Headset,North,13,60,0.0,780.0
2025-01-24,Headset,South,10,60,0.0,600.0
2025-01-24,Headset,East,22,60,0.05,1254.0
2025-01-24,Printer,West,4,180,0.1,648.0
2025-01-24,Printer,North,6,180,0.1,972.0
2025-01-24,Printer,South,8,180,0.1,1296.0
2025-01-24,Printer,East,9,180,0.0,1620.0
2025-01-24,Router,West,18,80,0.05,1368.0
2025-01-24,Router,North,17,80,0.0,1360.0
2025-01-24,Router,South,12,80,0.05,912.0
2025-01-24,Router,East,15,80,0.05,1140.0
2025-01-24,Webcam,West,12,55,0.05,627.0
2025-01-24,Webcam,North,8,55,0.05,418.0
2025-01-24,Webcam,South,10,55,0.0,550.0
2025-01-24,Webcam,East,10,55,0.05,522.5
2025-01-25,Laptop,West,7,650,0.0,4550.0
2025-01-25,Laptop,North,10,650,0.1,5850.0
2025-01-25,Laptop,South,5,650,0.05,3087.5
2025-01-25,Laptop,East,6,650,0.0,3900.0
2025-01-25,Monitor,West,10,220,0.1,1980.0
2025-01-25,Monitor,North,12,220,0.1,2376.0
2025-01-25,Monitor,South,10,220,0.1,1980.0
2025-01-25,Monitor,East,4,220,0.1,792.0
2025-01-25,Keyboard,West,19,45,0.0,855.0
2025-01-25,Keyboard,North,25,45,0.05,1068.75
2025-01-25,Keyboard,South,14,45,0.1,567.0
2025-01-25,Keyboard,East,18,45,0.0,810.0
2025-01-25,Mouse,West,42,25,0.1,945.0
2025-01-25,Mouse,North,31,25,0.15,658.75
2025-01-25,Mouse,South,23,25,0.05,546.25
2025-01-25,Mouse,East,32,25,0.0,800.0
2025-01-25,Headset,West,15,60,0.0,900.0
2025-01-25,Headset,North,14,60,0.0,840.0
2025-01-25,Headset,South,11,60,0.0,660.0
2025-01-25,Headset,East,12,60,0.1,648.0
2025-01-25,Printer,West,6,180,0.0,1080.0
2025-01-25,Printer,North,8,180,0.05,1368.0
2025-01-25,Printer,South,7,180,0.1,1134.0
2025-01-25,Printer,East,10,180,0.05,1710.0
2025-01-25,Router,West,20,80,0.0,1600.0
2025-01-25,Router,North,20,80,0.0,1600.0
2025-01-25,Router,South,16,80,0.1,1152.0
2025-01-25,Router,East,14,80,0.1,1008.0
2025-01-25,Webcam,West,12,55,0.05,627.0
2025-01-25,Webcam,North,14,55,0.1,693.0
2025-01-25,Webcam,South,9,55,0.0,495.0
2025-01-25,Webcam,East,9,55,0.05,470.25
2025-01-26,Laptop,West,10,650,0.0,6500.0
2025-01-26,Laptop,North,12,650,0.1,7020.0
2025-01-26,Laptop,South,4,650,0.0,2600.0
2025-01-26,Laptop,East,9,650,0.05,5557.5
2025-01-26,Monitor,West,11,220,0.05,2299.0
2025-01-26,Monitor,North,13,220,0.0,2860.0
2025-01-26,Monitor,South,5,220,0.1,990.0
2025-01-26,Monitor,East,10,220,0.05,2090.0
2025-01-26,Keyboard,West,22,45,0.1,891.0
2025-01-26,Keyboard,North,23,45,0.05,983.25
2025-01-26,Keyboard,South,11,45,0.0,495.0
2025-01-26,Keyboard,East,18,45,0.0,810.0
2025-01-26,Mouse,West,28,25,0.0,700.0
2025-01-26,Mouse,North,17,25,0.05,403.75
2025-01-26,Mouse,South,21,25,0.0,525.0
2025-01-26,Mouse,East,28,25,0.0,700.0
2025-01-26,Headset,West,24,60,0.0,1440.0
2025-01-26,Headset,North,11,60,0.0,660.0
2025-01-26,Headset,South,15,60,0.05,855.0
2025-01-26,Headset,East,8,60,0.1,432.0
2025-01-26,Printer,West,7,180,0.1,1134.0
2025-01-26,Printer,North,7,180,0.0,1260.0
2025-01-26,Printer,South,5,180,0.0,900.0
2025-01-26,Printer,East,7,180,0.0,1260.0
2025-01-26,Router,West,16,80,0.0,1280.0
2025-01-26,Router,North,13,80,0.0,1040.0
2025-01-26,Router,South,9,80,0.0,720.0
2025-01-26,Router,East,19,80,0.05,1444.0
2025-01-26,Webcam,West,8,55,0.1,396.0
2025-01-26,Webcam,North,10,55,0.1,495.0
2025-01-26,Webcam,South,8,55,0.1,396.0
2025-01-26,Webcam,East,7,55,0.1,346.5
2025-01-27,Laptop,West,7,650,0.0,4550.0
2025-01-27,Laptop,North,6,650,0.1,3510.0
2025-01-27,Laptop,South,2,650,0.0,1300.0
2025-01-27,Laptop,East,10,650,0.1,5850.0
2025-01-27,Monitor,West,10,220,0.1,1980.0
2025-01-27,Monitor,North,13,220,0.1,2574.0
2025-01-27,Monitor,South,9,220,0.05,1881.0
2025-01-27,Monitor,East,10,220,0.05,2090.0
2025-01-27,Keyboard,West,26,45,0.0,1170.0
2025-01-27,Keyboard,North,19,45,0.0,855.0
2025-01-27,Keyboard,South,19,45,0.1,769.5
2025-01-27,Keyboard,East,26,45,0.0,1170.0
2025-01-27,Mouse,West,29,25,0.05,688.75
2025-01-27,Mouse,North,31,25,0.05,736.25
2025-01-27,Mouse,South,19,25,0.05,451.25
2025-01-27,Mouse,East,23,25,0.05,546.25
2025-01-27,Headset,West,15,60,0.15,765.0
2025-01-27,Headset,North,12,60,0.1,648.0
2025-01-27,Headset,South,12,60,0.0,720.0
2025-01-27,Headset,East,13,60,0.0,780.0
2025-01-27,Printer,West,1,180,0.15,153.0
2025-01-27,Printer,North,11,180,0.05,1881.0
2025-01-27,Printer,South,3,180,0.1,486.0
2025-01-27,Printer,East,9,180,0.0,1620.0
2025-01-27,Router,West,13,80,0.05,988.0
2025-01-27,Router,North,17,80,0.0,1360.0
2025-01-27,Router,South,5,80,0.05,380.0
2025-01-27,Router,East,21,80,0.0,1680.0
2025-01-27,Webcam,West,17,55,0.0,935.0
2025-01-27,Webcam,North,7,55,0.0,385.0
2025-01-27,Webcam,South,14,55,0.1,693.0
2025-01-27,Webcam,East,7,55,0.0,385.0
2025-01-28,Laptop,West,11,650,0.0,7150.0
2025-01-28,Laptop,North,7,650,0.05,4322.5
2025-01-28,Laptop,South,4,650,0.1,2340.0
2025-01-28,Laptop,East,6,650,0.0,3900.0
2025-01-28,Monitor,West,7,220,0.0,1540.0
2025-01-28,Monitor,North,15,220,0.0,3300.0
2025-01-28,Monitor,South,7,220,0.0,1540.0
2025-01-28,Monitor,East,12,220,0.0,2640.0
2025-01-28,Keyboard,West,24,45,0.05,1026.0
2025-01-28,Keyboard,North,23,45,0.0,1035.0
2025-01-28,Keyboard,South,25,45,0.05,1068.75
2025-01-28,Keyboard,East,28,45,0.05,1197.0
2025-01-28,Mouse,West,27,25,0.1,607.5
2025-01-28,Mouse,North,28,25,0.0,700.0
2025-01-28,Mouse,South,22,25,0.0,550.0
2025-01-28,Mouse,East,30,25,0.05,712.5
2025-01-28,Headset,West,18,60,0.1,972.0
2025-01-28,Headset,North,14,60,0.0,840.0
2025-01-28,Headset,South,9,60,0.1,486.0
2025-01-28,Headset,East,13,60,0.05,741.0
2025-01-28,Printer,West,5,180,0.0,900.0
2025-01-28,Printer,North,4,180,0.0,720.0
2025-01-28,Printer,South,8,180,0.1,1296.0
2025-01-28,Printer,East,12,180,0.0,2160.0
2025-01-28,Router,West,16,80,0.0,1280.0
2025-01-28,Router,North,14,80,0.0,1120.0
2025-01-28,Router,South,18,80,0.1,1296.0
2025-01-28,Router,East,12,80,0.1,864.0
2025-01-28,Webcam,West,10,55,0.0,550.0
2025-01-28,Webcam,North,7,55,0.0,385.0
2025-01-28,Webcam,South,9,55,0.05,470.25
2025-01-28,Webcam,East,12,55,0.0,660.0
2025-01-29,Laptop,West,16,650,0.05,9880.0
2025-01-29,Laptop,North,9,650,0.1,5265.0
2025-01-29,Laptop,South,6,650,0.0,3900.0
2025-01-29,Laptop,East,11,650,0.05,6792.5
2025-01-29,Monitor,West,10,220,0.0,2200.0
2025-01-29,Monitor,North,6,220,0.05,1254.0
2025-01-29,Monitor,South,6,220,0.05,1254.0
2025-01-29,Monitor,East,11,220,0.1,2178.0
2025-01-29,Keyboard,West,29,45,0.05,1239.75
2025-01-29,Keyboard,North,27,45,0.05,1154.25
2025-01-29,Keyboard,South,17,45,0.15,650.25
2025-01-29,Keyboard,East,15,45,0.0,675.0
2025-01-29,Mouse,West,27,25,0.15,573.75
2025-01-29,Mouse,North,16,25,0.0,400.0
2025-01-29,Mouse,South,18,25,0.05,427.5
2025-01-29,Mouse,East,24,25,0.0,600.0
2025-01-29,Headset,West,13,60,0.1,702.0
2025-01-29,Headset,North,11,60,0.1,594.0
2025-01-29,Headset,South,19,60,0.0,1140.0
2025-01-29,Headset,East,23,60,0.0,1380.0
2025-01-29,Printer,West,9,180,0.15,1377.0
2025-01-29,Printer,North,11,180,0.0,1980.0
2025-01-29,Printer,South,8,180,0.0,1440.0
2025-01-29,Printer,East,3,180,0.05,513.0
2025-01-29,Router,West,18,80,0.0,1440.0
2025-01-29,Router,North,16,80,0.05,1216.0
2025-01-29,Router,South,16,80,0.0,1280.0
2025-01-29,Router,East,15,80,0.1,1080.0
2025-01-29,Webcam,West,19,55,0.0,1045.0
2025-01-29,Webcam,North,9,55,0.0,495.0
2025-01-29,Webcam,South,9,55,0.15,420.75
2025-01-29,Webcam,East,8,55,0.05,418.0
2025-01-30,Laptop,West,11,650,0.05,6792.5
2025-01-30,Laptop,North,5,650,0.1,2925.0
2025-01-30,Laptop,South,5,650,0.0,3250.0
2025-01-30,Laptop,East,8,650,0.0,5200.0
2025-01-30,Monitor,West,10,220,0.0,2200.0
2025-01-30,Monitor,North,8,220,0.1,1584.0
2025-01-30,Monitor,South,7,220,0.0,1540.0
2025-01-30,Monitor,East,10,220,0.1,1980.0
2025-01-30,Keyboard,West,20,45,0.0,900.0
2025-01-30,Keyboard,North,19,45,0.05,812.25
2025-01-30,Keyboard,South,20,45,0.1,810.0
2025-01-30,Keyboard,East,15,45,0.05,641.25
2025-01-30,Mouse,West,27,25,0.0,675.0
2025-01-30,Mouse,North,28,25,0.05,665.0
2025-01-30,Mouse,South,26,25,0.0,650.0
2025-01-30,Mouse,East,24,25,0.0,600.0
2025-01-30,Headset,West,11,60,0.0,660.0
2025-01-30,Headset,North,10,60,0.0,600.0
2025-01-30,Headset,South,14,60,0.1,756.0
2025-01-30,Headset,East,17,60,0.0,1020.0
2025-01-30,Printer,West,8,180,0.0,1440.0
2025-01-30,Printer,North,6,180,0.0,1080.0
2025-01-30,Printer,South,8,180,0.0,1440.0
2025-01-30,Printer,East,3,180,0.0,540.0
2025-01-30,Router,West,26,80,0.1,1872.0
2025-01-30,Router,North,18,80,0.05,1368.0
2025-01-30,Router,South,11,80,0.0,880.0
2025-01-30,Router,East,18,80,0.0,1440.0
2025-01-30,Webcam,West,17,55,0.0,935.0
2025-01-30,Webcam,North,11,55,0.15,514.25
2025-01-30,Webcam,South,9,55,0.0,495.0
2025-01-30,Webcam,East,11,55,0.1,544.5
2025-01-31,Laptop,West,9,650,0.0,5850.0
2025-01-31,Laptop,North,9,650,0.1,5265.0
2025-01-31,Laptop,South,7,650,0.1,4095.0
2025-01-31,Laptop,East,7,650,0.0,4550.0
2025-01-31,Monitor,West,13,220,0.0,2860.0
2025-01-31,Monitor,North,9,220,0.0,1980.0
2025-01-31,Monitor,South,8,220,0.0,1760.0
2025-01-31,Monitor,East,20,220,0.0,4400.0
2025-01-31,Keyboard,West,24,45,0.1,972.0
2025-01-31,Keyboard,North,22,45,0.0,990.0
2025-01-31,Keyboard,South,15,45,0.0,675.0
2025-01-31,Keyboard,East,32,45,0.05,1368.0
2025-01-31,Mouse,West,25,25,0.0,625.0
2025-01-31,Mouse,North,23,25,0.1,517.5
2025-01-31,Mouse,South,20,25,0.1,450.0
2025-01-31,Mouse,East,29,25,0.0,725.0
2025-01-31,Headset,West,17,60,0.0,1020.0
2025-01-31,Headset,North,15,60,0.1,810.0
2025-01-31,Headset,South,10,60,0.0,600.0
2025-01-31,Headset,East,11,60,0.05,627.0
2025-01-31,Printer,West,9,180,0.1,1458.0
2025-01-31,Printer,North,4,180,0.0,720.0
2025-01-31,Printer,South,4,180,0.05,684.0
2025-01-31,Printer,East,5,180,0.05,855.0
2025-01-31,Router,West,18,80,0.05,1368.0
2025-01-31,Router,North,17,80,0.0,1360.0
2025-01-31,Router,South,13,80,0.05,988.0
2025-01-31,Router,East,11,80,0.05,836.0
2025-01-31,Webcam,West,13,55,0.1,643.5
2025-01-31,Webcam,North,14,55,0.0,770.0
2025-01-31,Webcam,South,8,55,0.0,440.0
2025-01-31,Webcam,East,14,55,0.05,731.5
2025-02-01,Laptop,West,9,650,0.0,5850.0
2025-02-01,Laptop,North,7,650,0.15,3867.5
2025-02-01,Laptop,South,8,650,0.0,5200.0
2025-02-01,Laptop,East,10,650,0.0,6500.0
2025-02-01,Monitor,West,5,220,0.05,1045.0
2025-02-01,Monitor,North,17,220,0.1,3366.0
2025-02-01,Monitor,South,11,220,0.0,2420.0
2025-02-01,Monitor,East,15,220,0.1,2970.0
2025-02-01,Keyboard,West,21,45,0.05,897.75
2025-02-01,Keyboard,North,19,45,0.0,855.0
2025-02-01,Keyboard,South,14,45,0.05,598.5
2025-02-01,Keyboard,East,18,45,0.0,810.0
2025-02-01,Mouse,West,39,25,0.1,877.5
2025-02-01,Mouse,North,21,25,0.0,525.0
2025-02-01,Mouse,South,26,25,0.05,617.5
2025-02-01,Mouse,East,32,25,0.05,760.0
2025-02-01,Headset,West,12,60,0.05,684.0
2025-02-01,Headset,North,10,60,0.05,570.0
2025-02-01,Headset,South,16,60,0.0,960.0
2025-02-01,Headset,East,13,60,0.0,780.0
2025-02-01,Printer,West,12,180,0.05,2052.0
2025-02-01,Printer,North,8,180,0.0,1440.0
2025-02-01,Printer,South,7,180,0.0,1260.0
2025-02-01,Printer,East,6,180,0.15,918.0
2025-02-01,Router,West,13,80,0.0,1040.0
2025-02-01,Router,North,18,80,0.05,1368.0
2025-02-01,Router,South,7,80,0.0,560.0
2025-02-01,Router,East,19,80,0.0,1520.0
2025-02-01,Webcam,West,8,55,0.0,440.0
2025-02-01,Webcam,North,6,55,0.05,313.5
2025-02-01,Webcam,South,7,55,0.0,385.0
2025-02-01,Webcam,East,9,55,0.05,470.25
2025-02-02,Laptop,West,7,650,0.1,4095.0
2025-02-02,Laptop,North,7,650,0.15,3867.5
2025-02-02,Laptop,South,2,650,0.05,1235.0
2025-02-02,Laptop,East,7,650,0.05,4322.5
2025-02-02,Monitor,West,13,220,0.05,2717.0
2025-02-02,Monitor,North,7,220,0.0,1540.0
2025-02-02,Monitor,South,14,220,0.05,2926.0
2025-02-02,Monitor,East,12,220,0.0,2640.0
2025-02-02,Keyboard,West,28,45,0.0,1260.0
2025-02-02,Keyboard,North,12,45,0.1,486.0
2025-02-02,Keyboard,South,12,45,0.0,540.0
2025-02-02,Keyboard,East,22,45,0.1,891.0
2025-02-02,Mouse,West,27,25,0.0,675.0
2025-02-02,Mouse,North,29,25,0.0,725.0
2025-02-02,Mouse,South,19,25,0.1,427.5
2025-02-02,Mouse,East,21,25,0.1,472.5
2025-02-02,Headset,West,23,60,0.15,1173.0
2025-02-02,Headset,North,13,60,0.1,702.0
2025-02-02,Headset,South,12,60,0.05,684.0
2025-02-02,Headset,East,13,60,0.05,741.0
2025-02-02,Printer,West,6,180,0.1,972.0
2025-02-02,Printer,North,4,180,0.0,720.0
2025-02-02,Printer,South,7,180,0.05,1197.0
2025-02-02,Printer,East,4,180,0.1,648.0
2025-02-02,Router,West,16,80,0.0,1280.0
2025-02-02,Router,North,18,80,0.1,1296.0
2025-02-02,Router,South,12,80,0.0,960.0
2025-02-02,Router,East,22,80,0.0,1760.0
2025-02-02,Webcam,West,11,55,0.0,605.0
2025-02-02,Webcam,North,12,55,0.0,660.0
2025-02-02,Webcam,South,10,55,0.0,550.0
2025-02-02,Webcam,East,5,55,0.1,247.5
2025-02-03,Laptop,West,11,650,0.05,6792.5
2025-02-03,Laptop,North,11,650,0.0,7150.0
2025-02-03,Laptop,South,6,650,0.0,3900.0
2025-02-03,Laptop,East,7,650,0.0,4550.0
2025-02-03,Monitor,West,14,220,0.1,2772.0
2025-02-03,Monitor,North,11,220,0.05,2299.0
2025-02-03,Monitor,South,7,220,0.1,1386.0
2025-02-03,Monitor,East,15,220,0.0,3300.0
2025-02-03,Keyboard,West,17,45,0.05,726.75
2025-02-03,Keyboard,North,22,45,0.0,990.0
2025-02-03,Keyboard,South,23,45,0.0,1035.0
2025-02-03,Keyboard,East,24,45,0.1,972.0
2025-02-03,Mouse,West,34,25,0.1,765.0
2025-02-03,Mouse,North,23,25,0.0,575.0
2025-02-03,Mouse,South,14,25,0.0,350.0
2025-02-03,Mouse,East,27,25,0.1,607.5
2025-02-03,Headset,West,19,60,0.0,1140.0
2025-02-03,Headset,North,12,60,0.1,648.0
2025-02-03,Headset,South,14,60,0.0,840.0
2025-02-03,Headset,East,8,60,0.0,480.0
2025-02-03,Printer,West,14,180,0.05,2394.0
2025-02-03,Printer,North,7,180,0.0,1260.0
2025-02-03,Printer,South,2,180,0.05,342.0
2025-02-03,Printer,East,8,180,0.05,1368.0
2025-02-03,Router,West,15,80,0.0,1200.0
2025-02-03,Router,North,22,80,0.05,1672.0
2025-02-03,Router,South,15,80,0.0,1200.0
2025-02-03,Router,East,14,80,0.0,1120.0
2025-02-03,Webcam,West,15,55,0.1,742.5
2025-02-03,Webcam,North,14,55,0.05,731.5
2025-02-03,Webcam,South,12,55,0.05,627.0
2025-02-03,Webcam,East,8,55,0.1,396.0
2025-02-04,Laptop,West,12,650,0.05,7410.0
2025-02-04,Laptop,North,5,650,0.0,3250.0
2025-02-04,Laptop,South,5,650,0.05,3087.5
2025-02-04,Laptop,East,8,650,0.05,4940.0
2025-02-04,Monitor,West,17,220,0.0,3740.0
2025-02-04,Monitor,North,12,220,0.0,2640.0
2025-02-04,Monitor,South,10,220,0.0,2200.0
2025-02-04,Monitor,East,11,220,0.05,2299.0
2025-02-04,Keyboard,West,21,45,0.05,897.75
2025-02-04,Keyboard,North,25,45,0.0,1125.0
2025-02-04,Keyboard,South,14,45,0.05,598.5
2025-02-04,Keyboard,East,27,45,0.05,1154.25
2025-02-04,Mouse,West,31,25,0.05,736.25
2025-02-04,Mouse,North,31,25,0.05,736.25
2025-02-04,Mouse,South,17,25,0.1,382.5
2025-02-04,Mouse,East,25,25,0.0,625.0
2025-02-04,Headset,West,14,60,0.05,798.0
2025-02-04,Headset,North,18,60,0.1,972.0
2025-02-04,Headset,South,10,60,0.05,570.0
2025-02-04,Headset,East,21,60,0.0,1260.0
2025-02-04,Printer,West,10,180,0.0,1800.0
2025-02-04,Printer,North,11,180,0.05,1881.0
2025-02-04,Printer,South,3,180,0.0,540.0
2025-02-04,Printer,East,6,180,0.05,1026.0
2025-02-04,Router,West,17,80,0.1,1224.0
2025-02-04,Router,North,11,80,0.0,880.0
2025-02-04,Router,South,5,80,0.0,400.0
2025-02-04,Router,East,13,80,0.0,1040.0
2025-02-04,Webcam,West,12,55,0.1,594.0
2025-02-04,Webcam,North,14,55,0.0,770.0
2025-02-04,Webcam,South,10,55,0.0,550.0
2025-02-04,Webcam,East,13,55,0.0,715.0
2025-02-05,Laptop,West,10,650,0.0,6500.0
2025-02-05,Laptop,North,14,650,0.0,9100.0
2025-02-05,Laptop,South,5,650,0.1,2925.0
2025-02-05,Laptop,East,7,650,0.05,4322.5
2025-02-05,Monitor,West,18,220,0.05,3762.0
2025-02-05,Monitor,North,20,220,0.05,4180.0
2025-02-05,Monitor,South,8,220,0.1,1584.0
2025-02-05,Monitor,East,14,220,0.0,3080.0
2025-02-05,Keyboard,West,19,45,0.0,855.0
2025-02-05,Keyboard,North,21,45,0.0,945.0
2025-02-05,Keyboard,South,20,45,0.0,900.0
2025-02-05,Keyboard,East,20,45,0.0,900.0
2025-02-05,Mouse,West,22,25,0.1,495.0
2025-02-05,Mouse,North,24,25,0.05,570.0
2025-02-05,Mouse,South,29,25,0.05,688.75
2025-02-05,Mouse,East,27,25,0.0,675.0
2025-02-05,Headset,West,11,60,0.05,627.0
2025-02-05,Headset,North,11,60,0.1,594.0
2025-02-05,Headset,South,15,60,0.0,900.0
2025-02-05,Headset,East,15,60,0.05,855.0
2025-02-05,Printer,West,7,180,0.1,1134.0
2025-02-05,Printer,North,3,180,0.05,513.0
2025-02-05,Printer,South,5,180,0.05,855.0
2025-02-05,Printer,East,8,180,0.05,1368.0
2025-02-05,Router,West,18,80,0.0,1440.0
2025-02-05,Router,North,22,80,0.0,1760.0
2025-02-05,Router,South,13,80,0.1,936.0
2025-02-05,Router,East,16,80,0.0,1280.0
2025-02-05,Webcam,West,10,55,0.1,495.0
2025-02-05,Webcam,North,9,55,0.0,495.0
2025-02-05,Webcam,South,10,55,0.0,550.0
2025-02-05,Webcam,East,14,55,0.0,770.0
2025-02-06,Laptop,West,11,650,0.05,6792.5
2025-02-06,Laptop,North,7,650,0.0,4550.0
2025-02-06,Laptop,South,10,650,0.0,6500.0
2025-02-06,Laptop,East,12,650,0.1,7020.0
2025-02-06,Monitor,West,17,220,0.0,3740.0
2025-02-06,Monitor,North,10,220,0.0,2200.0
2025-02-06,Monitor,South,7,220,0.15,1309.0
2025-02-06,Monitor,East,15,220,0.0,3300.0
2025-02-06,Keyboard,West,32,45,0.0,1440.0
2025-02-06,Keyboard,North,29,45,0.0,1305.0
2025-02-06,Keyboard,South,19,45,0.05,812.25
2025-02-06,Keyboard,East,20,45,0.05,855.0
2025-02-06,Mouse,West,28,25,0.0,700.0
2025-02-06,Mouse,North,27,25,0.05,641.25
2025-02-06,Mouse,South,21,25,0.0,525.0
2025-02-06,Mouse,East,25,25,0.1,562.5
2025-02-06,Headset,West,28,60,0.1,1512.0
2025-02-06,Headset,North,11,60,0.1,594.0
2025-02-06,Headset,South,13,60,0.0,780.0
2025-02-06,Headset,East,11,60,0.05,627.0
2025-02-06,Printer,West,11,180,0.1,1782.0
2025-02-06,Printer,North,7,180,0.05,1197.0
2025-02-06,Printer,South,2,180,0.05,342.0
2025-02-06,Printer,East,7,180,0.0,1260.0
2025-02-06,Router,West,22,80,0.0,1760.0
2025-02-06,Router,North,20,80,0.05,1520.0
2025-02-06,Router,South,24,80,0.1,1728.0
2025-02-06,Router,East,12,80,0.05,912.0
2025-02-06,Webcam,West,6,55,0.1,297.0
2025-02-06,Webcam,North,9,55,0.1,445.5
2025-02-06,Webcam,South,9,55,0.0,495.0
2025-02-06,Webcam,East,12,55,0.1,594.0
2025-02-07,Laptop,West,11,650,0.1,6435.0
2025-02-07,Laptop,North,9,650,0.05,5557.5
2025-02-07,Laptop,South,8,650,0.0,5200.0
2025-02-07,Laptop,East,14,650,0.0,9100.0
2025-02-07,Monitor,West,12,220,0.0,2640.0
2025-02-07,Monitor,North,8,220,0.0,1760.0
2025-02-07,Monitor,South,12,220,0.1,2376.0
2025-02-07,Monitor,East,4,220,0.05,836.0
2025-02-07,Keyboard,West,25,45,0.0,1125.0
2025-02-07,Keyboard,North,22,45,0.05,940.5
2025-02-07,Keyboard,South,16,45,0.0,720.0
2025-02-07,Keyboard,East,21,45,0.1,850.5
2025-02-07,Mouse,West,32,25,0.1,720.0
2025-02-07,Mouse,North,35,25,0.0,875.0
2025-02-07,Mouse,South,26,25,0.0,650.0
2025-02-07,Mouse,East,29,25,0.0,725.0
2025-02-07,Headset,West,19,60,0.05,1083.0
2025-02-07,Headset,North,15,60,0.15,765.0
2025-02-07,Headset,South,12,60,0.15,612.0
2025-02-07,Headset,East,16,60,0.0,960.0
2025-02-07,Printer,West,7,180,0.05,1197.0
2025-02-07,Printer,North,6,180,0.1,972.0
2025-02-07,Printer,South,6,180,0.1,972.0
2025-02-07,Printer,East,7,180,0.05,1197.0
2025-02-07,Router,West,7,80,0.1,504.0
2025-02-07,Router,North,19,80,0.0,1520.0
2025-02-07,Router,South,14,80,0.0,1120.0
2025-02-07,Router,East,12,80,0.1,864.0
2025-02-07,Webcam,West,9,55,0.05,470.25
2025-02-07,Webcam,North,11,55,0.15,514.25
2025-02-07,Webcam,South,10,55,0.05,522.5
2025-02-07,Webcam,East,13,55,0.05,679.25
2025-02-08,Laptop,West,9,650,0.0,5850.0
2025-02-08,Laptop,North,13,650,0.05,8027.5
2025-02-08,Laptop,South,5,650,0.0,3250.0
2025-02-08,Laptop,East,10,650,0.1,5850.0
2025-02-08,Monitor,West,12,220,0.05,2508.0
2025-02-08,Monitor,North,12,220,0.0,2640.0
2025-02-08,Monitor,South,12,220,0.0,2640.0
2025-02-08,Monitor,East,17,220,0.0,3740.0
2025-02-08,Keyboard,West,35,45,0.0,1575.0
2025-02-08,Keyboard,North,11,45,0.0,495.0
2025-02-08,Keyboard,South,24,45,0.05,1026.0
2025-02-08,Keyboard,East,29,45,0.0,1305.0
2025-02-08,Mouse,West,32,25,0.1,720.0
2025-02-08,Mouse,North,18,25,0.05,427.5
2025-02-08,Mouse,South,33,25,0.05,783.75
2025-02-08,Mouse,East,37,25,0.05,878.75
2025-02-08,Headset,West,8,60,0.0,480.0
2025-02-08,Headset,North,21,60,0.05,1197.0
2025-02-08,Headset,South,14,60,0.05,798.0
2025-02-08,Headset,East,15,60,0.0,900.0
2025-02-08,Printer,West,11,180,0.15,1683.0
2025-02-08,Printer,North,10,180,0.05,1710.0
2025-02-08,Printer,South,4,180,0.05,684.0
2025-02-08,Printer,East,9,180,0.0,1620.0
2025-02-08,Router,West,19,80,0.05,1444.0
2025-02-08,Router,North,17,80,0.05,1292.0
2025-02-08,Router,South,14,80,0.1,1008.0
2025-02-08,Router,East,17,80,0.1,1224.0
2025-02-08,Webcam,West,10,55,0.05,522.5
2025-02-08,Webcam,North,7,55,0.0,385.0
2025-02-08,Webcam,South,9,55,0.1,445.5
2025-02-08,Webcam,East,8,55,0.0,440.0
2025-02-09,Laptop,West,14,650,0.1,8190.0
2025-02-09,Laptop,North,3,650,0.05,1852.5
2025-02-09,Laptop,South,11,650,0.05,6792.5
2025-02-09,Laptop,East,10,650,0.05,6175.0
2025-02-09,Monitor,West,12,220,0.0,2640.0
2025-02-09,Monitor,North,13,220,0.1,2574.0
2025-02-09,Monitor,South,4,220,0.0,880.0
2025-02-09,Monitor,East,11,220,0.0,2420.0
2025-02-09,Keyboard,West,29,45,0.0,1305.0
2025-02-09,Keyboard,North,24,45,0.05,1026.0
2025-02-09,Keyboard,South,9,45,0.05,384.75
2025-02-09,Keyboard,East,17,45,0.05,726.75
2025-02-09,Mouse,West,39,25,0.0,975.0
2025-02-09,Mouse,North,20,25,0.0,500.0
2025-02-09,Mouse,South,25,25,0.05,593.75
2025-02-09,Mouse,East,22,25,0.0,550.0
2025-02-09,Headset,West,21,60,0.1,1134.0
2025-02-09,Headset,North,17,60,0.1,918.0
2025-02-09,Headset,South,12,60,0.0,720.0
2025-02-09,Headset,East,11,60,0.05,627.0
2025-02-09,Printer,West,5,180,0.05,855.0
2025-02-09,Printer,North,6,180,0.0,1080.0
2025-02-09,Printer,South,9,180,0.05,1539.0
2025-02-09,Printer,East,5,180,0.1,810.0
2025-02-09,Router,West,14,80,0.05,1064.0
2025-02-09,Router,North,15,80,0.1,1080.0
2025-02-09,Router,South,14,80,0.05,1064.0
2025-02-09,Router,East,17,80,0.1,1224.0
2025-02-09,Webcam,West,13,55,0.0,715.0
2025-02-09,Webcam,North,11,55,0.0,605.0
2025-02-09,Webcam,South,9,55,0.0,495.0
2025-02-09,Webcam,East,21,55,0.0,1155.0
2025-02-10,Laptop,West,12,650,0.1,7020.0
2025-02-10,Laptop,North,7,650,0.05,4322.5
2025-02-10,Laptop,South,9,650,0.0,5850.0
2025-02-10,Laptop,East,9,650,0.0,5850.0
2025-02-10,Monitor,West,12,220,0.0,2640.0
2025-02-10,Monitor,North,9,220,0.05,1881.0
2025-02-10,Monitor,South,8,220,0.0,1760.0
2025-02-10,Monitor,East,8,220,0.1,1584.0
2025-02-10,Keyboard,West,19,45,0.0,855.0
2025-02-10,Keyboard,North,14,45,0.0,630.0
2025-02-10,Keyboard,South,12,45,0.0,540.0
2025-02-10,Keyboard,East,24,45,0.0,1080.0
2025-02-10,Mouse,West,35,25,0.05,831.25
2025-02-10,Mouse,North,27,25,0.05,641.25
2025-02-10,Mouse,South,27,25,0.0,675.0
2025-02-10,Mouse,East,25,25,0.0,625.0
2025-02-10,Headset,West,22,60,0.0,1320.0
2025-02-10,Headset,North,12,60,0.05,684.0
2025-02-10,Headset,South,13,60,0.1,702.0
2025-02-10,Headset,East,14,60,0.05,798.0
2025-02-10,Printer,West,5,180,0.0,900.0
2025-02-10,Printer,North,8,180,0.0,1440.0
2025-02-10,Printer,South,4,180,0.0,720.0
2025-02-10,Printer,East,8,180,0.05,1368.0
2025-02-10,Router,West,12,80,0.1,864.0
2025-02-10,Router,North,13,80,0.1,936.0
2025-02-10,Router,South,6,80,0.05,456.0
2025-02-10,Router,East,17,80,0.0,1360.0
2025-02-10,Webcam,West,13,55,0.05,679.25
2025-02-10,Webcam,North,11,55,0.0,605.0
2025-02-10,Webcam,South,9,55,0.0,495.0
2025-02-10,Webcam,East,7,55,0.1,346.5
2025-02-11,Laptop,West,8,650,0.05,4940.0
2025-02-11,Laptop,North,12,650,0.05,7410.0
2025-02-11,Laptop,South,6,650,0.05,3705.0
2025-02-11,Laptop,East,5,650,0.1,2925.0
2025-02-11,Monitor,West,15,220,0.0,3300.0
2025-02-11,Monitor,North,11,220,0.0,2420.0
2025-02-11,Monitor,South,12,220,0.0,2640.0
2025-02-11,Monitor,East,8,220,0.15,1496.0
2025-02-11,Keyboard,West,20,45,0.0,900.0
2025-02-11,Keyboard,North,21,45,0.0,945.0
2025-02-11,Keyboard,South,20,45,0.05,855.0
2025-02-11,Keyboard,East,19,45,0.0,855.0
2025-02-11,Mouse,West,30,25,0.0,750.0
2025-02-11,Mouse,North,25,25,0.15,531.25
2025-02-11,Mouse,South,24,25,0.05,570.0
2025-02-11,Mouse,East,23,25,0.05,546.25
2025-02-11,Headset,West,15,60,0.1,810.0
2025-02-11,Headset,North,13,60,0.0,780.0
2025-02-11,Headset,South,4,60,0.05,228.0
2025-02-11,Headset,East,6,60,0.05,342.0
2025-02-11,Printer,West,7,180,0.05,1197.0
2025-02-11,Printer,North,2,180,0.1,324.0
2025-02-11,Printer,South,7,180,0.1,1134.0
2025-02-11,Printer,East,11,180,0.05,1881.0
2025-02-11,Router,West,10,80,0.1,720.0
2025-02-11,Router,North,16,80,0.05,1216.0
2025-02-11,Router,South,17,80,0.0,1360.0
2025-02-11,Router,East,21,80,0.1,1512.0
2025-02-11,Webcam,West,9,55,0.1,445.5
2025-02-11,Webcam,North,12,55,0.05,627.0
2025-02-11,Webcam,South,7,55,0.05,365.75
2025-02-11,Webcam,East,13,55,0.1,643.5
2025-02-12,Laptop,West,7,650,0.0,4550.0
2025-02-12,Laptop,North,10,650,0.0,6500.0
2025-02-12,Laptop,South,5,650,0.1,2925.0
2025-02-12,Laptop,East,7,650,0.05,4322.5
2025-02-12,Monitor,West,11,220,0.05,2299.0
2025-02-12,Monitor,North,9,220,0.0,1980.0
2025-02-12,Monitor,South,12,220,0.0,2640.0
2025-02-12,Monitor,East,9,220,0.0,1980.0
2025-02-12,Keyboard,West,18,45,0.0,810.0
2025-02-12,Keyboard,North,19,45,0.05,812.25
2025-02-12,Keyboard,South,20,45,0.0,900.0
2025-02-12,Keyboard,East,14,45,0.05,598.5
2025-02-12,Mouse,West,36,25,0.0,900.0
2025-02-12,Mouse,North,25,25,0.0,625.0
2025-02-12,Mouse,South,25,25,0.0,625.0
2025-02-12,Mouse,East,37,25,0.1,832.5
2025-02-12,Headset,West,15,60,0.1,810.0
2025-02-12,Headset,North,14,60,0.0,840.0
2025-02-12,Headset,South,14,60,0.0,840.0
2025-02-12,Headset,East,21,60,0.0,1260.0
2025-02-12,Printer,West,4,180,0.0,720.0
2025-02-12,Printer,North,4,180,0.0,720.0
2025-02-12,Printer,South,3,180,0.05,513.0
2025-02-12,Printer,East,11,180,0.05,1881.0
2025-02-12,Router,West,11,80,0.0,880.0
2025-02-12,Router,North,12,80,0.0,960.0
2025-02-12,Router,South,14,80,0.05,1064.0
2025-02-12,Router,East,15,80,0.05,1140.0
2025-02-12,Webcam,West,11,55,0.05,574.75
2025-02-12,Webcam,North,13,55,0.1,643.5
2025-02-12,Webcam,South,6,55,0.05,313.5
2025-02-12,Webcam,East,10,55,0.0,550.0
2025-02-13,Laptop,West,6,650,0.0,3900.0
2025-02-13,Laptop,North,5,650,0.0,3250.0
2025-02-13,Laptop,South,3,650,0.1,1755.0
2025-02-13,Laptop,East,8,650,0.05,4940.0
2025-02-13,Monitor,West,18,220,0.1,3564.0
2025-02-13,Monitor,North,8,220,0.0,1760.0
2025-02-13,Monitor,South,9,220,0.05,1881.0
2025-02-13,Monitor,East,15,220,0.05,3135.0
2025-02-13,Keyboard,West,29,45,0.05,1239.75
2025-02-13,Keyboard,North,17,45,0.05,726.75
2025-02-13,Keyboard,South,14,45,0.1,567.0
2025-02-13,Keyboard,East,15,45,0.0,675.0
2025-02-13,Mouse,West,32,25,0.0,800.0
2025-02-13,Mouse,North,29,25,0.0,725.0
2025-02-13,Mouse,South,21,25,0.0,525.0
2025-02-13,Mouse,East,22,25,0.05,522.5
2025-02-13,Headset,West,18,60,0.0,1080.0
2025-02-13,Headset,North,21,60,0.1,1134.0
2025-02-13,Headset,South,15,60,0.0,900.0
2025-02-13,Headset,East,11,60,0.05,627.0
2025-02-13,Printer,West,8,180,0.05,1368.0
2025-02-13,Printer,North,6,180,0.1,972.0
2025-02-13,Printer,South,4,180,0.1,648.0
2025-02-13,Printer,East,4,180,0.0,720.0
2025-02-13,Router,West,20,80,0.1,1440.0
2025-02-13,Router,North,16,80,0.1,1152.0
2025-02-13,Router,South,17,80,0.05,1292.0
2025-02-13,Router,East,12,80,0.05,912.0
2025-02-13,Webcam,West,8,55,0.1,396.0
2025-02-13,Webcam,North,13,55,0.1,643.5
2025-02-13,Webcam,South,7,55,0.05,365.75
2025-02-13,Webcam,East,16,55,0.05,836.0
2025-02-14,Laptop,West,12,650,0.1,7020.0
2025-02-14,Laptop,North,9,650,0.05,5557.5
2025-02-14,Laptop,South,12,650,0.05,7410.0
2025-02-14,Laptop,East,9,650,0.15,4972.5
2025-02-14,Monitor,West,12,220,0.05,2508.0
2025-02-14,Monitor,North,7,220,0.0,1540.0
2025-02-14,Monitor,South,13,220,0.0,2860.0
2025-02-14,Monitor,East,9,220,0.05,1881.0
2025-02-14,Keyboard,West,25,45,0.1,1012.5
2025-02-14,Keyboard,North,18,45,0.05,769.5
2025-02-14,Keyboard,South,17,45,0.05,726.75
2025-02-14,Keyboard,East,24,45,0.0,1080.0
2025-02-14,Mouse,West,34,25,0.0,850.0
2025-02-14,Mouse,North,28,25,0.0,700.0
2025-02-14,Mouse,South,21,25,0.05,498.75
2025-02-14,Mouse,East,33,25,0.1,742.5
2025-02-14,Headset,West,21,60,0.05,1197.0
2025-02-14,Headset,North,19,60,0.0,1140.0
2025-02-14,Headset,South,11,60,0.1,594.0
2025-02-14,Headset,East,15,60,0.05,855.0
2025-02-14,Printer,West,10,180,0.05,1710.0
2025-02-14,Printer,North,5,180,0.0,900.0
2025-02-14,Printer,South,8,180,0.0,1440.0
2025-02-14,Printer,East,8,180,0.0,1440.0
2025-02-14,Router,West,25,80,0.0,2000.0
2025-02-14,Router,North,16,80,0.0,1280.0
2025-02-14,Router,South,10,80,0.0,800.0
2025-02-14,Router,East,15,80,0.15,1020.0
2025-02-14,Webcam,West,7,55,0.05,365.75
2025-02-14,Webcam,North,9,55,0.0,495.0
2025-02-14,Webcam,South,11,55,0.0,605.0
2025-02-14,Webcam,East,8,55,0.0,440.0
2025-02-15,Laptop,West,17,650,0.0,11050.0
2025-02-15,Laptop,North,9,650,0.0,5850.0
2025-02-15,Laptop,South,6,650,0.0,3900.0
2025-02-15,Laptop,East,5,650,0.05,3087.5
2025-02-15,Monitor,West,14,220,0.0,3080.0
2025-02-15,Monitor,North,8,220,0.1,1584.0
2025-02-15,Monitor,South,9,220,0.0,1980.0
2025-02-15,Monitor,East,7,220,0.05,1463.0
2025-02-15,Keyboard,West,19,45,0.1,769.5
2025-02-15,Keyboard,North,21,45,0.05,897.75
2025-02-15,Keyboard,South,21,45,0.05,897.75
2025-02-15,Keyboard,East,16,45,0.05,684.0
2025-02-15,Mouse,West,29,25,0.0,725.0
2025-02-15,Mouse,North,48,25,0.05,1140.0
2025-02-15,Mouse,South,24,25,0.0,600.0
2025-02-15,Mouse,East,35,25,0.0,875.0
2025-02-15,Headset,West,19,60,0.1,1026.0
2025-02-15,Headset,North,12,60,0.05,684.0
2025-02-15,Headset,South,10,60,0.0,600.0
2025-02-15,Headset,East,15,60,0.05,855.0
2025-02-15,Printer,West,7,180,0.05,1197.0
2025-02-15,Printer,North,3,180,0.05,513.0
2025-02-15,Printer,South,8,180,0.1,1296.0
2025-02-15,Printer,East,5,180,0.0,900.0
2025-02-15,Router,West,16,80,0.05,1216.0
2025-02-15,Router,North,15,80,0.0,1200.0
2025-02-15,Router,South,15,80,0.0,1200.0
2025-02-15,Router,East,22,80,0.0,1760.0
2025-02-15,Webcam,West,14,55,0.0,770.0
2025-02-15,Webcam,North,14,55,0.05,731.5
2025-02-15,Webcam,South,16,55,0.05,836.0
2025-02-15,Webcam,East,12,55,0.0,660.0
2025-02-16,Laptop,West,14,650,0.0,9100.0
2025-02-16,Laptop,North,6,650,0.0,3900.0
2025-02-16,Laptop,South,9,650,0.05,5557.5
2025-02-16,Laptop,East,10,650,0.05,6175.0
2025-02-16,Monitor,West,14,220,0.05,2926.0
2025-02-16,Monitor,North,13,220,0.0,2860.0
2025-02-16,Monitor,South,11,220,0.05,2299.0
2025-02-16,Monitor,East,8,220,0.0,1760.0
2025-02-16,Keyboard,West,23,45,0.0,1035.0
2025-02-16,Keyboard,North,20,45,0.0,900.0
2025-02-16,Keyboard,South,22,45,0.1,891.0
2025-02-16,Keyboard,East,16,45,0.0,720.0
2025-02-16,Mouse,West,27,25,0.0,675.0
2025-02-16,Mouse,North,25,25,0.15,531.25
2025-02-16,Mouse,South,22,25,0.0,550.0
2025-02-16,Mouse,East,31,25,0.1,697.5
2025-02-16,Headset,West,26,60,0.05,1482.0
2025-02-16,Headset,North,13,60,0.0,780.0
2025-02-16,Headset,South,14,60,0.0,840.0
2025-02-16,Headset,East,16,60,0.1,864.0
2025-02-16,Printer,West,7,180,0.05,1197.0
2025-02-16,Printer,North,11,180,0.0,1980.0
2025-02-16,Printer,South,6,180,0.05,1026.0
2025-02-16,Printer,East,3,180,0.1,486.0
2025-02-16,Router,West,26,80,0.1,1872.0
2025-02-16,Router,North,9,80,0.0,720.0
2025-02-16,Router,South,9,80,0.1,648.0
2025-02-16,Router,East,12,80,0.0,960.0
2025-02-16,Webcam,West,10,55,0.15,467.5
2025-02-16,Webcam,North,15,55,0.0,825.0
2025-02-16,Webcam,South,13,55,0.0,715.0
2025-02-16,Webcam,East,10,55,0.05,522.5
2025-02-17,Laptop,West,13,650,0.0,8450.0
2025-02-17,Laptop,North,13,650,0.1,7605.0
2025-02-17,Laptop,South,6,650,0.1,3510.0
2025-02-17,Laptop,East,14,650,0.1,8190.0
2025-02-17,Monitor,West,9,220,0.0,1980.0
2025-02-17,Monitor,North,9,220,0.1,1782.0
2025-02-17,Monitor,South,7,220,0.05,1463.0
2025-02-17,Monitor,East,16,220,0.05,3344.0
2025-02-17,Keyboard,West,26,45,0.0,1170.0
2025-02-17,Keyboard,North,19,45,0.05,812.25
2025-02-17,Keyboard,South,19,45,0.0,855.0
2025-02-17,Keyboard,East,22,45,0.0,990.0
2025-02-17,Mouse,West,36,25,0.0,900.0
2025-02-17,Mouse,North,27,25,0.05,641.25
2025-02-17,Mouse,South,21,25,0.1,472.5
2025-02-17,Mouse,East,28,25,0.15,595.0
2025-02-17,Headset,West,10,60,0.15,510.0
2025-02-17,Headset,North,23,60,0.0,1380.0
2025-02-17,Headset,South,8,60,0.1,432.0
2025-02-17,Headset,East,12,60,0.0,720.0
2025-02-17,Printer,West,6,180,0.1,972.0
2025-02-17,Printer,North,8,180,0.0,1440.0
2025-02-17,Printer,South,4,180,0.0,720.0
2025-02-17,Printer,East,7,180,0.0,1260.0
2025-02-17,Router,West,19,80,0.05,1444.0
2025-02-17,Router,North,11,80,0.1,792.0
2025-02-17,Router,South,22,80,0.05,1672.0
2025-02-17,Router,East,13,80,0.0,1040.0
2025-02-17,Webcam,West,12,55,0.0,660.0
2025-02-17,Webcam,North,13,55,0.05,679.25
2025-02-17,Webcam,South,6,55,0.05,313.5
2025-02-17,Webcam,East,8,55,0.05,418.0
2025-02-18,Laptop,West,11,650,0.05,6792.5
2025-02-18,Laptop,North,11,650,0.05,6792.5
2025-02-18,Laptop,South,13,650,0.0,8450.0
2025-02-18,Laptop,East,9,650,0.0,5850.0
2025-02-18,Monitor,West,14,220,0.0,3080.0
2025-02-18,Monitor,North,11,220,0.05,2299.0
2025-02-18,Monitor,South,10,220,0.0,2200.0
2025-02-18,Monitor,East,7,220,0.05,1463.0
2025-02-18,Keyboard,West,19,45,0.0,855.0
2025-02-18,Keyboard,North,16,45,0.0,720.0
2025-02-18,Keyboard,South,18,45,0.05,769.5
2025-02-18,Keyboard,East,22,45,0.0,990.0
2025-02-18,Mouse,West,38,25,0.0,950.0
2025-02-18,Mouse,North,27,25,0.0,675.0
2025-02-18,Mouse,South,22,25,0.0,550.0
2025-02-18,Mouse,East,42,25,0.15,892.5
2025-02-18,Headset,West,12,60,0.0,720.0
2025-02-18,Headset,North,11,60,0.05,627.0
2025-02-18,Headset,South,12,60,0.05,684.0
2025-02-18,Headset,East,8,60,0.1,432.0
2025-02-18,Printer,West,5,180,0.05,855.0
2025-02-18,Printer,North,9,180,0.0,1620.0
2025-02-18,Printer,South,5,180,0.05,855.0
2025-02-18,Printer,East,6,180,0.0,1080.0
2025-02-18,Router,West,24,80,0.05,1824.0
2025-02-18,Router,North,14,80,0.0,1120.0
2025-02-18,Router,South,12,80,0.05,912.0
2025-02-18,Router,East,22,80,0.1,1584.0
2025-02-18,Webcam,West,18,55,0.0,990.0
2025-02-18,Webcam,North,10,55,0.05,522.5
2025-02-18,Webcam,South,9,55,0.0,495.0
2025-02-18,Webcam,East,13,55,0.05,679.25
2025-02-19,Laptop,West,12,650,0.1,7020.0
2025-02-19,Laptop,North,4,650,0.0,2600.0
2025-02-19,Laptop,South,5,650,0.0,3250.0
2025-02-19,Laptop,East,10,650,0.0,6500.0
2025-02-19,Monitor,West,11,220,0.0,2420.0
2025-02-19,Monitor,North,18,220,0.1,3564.0
2025-02-19,Monitor,South,11,220,0.05,2299.0
2025-02-19,Monitor,East,13,220,0.15,2431.0
2025-02-19,Keyboard,West,27,45,0.1,1093.5
2025-02-19,Keyboard,North,16,45,0.05,684.0
2025-02-19,Keyboard,South,19,45,0.0,855.0
2025-02-19,Keyboard,East,22,45,0.0,990.0
2025-02-19,Mouse,West,35,25,0.0,875.0
2025-02-19,Mouse,North,30,25,0.0,750.0
2025-02-19,Mouse,South,24,25,0.0,600.0
2025-02-19,Mouse,East,33,25,0.05,783.75
2025-02-19,Headset,West,14,60,0.05,798.0
2025-02-19,Headset,North,12,60,0.1,648.0
2025-02-19,Headset,South,10,60,0.1,540.0
2025-02-19,Headset,East,21,60,0.05,1197.0
2025-02-19,Printer,West,4,180,0.0,720.0
2025-02-19,Printer,North,7,180,0.05,1197.0
2025-02-19,Printer,South,5,180,0.05,855.0
2025-02-19,Printer,East,7,180,0.1,1134.0
2025-02-19,Router,West,20,80,0.05,1520.0
2025-02-19,Router,North,20,80,0.0,1600.0
2025-02-19,Router,South,11,80,0.05,836.0
2025-02-19,Router,East,14,80,0.0,1120.0
2025-02-19,Webcam,West,24,55,0.1,1188.0
2025-02-19,Webcam,North,15,55,0.05,783.75
2025-02-19,Webcam,South,9,55,0.0,495.0
2025-02-19,Webcam,East,8,55,0.0,440.0
2025-02-20,Laptop,West,14,650,0.05,8645.0
2025-02-20,Laptop,North,10,650,0.05,6175.0
2025-02-20,Laptop,South,8,650,0.0,5200.0
2025-02-20,Laptop,East,10,650,0.0,6500.0
2025-02-20,Monitor,West,18,220,0.0,3960.0
2025-02-20,Monitor,North,15,220,0.0,3300.0
2025-02-20,Monitor,South,10,220,0.0,2200.0
2025-02-20,Monitor,East,12,220,0.0,2640.0
2025-02-20,Keyboard,West,30,45,0.0,1350.0
2025-02-20,Keyboard,North,21,45,0.05,897.75
2025-02-20,Keyboard,South,22,45,0.05,940.5
2025-02-20,Keyboard,East,17,45,0.05,726.75
2025-02-20,Mouse,West,30,25,0.0,750.0
2025-02-20,Mouse,North,22,25,0.15,467.5
2025-02-20,Mouse,South,21,25,0.0,525.0
2025-02-20,Mouse,East,20,25,0.05,475.0
2025-02-20,Headset,West,16,60,0.0,960.0
2025-02-20,Headset,North,12,60,0.1,648.0
2025-02-20,Headset,South,10,60,0.0,600.0
2025-02-20,Headset,East,12,60,0.1,648.0
2025-02-20,Printer,West,15,180,0.0,2700.0
2025-02-20,Printer,North,12,180,0.05,2052.0
2025-02-20,Printer,South,8,180,0.0,1440.0
2025-02-20,Printer,East,6,180,0.1,972.0
2025-02-20,Router,West,20,80,0.0,1600.0
2025-02-20,Router,North,22,80,0.1,1584.0
2025-02-20,Router,South,13,80,0.1,936.0
2025-02-20,Router,East,22,80,0.0,1760.0
2025-02-20,Webcam,West,9,55,0.1,445.5
2025-02-20,Webcam,North,8,55,0.0,440.0
2025-02-20,Webcam,South,5,55,0.05,261.25
2025-02-20,Webcam,East,13,55,0.05,679.25
2025-02-21,Laptop,West,18,650,0.05,11115.0
2025-02-21,Laptop,North,12,650,0.0,7800.0
2025-02-21,Laptop,South,6,650,0.05,3705.0
2025-02-21,Laptop,East,14,650,0.0,9100.0
2025-02-21,Monitor,West,13,220,0.0,2860.0
2025-02-21,Monitor,North,13,220,0.05,2717.0
2025-02-21,Monitor,South,10,220,0.0,2200.0
2025-02-21,Monitor,East,10,220,0.05,2090.0
2025-02-21,Keyboard,West,20,45,0.1,810.0
2025-02-21,Keyboard,North,18,45,0.0,810.0
2025-02-21,Keyboard,South,22,45,0.05,940.5
2025-02-21,Keyboard,East,22,45,0.05,940.5
2025-02-21,Mouse,West,39,25,0.0,975.0
2025-02-21,Mouse,North,25,25,0.0,625.0
2025-02-21,Mouse,South,23,25,0.05,546.25
2025-02-21,Mouse,East,28,25,0.0,700.0
2025-02-21,Headset,West,13,60,0.0,780.0
2025-02-21,Headset,North,7,60,0.1,378.0
2025-02-21,Headset,South,15,60,0.1,810.0
2025-02-21,Headset,East,17,60,0.1,918.0
2025-02-21,Printer,West,12,180,0.05,2052.0
2025-02-21,Printer,North,7,180,0.0,1260.0
2025-02-21,Printer,South,6,180,0.05,1026.0
2025-02-21,Printer,East,9,180,0.1,1458.0
2025-02-21,Router,West,21,80,0.0,1680.0
2025-02-21,Router,North,19,80,0.0,1520.0
2025-02-21,Router,South,12,80,0.05,912.0
2025-02-21,Router,East,17,80,0.1,1224.0
2025-02-21,Webcam,West,13,55,0.0,715.0
2025-02-21,Webcam,North,9,55,0.0,495.0
2025-02-21,Webcam,South,10,55,0.05,522.5
2025-02-21,Webcam,East,11,55,0.1,544.5
2025-02-22,Laptop,West,11,650,0.0,7150.0
2025-02-22,Laptop,North,7,650,0.0,4550.0
2025-02-22,Laptop,South,13,650,0.0,8450.0
2025-02-22,Laptop,East,3,650,0.05,1852.5
2025-02-22,Monitor,West,11,220,0.0,2420.0
2025-02-22,Monitor,North,7,220,0.0,1540.0
2025-02-22,Monitor,South,11,220,0.05,2299.0
2025-02-22,Monitor,East,8,220,0.1,1584.0
2025-02-22,Keyboard,West,17,45,0.0,765.0
2025-02-22,Keyboard,North,22,45,0.05,940.5
2025-02-22,Keyboard,South,19,45,0.0,855.0
2025-02-22,Keyboard,East,18,45,0.0,810.0
2025-02-22,Mouse,West,27,25,0.0,675.0
2025-02-22,Mouse,North,25,25,0.05,593.75
2025-02-22,Mouse,South,21,25,0.05,498.75
2025-02-22,Mouse,East,24,25,0.0,600.0
2025-02-22,Headset,West,14,60,0.0,840.0
2025-02-22,Headset,North,12,60,0.0,720.0
2025-02-22,Headset,South,14,60,0.0,840.0
2025-02-22,Headset,East,19,60,0.0,1140.0
2025-02-22,Printer,West,11,180,0.0,1980.0
2025-02-22,Printer,North,10,180,0.0,1800.0
2025-02-22,Printer,South,4,180,0.0,720.0
2025-02-22,Printer,East,4,180,0.0,720.0
2025-02-22,Router,West,20,80,0.05,1520.0
2025-02-22,Router,North,12,80,0.05,912.0
2025-02-22,Router,South,13,80,0.0,1040.0
2025-02-22,Router,East,18,80,0.0,1440.0
2025-02-22,Webcam,West,12,55,0.0,660.0
2025-02-22,Webcam,North,12,55,0.0,660.0
2025-02-22,Webcam,South,11,55,0.15,514.25
2025-02-22,Webcam,East,18,55,0.1,891.0
2025-02-23,Laptop,West,9,650,0.0,5850.0
2025-02-23,Laptop,North,7,650,0.05,4322.5
2025-02-23,Laptop,South,3,650,0.05,1852.5
2025-02-23,Laptop,East,12,650,0.05,7410.0
2025-02-23,Monitor,West,13,220,0.0,2860.0
2025-02-23,Monitor,North,11,220,0.0,2420.0
2025-02-23,Monitor,South,5,220,0.0,1100.0
2025-02-23,Monitor,East,11,220,0.05,2299.0
2025-02-23,Keyboard,West,27,45,0.0,1215.0
2025-02-23,Keyboard,North,17,45,0.0,765.0
2025-02-23,Keyboard,South,23,45,0.0,1035.0
2025-02-23,Keyboard,East,20,45,0.05,855.0
2025-02-23,Mouse,West,25,25,0.0,625.0
2025-02-23,Mouse,North,25,25,0.05,593.75
2025-02-23,Mouse,South,23,25,0.0,575.0
2025-02-23,Mouse,East,24,25,0.05,570.0
2025-02-23,Headset,West,16,60,0.05,912.0
2025-02-23,Headset,North,16,60,0.1,864.0
2025-02-23,Headset,South,19,60,0.0,1140.0
2025-02-23,Headset,East,14,60,0.0,840.0
2025-02-23,Printer,West,7,180,0.05,1197.0
2025-02-23,Printer,North,5,180,0.0,900.0
2025-02-23,Printer,South,3,180,0.0,540.0
2025-02-23,Printer,East,7,180,0.0,1260.0
2025-02-23,Router,West,15,80,0.05,1140.0
2025-02-23,Router,North,24,80,0.05,1824.0
2025-02-23,Router,South,18,80,0.0,1440.0
2025-02-23,Router,East,14,80,0.0,1120.0
2025-02-23,Webcam,West,14,55,0.0,770.0
2025-02-23,Webcam,North,12,55,0.05,627.0
2025-02-23,Webcam,South,9,55,0.0,495.0
2025-02-23,Webcam,East,9,55,0.05,470.25
2025-02-24,Laptop,West,10,650,0.0,6500.0
2025-02-24,Laptop,North,14,650,0.1,8190.0
2025-02-24,Laptop,South,2,650,0.05,1235.0
2025-02-24,Laptop,East,9,650,0.0,5850.0
2025-02-24,Monitor,West,13,220,0.05,2717.0
2025-02-24,Monitor,North,15,220,0.0,3300.0
2025-02-24,Monitor,South,6,220,0.05,1254.0
2025-02-24,Monitor,East,12,220,0.05,2508.0
2025-02-24,Keyboard,West,25,45,0.0,1125.0
2025-02-24,Keyboard,North,18,45,0.0,810.0
2025-02-24,Keyboard,South,21,45,0.05,897.75
2025-02-24,Keyboard,East,26,45,0.0,1170.0
2025-02-24,Mouse,West,44,25,0.0,1100.0
2025-02-24,Mouse,North,28,25,0.0,700.0
2025-02-24,Mouse,South,22,25,0.15,467.5
2025-02-24,Mouse,East,25,25,0.1,562.5
2025-02-24,Headset,West,24,60,0.0,1440.0
2025-02-24,Headset,North,15,60,0.15,765.0
2025-02-24,Headset,South,9,60,0.0,540.0
2025-02-24,Headset,East,10,60,0.1,540.0
2025-02-24,Printer,West,11,180,0.0,1980.0
2025-02-24,Printer,North,4,180,0.0,720.0
2025-02-24,Printer,South,8,180,0.05,1368.0
2025-02-24,Printer,East,13,180,0.0,2340.0
2025-02-24,Router,West,16,80,0.1,1152.0
2025-02-24,Router,North,18,80,0.05,1368.0
2025-02-24,Router,South,18,80,0.05,1368.0
2025-02-24,Router,East,20,80,0.0,1600.0
2025-02-24,Webcam,West,17,55,0.15,794.75
2025-02-24,Webcam,North,6,55,0.1,297.0
2025-02-24,Webcam,South,13,55,0.15,607.75
2025-02-24,Webcam,East,15,55,0.0,825.0
2025-02-25,Laptop,West,11,650,0.0,7150.0
2025-02-25,Laptop,North,7,650,0.1,4095.0
2025-02-25,Laptop,South,6,650,0.0,3900.0
2025-02-25,Laptop,East,11,650,0.0,7150.0
2025-02-25,Monitor,West,16,220,0.1,3168.0
2025-02-25,Monitor,North,14,220,0.0,3080.0
2025-02-25,Monitor,South,12,220,0.1,2376.0
2025-02-25,Monitor,East,4,220,0.0,880.0
2025-02-25,Keyboard,West,18,45,0.1,729.0
2025-02-25,Keyboard,North,19,45,0.0,855.0
2025-02-25,Keyboard,South,14,45,0.0,630.0
2025-02-25,Keyboard,East,29,45,0.05,1239.75
2025-02-25,Mouse,West,32,25,0.0,800.0
2025-02-25,Mouse,North,24,25,0.0,600.0
2025-02-25,Mouse,South,22,25,0.05,522.5
2025-02-25,Mouse,East,32,25,0.0,800.0
2025-02-25,Headset,West,20,60,0.0,1200.0
2025-02-25,Headset,North,8,60,0.05,456.0
2025-02-25,Headset,South,19,60,0.0,1140.0
2025-02-25,Headset,East,16,60,0.0,960.0
2025-02-25,Printer,West,8,180,0.0,1440.0
2025-02-25,Printer,North,11,180,0.05,1881.0
2025-02-25,Printer,South,4,180,0.0,720.0
2025-02-25,Printer,East,11,180,0.0,1980.0
2025-02-25,Router,West,18,80,0.05,1368.0
2025-02-25,Router,North,20,80,0.1,1440.0
2025-02-25,Router,South,13,80,0.0,1040.0
2025-02-25,Router,East,15,80,0.05,1140.0
2025-02-25,Webcam,West,12,55,0.0,660.0
2025-02-25,Webcam,North,12,55,0.1,594.0
2025-02-25,Webcam,South,6,55,0.0,330.0
2025-02-25,Webcam,East,6,55,0.0,330.0
2025-02-26,Laptop,West,7,650,0.1,4095.0
2025-02-26,Laptop,North,10,650,0.0,6500.0
2025-02-26,Laptop,South,7,650,0.1,4095.0
2025-02-26,Laptop,East,12,650,0.05,7410.0
2025-02-26,Monitor,West,10,220,0.05,2090.0
2025-02-26,Monitor,North,13,220,0.05,2717.0
2025-02-26,Monitor,South,8,220,0.0,1760.0
2025-02-26,Monitor,East,13,220,0.05,2717.0
2025-02-26,Keyboard,West,24,45,0.05,1026.0
2025-02-26,Keyboard,North,24,45,0.1,972.0
2025-02-26,Keyboard,South,15,45,0.0,675.0
2025-02-26,Keyboard,East,20,45,0.1,810.0
2025-02-26,Mouse,West,31,25,0.05,736.25
2025-02-26,Mouse,North,24,25,0.15,510.0
2025-02-26,Mouse,South,23,25,0.0,575.0
2025-02-26,Mouse,East,26,25,0.0,650.0
2025-02-26,Headset,West,11,60,0.0,660.0
2025-02-26,Headset,North,16,60,0.0,960.0
2025-02-26,Headset,South,8,60,0.05,456.0
2025-02-26,Headset,East,20,60,0.0,1200.0
2025-02-26,Printer,West,10,180,0.0,1800.0
2025-02-26,Printer,North,7,180,0.1,1134.0
2025-02-26,Printer,South,7,180,0.1,1134.0
2025-02-26,Printer,East,10,180,0.0,1800.0
2025-02-26,Router,West,16,80,0.05,1216.0
2025-02-26,Router,North,16,80,0.05,1216.0
2025-02-26,Router,South,11,80,0.0,880.0
2025-02-26,Router,East,20,80,0.05,1520.0
2025-02-26,Webcam,West,14,55,0.05,731.5
2025-02-26,Webcam,North,9,55,0.05,470.25
2025-02-26,Webcam,South,7,55,0.1,346.5
2025-02-26,Webcam,East,13,55,0.0,715.0
2025-02-27,Laptop,West,8,650,0.0,5200.0
2025-02-27,Laptop,North,6,650,0.05,3705.0
2025-02-27,Laptop,South,9,650,0.05,5557.5
2025-02-27,Laptop,East,8,650,0.05,4940.0
2025-02-27,Monitor,West,11,220,0.05,2299.0
2025-02-27,Monitor,North,15,220,0.1,2970.0
2025-02-27,Monitor,South,9,220,0.0,1980.0
2025-02-27,Monitor,East,13,220,0.05,2717.0
2025-02-27,Keyboard,West,21,45,0.15,803.25
2025-02-27,Keyboard,North,23,45,0.0,1035.0
2025-02-27,Keyboard,South,17,45,0.0,765.0
2025-02-27,Keyboard,East,23,45,0.1,931.5
2025-02-27,Mouse,West,23,25,0.05,546.25
2025-02-27,Mouse,North,34,25,0.05,807.5
2025-02-27,Mouse,South,24,25,0.05,570.0
2025-02-27,Mouse,East,28,25,0.15,595.0
2025-02-27,Headset,West,16,60,0.1,864.0
2025-02-27,Headset,North,12,60,0.0,720.0
2025-02-27,Headset,South,11,60,0.1,594.0
2025-02-27,Headset,East,9,60,0.0,540.0
2025-02-27,Printer,West,4,180,0.0,720.0
2025-02-27,Printer,North,9,180,0.15,1377.0
2025-02-27,Printer,South,9,180,0.05,1539.0
2025-02-27,Printer,East,8,180,0.0,1440.0
2025-02-27,Router,West,15,80,0.0,1200.0
2025-02-27,Router,North,16,80,0.05,1216.0
2025-02-27,Router,South,15,80,0.05,1140.0
2025-02-27,Router,East,12,80,0.0,960.0
2025-02-27,Webcam,West,11,55,0.1,544.5
2025-02-27,Webcam,North,6,55,0.0,330.0
2025-02-27,Webcam,South,12,55,0.1,594.0
2025-02-27,Webcam,East,10,55,0.05,522.5
2025-02-28,Laptop,West,18,650,0.0,11700.0
2025-02-28,Laptop,North,14,650,0.1,8190.0
2025-02-28,Laptop,South,13,650,0.05,8027.5
2025-02-28,Laptop,East,9,650,0.0,5850.0
2025-02-28,Monitor,West,14,220,0.0,3080.0
2025-02-28,Monitor,North,9,220,0.1,1782.0
2025-02-28,Monitor,South,5,220,0.05,1045.0
2025-02-28,Monitor,East,8,220,0.05,1672.0
2025-02-28,Keyboard,West,21,45,0.1,850.5
2025-02-28,Keyboard,North,18,45,0.0,810.0
2025-02-28,Keyboard,South,24,45,0.0,1080.0
2025-02-28,Keyboard,East,24,45,0.1,972.0
2025-02-28,Mouse,West,31,25,0.05,736.25
2025-02-28,Mouse,North,28,25,0.05,665.0
2025-02-28,Mouse,South,42,25,0.05,997.5
2025-02-28,Mouse,East,28,25,0.05,665.0
2025-02-28,Headset,West,15,60,0.0,900.0
2025-02-28,Headset,North,14,60,0.15,714.0
2025-02-28,Headset,South,18,60,0.0,1080.0
2025-02-28,Headset,East,14,60,0.1,756.0
2025-02-28,Printer,West,8,180,0.05,1368.0
2025-02-28,Printer,North,5,180,0.1,810.0
2025-02-28,Printer,South,3,180,0.0,540.0
2025-02-28,Printer,East,2,180,0.05,342.0
2025-02-28,Router,West,14,80,0.05,1064.0
2025-02-28,Router,North,14,80,0.0,1120.0
2025-02-28,Router,South,12,80,0.0,960.0
2025-02-28,Router,East,16,80,0.05,1216.0
2025-02-28,Webcam,West,9,55,0.05,470.25
2025-02-28,Webcam,North,9,55,0.05,470.25
2025-02-28,Webcam,South,14,55,0.05,731.5
2025-02-28,Webcam,East,10,55,0.0,550.0
2025-03-01,Laptop,West,11,650,0.0,7150.0
2025-03-01,Laptop,North,15,650,0.1,8775.0
2025-03-01,Laptop,South,6,650,0.05,3705.0
2025-03-01,Laptop,East,18,650,0.0,11700.0
2025-03-01,Monitor,West,17,220,0.1,3366.0
2025-03-01,Monitor,North,13,220,0.0,2860.0
2025-03-01,Monitor,South,14,220,0.05,2926.0
2025-03-01,Monitor,East,13,220,0.05,2717.0
2025-03-01,Keyboard,West,19,45,0.05,812.25
2025-03-01,Keyboard,North,28,45,0.0,1260.0
2025-03-01,Keyboard,South,19,45,0.0,855.0
2025-03-01,Keyboard,East,20,45,0.05,855.0
2025-03-01,Mouse,West,26,25,0.0,650.0
2025-03-01,Mouse,North,25,25,0.1,562.5
2025-03-01,Mouse,South,39,25,0.1,877.5
2025-03-01,Mouse,East,31,25,0.05,736.25
2025-03-01,Headset,West,17,60,0.0,1020.0
2025-03-01,Headset,North,12,60,0.15,612.0
2025-03-01,Headset,South,12,60,0.1,648.0
2025-03-01,Headset,East,12,60,0.1,648.0
2025-03-01,Printer,West,14,180,0.05,2394.0
2025-03-01,Printer,North,7,180,0.0,1260.0
2025-03-01,Printer,South,5,180,0.0,900.0
2025-03-01,Printer,East,5,180,0.05,855.0
2025-03-01,Router,West,29,80,0.05,2204.0
2025-03-01,Router,North,15,80,0.05,1140.0
2025-03-01,Router,South,11,80,0.0,880.0
2025-03-01,Router,East,27,80,0.1,1944.0
2025-03-01,Webcam,West,12,55,0.0,660.0
2025-03-01,Webcam,North,7,55,0.0,385.0
2025-03-01,Webcam,South,12,55,0.0,660.0
2025-03-01,Webcam,East,7,55,0.0,385.0
2025-03-02,Laptop,West,12,650,0.05,7410.0
2025-03-02,Laptop,North,12,650,0.1,7020.0
2025-03-02,Laptop,South,7,650,0.05,4322.5
2025-03-02,Laptop,East,9,650,0.0,5850.0
2025-03-02,Monitor,West,16,220,0.05,3344.0
2025-03-02,Monitor,North,4,220,0.05,836.0
2025-03-02,Monitor,South,12,220,0.0,2640.0
2025-03-02,Monitor,East,12,220,0.05,2508.0
2025-03-02,Keyboard,West,27,45,0.0,1215.0
2025-03-02,Keyboard,North,17,45,0.0,765.0
2025-03-02,Keyboard,South,22,45,0.0,990.0
2025-03-02,Keyboard,East,33,45,0.1,1336.5
2025-03-02,Mouse,West,37,25,0.0,925.0
2025-03-02,Mouse,North,24,25,0.05,570.0
2025-03-02,Mouse,South,24,25,0.0,600.0
2025-03-02,Mouse,East,36,25,0.0,900.0
2025-03-02,Headset,West,14,60,0.0,840.0
2025-03-02,Headset,North,17,60,0.0,1020.0
2025-03-02,Headset,South,17,60,0.1,918.0
2025-03-02,Headset,East,12,60,0.1,648.0
2025-03-02,Printer,West,11,180,0.0,1980.0
2025-03-02,Printer,North,6,180,0.05,1026.0
2025-03-02,Printer,South,4,180,0.15,612.0
2025-03-02,Printer,East,13,180,0.05,2223.0
2025-03-02,Router,West,17,80,0.1,1224.0
2025-03-02,Router,North,13,80,0.05,988.0
2025-03-02,Router,South,10,80,0.05,760.0
2025-03-02,Router,East,26,80,0.0,2080.0
2025-03-02,Webcam,West,12,55,0.15,561.0
2025-03-02,Webcam,North,11,55,0.0,605.0
2025-03-02,Webcam,South,10,55,0.0,550.0
2025-03-02,Webcam,East,12,55,0.05,627.0
2025-03-03,Laptop,West,4,650,0.1,2340.0
2025-03-03,Laptop,North,7,650,0.0,4550.0
2025-03-03,Laptop,South,11,650,0.0,7150.0
2025-03-03,Laptop,East,9,650,0.05,5557.5
2025-03-03,Monitor,West,11,220,0.1,2178.0
2025-03-03,Monitor,North,11,220,0.1,2178.0
2025-03-03,Monitor,South,15,220,0.0,3300.0
2025-03-03,Monitor,East,15,220,0.0,3300.0
2025-03-03,Keyboard,West,32,45,0.0,1440.0
2025-03-03,Keyboard,North,23,45,0.0,1035.0
2025-03-03,Keyboard,South,17,45,0.0,765.0
2025-03-03,Keyboard,East,30,45,0.15,1147.5
2025-03-03,Mouse,West,27,25,0.0,675.0
2025-03-03,Mouse,North,20,25,0.1,450.0
2025-03-03,Mouse,South,25,25,0.05,593.75
2025-03-03,Mouse,East,37,25,0.05,878.75
2025-03-03,Headset,West,16,60,0.1,864.0
2025-03-03,Headset,North,10,60,0.05,570.0
2025-03-03,Headset,South,14,60,0.0,840.0
2025-03-03,Headset,East,23,60,0.05,1311.0
2025-03-03,Printer,West,12,180,0.0,2160.0
2025-03-03,Printer,North,13,180,0.05,2223.0
2025-03-03,Printer,South,7,180,0.05,1197.0
2025-03-03,Printer,East,11,180,0.05,1881.0
2025-03-03,Router,West,19,80,0.05,1444.0
2025-03-03,Router,North,21,80,0.0,1680.0
2025-03-03,Router,South,17,80,0.1,1224.0
2025-03-03,Router,East,18,80,0.1,1296.0
2025-03-03,Webcam,West,15,55,0.05,783.75
2025-03-03,Webcam,North,16,55,0.0,880.0
2025-03-03,Webcam,South,5,55,0.0,275.0
2025-03-03,Webcam,East,12,55,0.15,561.0
2025-03-04,Laptop,West,9,650,0.1,5265.0
2025-03-04,Laptop,North,7,650,0.0,4550.0
2025-03-04,Laptop,South,7,650,0.05,4322.5
2025-03-04,Laptop,East,13,650,0.15,7182.5
2025-03-04,Monitor,West,17,220,0.0,3740.0
2025-03-04,Monitor,North,11,220,0.05,2299.0
2025-03-04,Monitor,South,9,220,0.0,1980.0
2025-03-04,Monitor,East,15,220,0.0,3300.0
2025-03-04,Keyboard,West,26,45,0.0,1170.0
2025-03-04,Keyboard,North,22,45,0.1,891.0
2025-03-04,Keyboard,South,19,45,0.0,855.0
2025-03-04,Keyboard,East,25,45,0.0,1125.0
2025-03-04,Mouse,West,36,25,0.05,855.0
2025-03-04,Mouse,North,35,25,0.0,875.0
2025-03-04,Mouse,South,32,25,0.0,800.0
2025-03-04,Mouse,East,27,25,0.05,641.25
2025-03-04,Headset,West,11,60,0.1,594.0
2025-03-04,Headset,North,10,60,0.0,600.0
2025-03-04,Headset,South,14,60,0.0,840.0
2025-03-04,Headset,East,13,60,0.1,702.0
2025-03-04,Printer,West,10,180,0.0,1800.0
2025-03-04,Printer,North,11,180,0.0,1980.0
2025-03-04,Printer,South,10,180,0.0,1800.0
2025-03-04,Printer,East,6,180,0.1,972.0
2025-03-04,Router,West,15,80,0.05,1140.0
2025-03-04,Router,North,13,80,0.0,1040.0
2025-03-04,Router,South,10,80,0.05,760.0
2025-03-04,Router,East,14,80,0.05,1064.0
2025-03-04,Webcam,West,11,55,0.0,605.0
2025-03-04,Webcam,North,9,55,0.1,445.5
2025-03-04,Webcam,South,11,55,0.05,574.75
2025-03-04,Webcam,East,15,55,0.0,825.0
2025-03-05,Laptop,West,8,650,0.0,5200.0
2025-03-05,Laptop,North,13,650,0.0,8450.0
2025-03-05,Laptop,South,11,650,0.0,7150.0
2025-03-05,Laptop,East,6,650,0.1,3510.0
2025-03-05,Monitor,West,16,220,0.0,3520.0
2025-03-05,Monitor,North,21,220,0.1,4158.0
2025-03-05,Monitor,South,9,220,0.05,1881.0
2025-03-05,Monitor,East,13,220,0.05,2717.0
2025-03-05,Keyboard,West,27,45,0.0,1215.0
2025-03-05,Keyboard,North,20,45,0.05,855.0
2025-03-05,Keyboard,South,15,45,0.0,675.0
2025-03-05,Keyboard,East,23,45,0.0,1035.0
2025-03-05,Mouse,West,26,25,0.0,650.0
2025-03-05,Mouse,North,21,25,0.05,498.75
2025-03-05,Mouse,South,31,25,0.05,736.25
2025-03-05,Mouse,East,28,25,0.05,665.0
2025-03-05,Headset,West,17,60,0.0,1020.0
2025-03-05,Headset,North,22,60,0.0,1320.0
2025-03-05,Headset,South,15,60,0.05,855.0
2025-03-05,Headset,East,12,60,0.1,648.0
2025-03-05,Printer,West,9,180,0.1,1458.0
2025-03-05,Printer,North,2,180,0.05,342.0
2025-03-05,Printer,South,7,180,0.1,1134.0
2025-03-05,Printer,East,11,180,0.05,1881.0
2025-03-05,Router,West,22,80,0.0,1760.0
2025-03-05,Router,North,12,80,0.1,864.0
2025-03-05,Router,South,16,80,0.0,1280.0
2025-03-05,Router,East,17,80,0.1,1224.0
2025-03-05,Webcam,West,14,55,0.1,693.0
2025-03-05,Webcam,North,8,55,0.05,418.0
2025-03-05,Webcam,South,11,55,0.0,605.0
2025-03-05,Webcam,East,10,55,0.0,550.0
2025-03-06,Laptop,West,10,650,0.1,5850.0
2025-03-06,Laptop,North,11,650,0.05,6792.5
2025-03-06,Laptop,South,13,650,0.05,8027.5
2025-03-06,Laptop,East,7,650,0.0,4550.0
2025-03-06,Monitor,West,12,220,0.1,2376.0
2025-03-06,Monitor,North,16,220,0.0,3520.0
2025-03-06,Monitor,South,12,220,0.05,2508.0
2025-03-06,Monitor,East,14,220,0.1,2772.0
2025-03-06,Keyboard,West,14,45,0.15,535.5
2025-03-06,Keyboard,North,20,45,0.0,900.0
2025-03-06,Keyboard,South,20,45,0.0,900.0
2025-03-06,Keyboard,East,27,45,0.0,1215.0
2025-03-06,Mouse,West,34,25,0.0,850.0
2025-03-06,Mouse,North,27,25,0.0,675.0
2025-03-06,Mouse,South,30,25,0.1,675.0
2025-03-06,Mouse,East,27,25,0.1,607.5
2025-03-06,Headset,West,17,60,0.0,1020.0
2025-03-06,Headset,North,13,60,0.15,663.0
2025-03-06,Headset,South,14,60,0.05,798.0
2025-03-06,Headset,East,10,60,0.0,600.0
2025-03-06,Printer,West,7,180,0.05,1197.0
2025-03-06,Printer,North,4,180,0.05,684.0
2025-03-06,Printer,South,8,180,0.0,1440.0
2025-03-06,Printer,East,11,180,0.1,1782.0
2025-03-06,Router,West,14,80,0.1,1008.0
2025-03-06,Router,North,18,80,0.05,1368.0
2025-03-06,Router,South,19,80,0.0,1520.0
2025-03-06,Router,East,22,80,0.0,1760.0
2025-03-06,Webcam,West,17,55,0.1,841.5
2025-03-06,Webcam,North,8,55,0.05,418.0
2025-03-06,Webcam,South,7,55,0.05,365.75
2025-03-06,Webcam,East,14,55,0.0,770.0
2025-03-07,Laptop,West,12,650,0.0,7800.0
2025-03-07,Laptop,North,10,650,0.0,6500.0
2025-03-07,Laptop,South,9,650,0.0,5850.0
2025-03-07,Laptop,East,7,650,0.1,4095.0
2025-03-07,Monitor,West,9,220,0.0,1980.0
2025-03-07,Monitor,North,5,220,0.0,1100.0
2025-03-07,Monitor,South,10,220,0.0,2200.0
2025-03-07,Monitor,East,10,220,0.05,2090.0
2025-03-07,Keyboard,West,26,45,0.0,1170.0
2025-03-07,Keyboard,North,20,45,0.0,900.0
2025-03-07,Keyboard,South,12,45,0.0,540.0
2025-03-07,Keyboard,East,20,45,0.0,900.0
2025-03-07,Mouse,West,30,25,0.15,637.5
2025-03-07,Mouse,North,31,25,0.1,697.5
2025-03-07,Mouse,South,24,25,0.1,540.0
2025-03-07,Mouse,East,34,25,0.0,850.0
2025-03-07,Headset,West,11,60,0.1,594.0
2025-03-07,Headset,North,12,60,0.05,684.0
2025-03-07,Headset,South,9,60,0.0,540.0
2025-03-07,Headset,East,15,60,0.1,810.0
2025-03-07,Printer,West,9,180,0.0,1620.0
2025-03-07,Printer,North,6,180,0.0,1080.0
2025-03-07,Printer,South,8,180,0.0,1440.0
2025-03-07,Printer,East,5,180,0.0,900.0
2025-03-07,Router,West,24,80,0.05,1824.0
2025-03-07,Router,North,17,80,0.0,1360.0
2025-03-07,Router,South,18,80,0.0,1440.0
2025-03-07,Router,East,20,80,0.0,1600.0
2025-03-07,Webcam,West,12,55,0.05,627.0
2025-03-07,Webcam,North,12,55,0.05,627.0
2025-03-07,Webcam,South,7,55,0.0,385.0
2025-03-07,Webcam,East,8,55,0.05,418.0
2025-03-08,Laptop,West,8,650,0.05,4940.0
2025-03-08,Laptop,North,11,650,0.0,7150.0
2025-03-08,Laptop,South,1,650,0.0,650.0
2025-03-08,Laptop,East,11,650,0.05,6792.5
2025-03-08,Monitor,West,14,220,0.05,2926.0
2025-03-08,Monitor,North,15,220,0.15,2805.0
2025-03-08,Monitor,South,7,220,0.1,1386.0
2025-03-08,Monitor,East,9,220,0.0,1980.0
2025-03-08,Keyboard,West,22,45,0.0,990.0
2025-03-08,Keyboard,North,24,45,0.0,1080.0
2025-03-08,Keyboard,South,28,45,0.0,1260.0
2025-03-08,Keyboard,East,18,45,0.05,769.5
2025-03-08,Mouse,West,28,25,0.0,700.0
2025-03-08,Mouse,North,38,25,0.0,950.0
2025-03-08,Mouse,South,23,25,0.1,517.5
2025-03-08,Mouse,East,24,25,0.05,570.0
2025-03-08,Headset,West,23,60,0.0,1380.0
2025-03-08,Headset,North,15,60,0.0,900.0
2025-03-08,Headset,South,9,60,0.05,513.0
2025-03-08,Headset,East,20,60,0.15,1020.0
2025-03-08,Printer,West,10,180,0.05,1710.0
2025-03-08,Printer,North,8,180,0.0,1440.0
2025-03-08,Printer,South,5,180,0.05,855.0
2025-03-08,Printer,East,9,180,0.05,1539.0
2025-03-08,Router,West,12,80,0.0,960.0
2025-03-08,Router,North,17,80,0.05,1292.0
2025-03-08,Router,South,7,80,0.05,532.0
2025-03-08,Router,East,15,80,0.0,1200.0
2025-03-08,Webcam,West,17,55,0.0,935.0
2025-03-08,Webcam,North,12,55,0.05,627.0
2025-03-08,Webcam,South,13,55,0.1,643.5
2025-03-08,Webcam,East,15,55,0.0,825.0
2025-03-09,Laptop,West,15,650,0.0,9750.0
2025-03-09,Laptop,North,7,650,0.1,4095.0
2025-03-09,Laptop,South,4,650,0.0,2600.0
2025-03-09,Laptop,East,13,650,0.15,7182.5
2025-03-09,Monitor,West,13,220,0.15,2431.0
2025-03-09,Monitor,North,16,220,0.0,3520.0
2025-03-09,Monitor,South,11,220,0.1,2178.0
2025-03-09,Monitor,East,7,220,0.1,1386.0
2025-03-09,Keyboard,West,16,45,0.0,720.0
2025-03-09,Keyboard,North,23,45,0.1,931.5
2025-03-09,Keyboard,South,18,45,0.05,769.5
2025-03-09,Keyboard,East,19,45,0.0,855.0
2025-03-09,Mouse,West,34,25,0.0,850.0
2025-03-09,Mouse,North,31,25,0.0,775.0
2025-03-09,Mouse,South,18,25,0.15,382.5
2025-03-09,Mouse,East,27,25,0.0,675.0
2025-03-09,Headset,West,13,60,0.05,741.0
2025-03-09,Headset,North,21,60,0.1,1134.0
2025-03-09,Headset,South,21,60,0.1,1134.0
2025-03-09,Headset,East,19,60,0.05,1083.0
2025-03-09,Printer,West,4,180,0.05,684.0
2025-03-09,Printer,North,8,180,0.0,1440.0
2025-03-09,Printer,South,9,180,0.1,1458.0
2025-03-09,Printer,East,7,180,0.0,1260.0
2025-03-09,Router,West,21,80,0.05,1596.0
2025-03-09,Router,North,16,80,0.0,1280.0
2025-03-09,Router,South,9,80,0.15,612.0
2025-03-09,Router,East,21,80,0.05,1596.0
2025-03-09,Webcam,West,18,55,0.0,990.0
2025-03-09,Webcam,North,9,55,0.0,495.0
2025-03-09,Webcam,South,8,55,0.05,418.0
2025-03-09,Webcam,East,4,55,0.0,220.0
2025-03-10,Laptop,West,8,650,0.05,4940.0
2025-03-10,Laptop,North,8,650,0.1,4680.0
2025-03-10,Laptop,South,11,650,0.0,7150.0
2025-03-10,Laptop,East,15,650,0.15,8287.5
2025-03-10,Monitor,West,15,220,0.05,3135.0
2025-03-10,Monitor,North,9,220,0.0,1980.0
2025-03-10,Monitor,South,6,220,0.1,1188.0
2025-03-10,Monitor,East,13,220,0.1,2574.0
2025-03-10,Keyboard,West,27,45,0.05,1154.25
2025-03-10,Keyboard,North,23,45,0.0,1035.0
2025-03-10,Keyboard,South,13,45,0.0,585.0
2025-03-10,Keyboard,East,22,45,0.05,940.5
2025-03-10,Mouse,West,35,25,0.0,875.0
2025-03-10,Mouse,North,20,25,0.0,500.0
2025-03-10,Mouse,South,24,25,0.05,570.0
2025-03-10,Mouse,East,26,25,0.05,617.5
2025-03-10,Headset,West,21,60,0.05,1197.0
2025-03-10,Headset,North,12,60,0.1,648.0
2025-03-10,Headset,South,14,60,0.0,840.0
2025-03-10,Headset,East,16,60,0.0,960.0
2025-03-10,Printer,West,9,180,0.05,1539.0
2025-03-10,Printer,North,7,180,0.05,1197.0
2025-03-10,Printer,South,4,180,0.0,720.0
2025-03-10,Printer,East,12,180,0.0,2160.0
2025-03-10,Router,West,11,80,0.0,880.0
2025-03-10,Router,North,16,80,0.05,1216.0
2025-03-10,Router,South,13,80,0.05,988.0
2025-03-10,Router,East,14,80,0.15,952.0
2025-03-10,Webcam,West,7,55,0.05,365.75
2025-03-10,Webcam,North,15,55,0.15,701.25
2025-03-10,Webcam,South,5,55,0.0,275.0
2025-03-10,Webcam,East,6,55,0.15,280.5
2025-03-11,Laptop,West,12,650,0.1,7020.0
2025-03-11,Laptop,North,13,650,0.0,8450.0
2025-03-11,Laptop,South,9,650,0.05,5557.5
2025-03-11,Laptop,East,10,650,0.0,6500.0
2025-03-11,Monitor,West,13,220,0.1,2574.0
2025-03-11,Monitor,North,12,220,0.0,2640.0
2025-03-11,Monitor,South,11,220,0.05,2299.0
2025-03-11,Monitor,East,18,220,0.05,3762.0
2025-03-11,Keyboard,West,36,45,0.05,1539.0
2025-03-11,Keyboard,North,23,45,0.0,1035.0
2025-03-11,Keyboard,South,16,45,0.0,720.0
2025-03-11,Keyboard,East,21,45,0.0,945.0
2025-03-11,Mouse,West,51,25,0.05,1211.25
2025-03-11,Mouse,North,24,25,0.1,540.0
2025-03-11,Mouse,South,21,25,0.15,446.25
2025-03-11,Mouse,East,28,25,0.0,700.0
2025-03-11,Headset,West,16,60,0.0,960.0
2025-03-11,Headset,North,16,60,0.0,960.0
2025-03-11,Headset,South,14,60,0.1,756.0
2025-03-11,Headset,East,10,60,0.0,600.0
2025-03-11,Printer,West,9,180,0.05,1539.0
2025-03-11,Printer,North,5,180,0.1,810.0
2025-03-11,Printer,South,4,180,0.0,720.0
2025-03-11,Printer,East,9,180,0.05,1539.0
2025-03-11,Router,West,18,80,0.1,1296.0
2025-03-11,Router,North,13,80,0.1,936.0
2025-03-11,Router,South,19,80,0.05,1444.0
2025-03-11,Router,East,12,80,0.0,960.0
2025-03-11,Webcam,West,15,55,0.0,825.0
2025-03-11,Webcam,North,5,55,0.0,275.0
2025-03-11,Webcam,South,11,55,0.15,514.25
2025-03-11,Webcam,East,10,55,0.05,522.5
2025-03-12,Laptop,West,10,650,0.0,6500.0
2025-03-12,Laptop,North,10,650,0.1,5850.0
2025-03-12,Laptop,South,4,650,0.05,2470.0
2025-03-12,Laptop,East,9,650,0.05,5557.5
2025-03-12,Monitor,West,13,220,0.0,2860.0
2025-03-12,Monitor,North,15,220,0.0,3300.0
2025-03-12,Monitor,South,7,220,0.05,1463.0
2025-03-12,Monitor,East,13,220,0.05,2717.0
2025-03-12,Keyboard,West,21,45,0.05,897.75
2025-03-12,Keyboard,North,19,45,0.0,855.0
2025-03-12,Keyboard,South,16,45,0.1,648.0
2025-03-12,Keyboard,East,28,45,0.0,1260.0
2025-03-12,Mouse,West,38,25,0.0,950.0
2025-03-12,Mouse,North,19,25,0.1,427.5
2025-03-12,Mouse,South,31,25,0.0,775.0
2025-03-12,Mouse,East,23,25,0.15,488.75
2025-03-12,Headset,West,18,60,0.1,972.0
2025-03-12,Headset,North,16,60,0.15,816.0
2025-03-12,Headset,South,8,60,0.1,432.0
2025-03-12,Headset,East,14,60,0.15,714.0
2025-03-12,Printer,West,6,180,0.05,1026.0
2025-03-12,Printer,North,1,180,0.05,171.0
2025-03-12,Printer,South,3,180,0.0,540.0
2025-03-12,Printer,East,6,180,0.0,1080.0
2025-03-12,Router,West,28,80,0.0,2240.0
2025-03-12,Router,North,10,80,0.05,760.0
2025-03-12,Router,South,16,80,0.05,1216.0
2025-03-12,Router,East,12,80,0.05,912.0
2025-03-12,Webcam,West,13,55,0.05,679.25
2025-03-12,Webcam,North,11,55,0.0,605.0
2025-03-12,Webcam,South,10,55,0.0,550.0
2025-03-12,Webcam,East,12,55,0.0,660.0
2025-03-13,Laptop,West,11,650,0.0,7150.0
2025-03-13,Laptop,North,14,650,0.0,9100.0
2025-03-13,Laptop,South,14,650,0.0,9100.0
2025-03-13,Laptop,East,7,650,0.05,4322.5
2025-03-13,Monitor,West,10,220,0.0,2200.0
2025-03-13,Monitor,North,10,220,0.05,2090.0
2025-03-13,Monitor,South,13,220,0.0,2860.0
2025-03-13,Monitor,East,15,220,0.05,3135.0
2025-03-13,Keyboard,West,29,45,0.05,1239.75
2025-03-13,Keyboard,North,20,45,0.1,810.0
2025-03-13,Keyboard,South,18,45,0.0,810.0
2025-03-13,Keyboard,East,21,45,0.0,945.0
2025-03-13,Mouse,West,33,25,0.0,825.0
2025-03-13,Mouse,North,33,25,0.05,783.75
2025-03-13,Mouse,South,31,25,0.05,736.25
2025-03-13,Mouse,East,33,25,0.0,825.0
2025-03-13,Headset,West,14,60,0.1,756.0
2025-03-13,Headset,North,12,60,0.0,720.0
2025-03-13,Headset,South,7,60,0.0,420.0
2025-03-13,Headset,East,13,60,0.0,780.0
2025-03-13,Printer,West,11,180,0.0,1980.0
2025-03-13,Printer,North,10,180,0.0,1800.0
2025-03-13,Printer,South,7,180,0.0,1260.0
2025-03-13,Printer,East,5,180,0.05,855.0
2025-03-13,Router,West,22,80,0.05,1672.0
2025-03-13,Router,North,10,80,0.1,720.0
2025-03-13,Router,South,15,80,0.0,1200.0
2025-03-13,Router,East,15,80,0.0,1200.0
2025-03-13,Webcam,West,9,55,0.0,495.0
2025-03-13,Webcam,North,13,55,0.05,679.25
2025-03-13,Webcam,South,8,55,0.0,440.0
2025-03-13,Webcam,East,7,55,0.05,365.75
2025-03-14,Laptop,West,15,650,0.1,8775.0
2025-03-14,Laptop,North,11,650,0.05,6792.5
2025-03-14,Laptop,South,11,650,0.0,7150.0
2025-03-14,Laptop,East,10,650,0.15,5525.0
2025-03-14,Monitor,West,17,220,0.05,3553.0
2025-03-14,Monitor,North,11,220,0.0,2420.0
2025-03-14,Monitor,South,12,220,0.1,2376.0
2025-03-14,Monitor,East,16,220,0.0,3520.0
2025-03-14,Keyboard,West,24,45,0.0,1080.0
2025-03-14,Keyboard,North,22,45,0.0,990.0
2025-03-14,Keyboard,South,18,45,0.0,810.0
2025-03-14,Keyboard,East,23,45,0.05,983.25
2025-03-14,Mouse,West,45,25,0.1,1012.5
2025-03-14,Mouse,North,21,25,0.0,525.0
2025-03-14,Mouse,South,24,25,0.0,600.0
2025-03-14,Mouse,East,33,25,0.0,825.0
2025-03-14,Headset,West,12,60,0.1,648.0
2025-03-14,Headset,North,15,60,0.0,900.0
2025-03-14,Headset,South,12,60,0.1,648.0
2025-03-14,Headset,East,20,60,0.05,1140.0
2025-03-14,Printer,West,9,180,0.0,1620.0
2025-03-14,Printer,North,11,180,0.0,1980.0
2025-03-14,Printer,South,10,180,0.0,1800.0
2025-03-14,Printer,East,9,180,0.05,1539.0
2025-03-14,Router,West,16,80,0.1,1152.0
2025-03-14,Router,North,22,80,0.05,1672.0
2025-03-14,Router,South,20,80,0.15,1360.0
2025-03-14,Router,East,22,80,0.0,1760.0
2025-03-14,Webcam,West,13,55,0.05,679.25
2025-03-14,Webcam,North,15,55,0.0,825.0
2025-03-14,Webcam,South,14,55,0.0,770.0
2025-03-14,Webcam,East,9,55,0.05,470.25
2025-03-15,Laptop,West,8,650,0.05,4940.0
2025-03-15,Laptop,North,13,650,0.0,8450.0
2025-03-15,Laptop,South,7,650,0.05,4322.5
2025-03-15,Laptop,East,8,650,0.0,5200.0
2025-03-15,Monitor,West,14,220,0.1,2772.0
2025-03-15,Monitor,North,10,220,0.1,1980.0
2025-03-15,Monitor,South,11,220,0.0,2420.0
2025-03-15,Monitor,East,11,220,0.05,2299.0
2025-03-15,Keyboard,West,31,45,0.0,1395.0
2025-03-15,Keyboard,North,36,45,0.1,1458.0
2025-03-15,Keyboard,South,17,45,0.05,726.75
2025-03-15,Keyboard,East,17,45,0.05,726.75
2025-03-15,Mouse,West,36,25,0.0,900.0
2025-03-15,Mouse,North,36,25,0.0,900.0
2025-03-15,Mouse,South,29,25,0.0,725.0
2025-03-15,Mouse,East,17,25,0.0,425.0
2025-03-15,Headset,West,13,60,0.0,780.0
2025-03-15,Headset,North,13,60,0.0,780.0
2025-03-15,Headset,South,15,60,0.0,900.0
2025-03-15,Headset,East,16,60,0.0,960.0
2025-03-15,Printer,West,13,180,0.05,2223.0
2025-03-15,Printer,North,5,180,0.0,900.0
2025-03-15,Printer,South,10,180,0.15,1530.0
2025-03-15,Printer,East,10,180,0.0,1800.0
2025-03-15,Router,West,18,80,0.0,1440.0
2025-03-15,Router,North,12,80,0.1,864.0
2025-03-15,Router,South,7,80,0.05,532.0
2025-03-15,Router,East,13,80,0.0,1040.0
2025-03-15,Webcam,West,15,55,0.05,783.75
2025-03-15,Webcam,North,20,55,0.0,1100.0
2025-03-15,Webcam,South,10,55,0.0,550.0
2025-03-15,Webcam,East,12,55,0.0,660.0
2025-03-16,Laptop,West,7,650,0.05,4322.5
2025-03-16,Laptop,North,8,650,0.1,4680.0
2025-03-16,Laptop,South,5,650,0.05,3087.5
2025-03-16,Laptop,East,6,650,0.0,3900.0
2025-03-16,Monitor,West,10,220,0.0,2200.0
2025-03-16,Monitor,North,7,220,0.05,1463.0
2025-03-16,Monitor,South,11,220,0.0,2420.0
2025-03-16,Monitor,East,5,220,0.0,1100.0
2025-03-16,Keyboard,West,25,45,0.05,1068.75
2025-03-16,Keyboard,North,20,45,0.1,810.0
2025-03-16,Keyboard,South,15,45,0.1,607.5
2025-03-16,Keyboard,East,21,45,0.05,897.75
2025-03-16,Mouse,West,24,25,0.0,600.0
2025-03-16,Mouse,North,24,25,0.1,540.0
2025-03-16,Mouse,South,32,25,0.0,800.0
2025-03-16,Mouse,East,32,25,0.1,720.0
2025-03-16,Headset,West,14,60,0.0,840.0
2025-03-16,Headset,North,14,60,0.1,756.0
2025-03-16,Headset,South,14,60,0.0,840.0
2025-03-16,Headset,East,10,60,0.1,540.0
2025-03-16,Printer,West,9,180,0.0,1620.0
2025-03-16,Printer,North,5,180,0.0,900.0
2025-03-16,Printer,South,8,180,0.0,1440.0
2025-03-16,Printer,East,8,180,0.0,1440.0
2025-03-16,Router,West,17,80,0.0,1360.0
2025-03-16,Router,North,13,80,0.0,1040.0
2025-03-16,Router,South,5,80,0.05,380.0
2025-03-16,Router,East,15,80,0.05,1140.0
2025-03-16,Webcam,West,8,55,0.0,440.0
2025-03-16,Webcam,North,11,55,0.0,605.0
2025-03-16,Webcam,South,12,55,0.0,660.0
2025-03-16,Webcam,East,11,55,0.05,574.75
2025-03-17,Laptop,West,13,650,0.0,8450.0
2025-03-17,Laptop,North,13,650,0.05,8027.5
2025-03-17,Laptop,South,9,650,0.0,5850.0
2025-03-17,Laptop,East,12,650,0.0,7800.0
2025-03-17,Monitor,West,18,220,0.0,3960.0
2025-03-17,Monitor,North,14,220,0.0,3080.0
2025-03-17,Monitor,South,11,220,0.0,2420.0
2025-03-17,Monitor,East,12,220,0.0,2640.0
2025-03-17,Keyboard,West,31,45,0.0,1395.0
2025-03-17,Keyboard,North,24,45,0.15,918.0
2025-03-17,Keyboard,South,25,45,0.0,1125.0
2025-03-17,Keyboard,East,20,45,0.0,900.0
2025-03-17,Mouse,West,30,25,0.0,750.0
2025-03-17,Mouse,North,29,25,0.0,725.0
2025-03-17,Mouse,South,26,25,0.1,585.0
2025-03-17,Mouse,East,35,25,0.0,875.0
2025-03-17,Headset,West,19,60,0.0,1140.0
2025-03-17,Headset,North,12,60,0.0,720.0
2025-03-17,Headset,South,14,60,0.0,840.0
2025-03-17,Headset,East,13,60,0.1,702.0
2025-03-17,Printer,West,4,180,0.0,720.0
2025-03-17,Printer,North,10,180,0.0,1800.0
2025-03-17,Printer,South,4,180,0.15,612.0
2025-03-17,Printer,East,12,180,0.1,1944.0
2025-03-17,Router,West,16,80,0.0,1280.0
2025-03-17,Router,North,27,80,0.1,1944.0
2025-03-17,Router,South,20,80,0.0,1600.0
2025-03-17,Router,East,21,80,0.1,1512.0
2025-03-17,Webcam,West,11,55,0.1,544.5
2025-03-17,Webcam,North,7,55,0.05,365.75
2025-03-17,Webcam,South,7,55,0.15,327.25
2025-03-17,Webcam,East,7,55,0.1,346.5
2025-03-18,Laptop,West,12,650,0.05,7410.0
2025-03-18,Laptop,North,8,650,0.0,5200.0
2025-03-18,Laptop,South,6,650,0.1,3510.0
2025-03-18,Laptop,East,12,650,0.0,7800.0
2025-03-18,Monitor,West,16,220,0.05,3344.0
2025-03-18,Monitor,North,8,220,0.0,1760.0
2025-03-18,Monitor,South,17,220,0.1,3366.0
2025-03-18,Monitor,East,10,220,0.05,2090.0
2025-03-18,Keyboard,West,28,45,0.05,1197.0
2025-03-18,Keyboard,North,21,45,0.0,945.0
2025-03-18,Keyboard,South,16,45,0.0,720.0
2025-03-18,Keyboard,East,16,45,0.05,684.0
2025-03-18,Mouse,West,30,25,0.0,750.0
2025-03-18,Mouse,North,38,25,0.0,950.0
2025-03-18,Mouse,South,23,25,0.0,575.0
2025-03-18,Mouse,East,29,25,0.1,652.5
2025-03-18,Headset,West,14,60,0.1,756.0
2025-03-18,Headset,North,11,60,0.05,627.0
2025-03-18,Headset,South,13,60,0.0,780.0
2025-03-18,Headset,East,13,60,0.1,702.0
2025-03-18,Printer,West,7,180,0.0,1260.0
2025-03-18,Printer,North,8,180,0.0,1440.0
2025-03-18,Printer,South,9,180,0.0,1620.0
2025-03-18,Printer,East,5,180,0.0,900.0
2025-03-18,Router,West,15,80,0.1,1080.0
2025-03-18,Router,North,22,80,0.0,1760.0
2025-03-18,Router,South,15,80,0.0,1200.0
2025-03-18,Router,East,25,80,0.0,2000.0
2025-03-18,Webcam,West,12,55,0.0,660.0
2025-03-18,Webcam,North,6,55,0.05,313.5
2025-03-18,Webcam,South,9,55,0.0,495.0
2025-03-18,Webcam,East,9,55,0.05,470.25
2025-03-19,Laptop,West,10,650,0.05,6175.0
2025-03-19,Laptop,North,6,650,0.05,3705.0
2025-03-19,Laptop,South,16,650,0.0,10400.0
2025-03-19,Laptop,East,11,650,0.1,6435.0
2025-03-19,Monitor,West,13,220,0.1,2574.0
2025-03-19,Monitor,North,16,220,0.0,3520.0
2025-03-19,Monitor,South,5,220,0.15,935.0
2025-03-19,Monitor,East,13,220,0.1,2574.0
2025-03-19,Keyboard,West,24,45,0.1,972.0
2025-03-19,Keyboard,North,21,45,0.0,945.0
2025-03-19,Keyboard,South,16,45,0.05,684.0
2025-03-19,Keyboard,East,17,45,0.0,765.0
2025-03-19,Mouse,West,46,25,0.0,1150.0
2025-03-19,Mouse,North,33,25,0.05,783.75
2025-03-19,Mouse,South,26,25,0.05,617.5
2025-03-19,Mouse,East,36,25,0.0,900.0
2025-03-19,Headset,West,20,60,0.0,1200.0
2025-03-19,Headset,North,10,60,0.1,540.0
2025-03-19,Headset,South,11,60,0.05,627.0
2025-03-19,Headset,East,18,60,0.0,1080.0
2025-03-19,Printer,West,12,180,0.1,1944.0
2025-03-19,Printer,North,6,180,0.0,1080.0
2025-03-19,Printer,South,6,180,0.0,1080.0
2025-03-19,Printer,East,6,180,0.05,1026.0
2025-03-19,Router,West,23,80,0.0,1840.0
2025-03-19,Router,North,18,80,0.0,1440.0
2025-03-19,Router,South,16,80,0.1,1152.0
2025-03-19,Router,East,25,80,0.05,1900.0
2025-03-19,Webcam,West,15,55,0.15,701.25
2025-03-19,Webcam,North,8,55,0.0,440.0
2025-03-19,Webcam,South,15,55,0.15,701.25
2025-03-19,Webcam,East,11,55,0.0,605.0
2025-03-20,Laptop,West,10,650,0.0,6500.0
2025-03-20,Laptop,North,4,650,0.05,2470.0
2025-03-20,Laptop,South,6,650,0.15,3315.0
2025-03-20,Laptop,East,6,650,0.0,3900.0
2025-03-20,Monitor,West,9,220,0.15,1683.0
2025-03-20,Monitor,North,11,220,0.15,2057.0
2025-03-20,Monitor,South,14,220,0.05,2926.0
2025-03-20,Monitor,East,8,220,0.0,1760.0
2025-03-20,Keyboard,West,19,45,0.0,855.0
2025-03-20,Keyboard,North,24,45,0.05,1026.0
2025-03-20,Keyboard,South,14,45,0.05,598.5
2025-03-20,Keyboard,East,19,45,0.0,855.0
2025-03-20,Mouse,West,42,25,0.0,1050.0
2025-03-20,Mouse,North,26,25,0.0,650.0
2025-03-20,Mouse,South,34,25,0.05,807.5
2025-03-20,Mouse,East,36,25,0.05,855.0
2025-03-20,Headset,West,16,60,0.0,960.0
2025-03-20,Headset,North,13,60,0.05,741.0
2025-03-20,Headset,South,11,60,0.15,561.0
2025-03-20,Headset,East,15,60,0.05,855.0
2025-03-20,Printer,West,4,180,0.0,720.0
2025-03-20,Printer,North,10,180,0.0,1800.0
2025-03-20,Printer,South,8,180,0.1,1296.0
2025-03-20,Printer,East,10,180,0.0,1800.0
2025-03-20,Router,West,13,80,0.0,1040.0
2025-03-20,Router,North,6,80,0.1,432.0
2025-03-20,Router,South,16,80,0.1,1152.0
2025-03-20,Router,East,19,80,0.05,1444.0
2025-03-20,Webcam,West,15,55,0.1,742.5
2025-03-20,Webcam,North,7,55,0.0,385.0
2025-03-20,Webcam,South,13,55,0.0,715.0
2025-03-20,Webcam,East,13,55,0.0,715.0
2025-03-21,Laptop,West,11,650,0.05,6792.5
2025-03-21,Laptop,North,7,650,0.0,4550.0
2025-03-21,Laptop,South,6,650,0.0,3900.0
2025-03-21,Laptop,East,9,650,0.1,5265.0
2025-03-21,Monitor,West,7,220,0.05,1463.0
2025-03-21,Monitor,North,12,220,0.1,2376.0
2025-03-21,Monitor,South,9,220,0.05,1881.0
2025-03-21,Monitor,East,18,220,0.1,3564.0
2025-03-21,Keyboard,West,21,45,0.1,850.5
2025-03-21,Keyboard,North,16,45,0.0,720.0
2025-03-21,Keyboard,South,17,45,0.05,726.75
2025-03-21,Keyboard,East,20,45,0.0,900.0
2025-03-21,Mouse,West,22,25,0.0,550.0
2025-03-21,Mouse,North,25,25,0.1,562.5
2025-03-21,Mouse,South,23,25,0.05,546.25
2025-03-21,Mouse,East,24,25,0.0,600.0
2025-03-21,Headset,West,18,60,0.0,1080.0
2025-03-21,Headset,North,12,60,0.0,720.0
2025-03-21,Headset,South,18,60,0.05,1026.0
2025-03-21,Headset,East,13,60,0.05,741.0
2025-03-21,Printer,West,15,180,0.05,2565.0
2025-03-21,Printer,North,6,180,0.0,1080.0
2025-03-21,Printer,South,6,180,0.05,1026.0
2025-03-21,Printer,East,5,180,0.15,765.0
2025-03-21,Router,West,22,80,0.05,1672.0
2025-03-21,Router,North,22,80,0.05,1672.0
2025-03-21,Router,South,12,80,0.1,864.0
2025-03-21,Router,East,15,80,0.0,1200.0
2025-03-21,Webcam,West,16,55,0.1,792.0
2025-03-21,Webcam,North,12,55,0.05,627.0
2025-03-21,Webcam,South,5,55,0.05,261.25
2025-03-21,Webcam,East,10,55,0.0,550.0
2025-03-22,Laptop,West,13,650,0.05,8027.5
2025-03-22,Laptop,North,6,650,0.05,3705.0
2025-03-22,Laptop,South,8,650,0.05,4940.0
2025-03-22,Laptop,East,12,650,0.1,7020.0
2025-03-22,Monitor,West,8,220,0.0,1760.0
2025-03-22,Monitor,North,12,220,0.0,2640.0
2025-03-22,Monitor,South,15,220,0.0,3300.0
2025-03-22,Monitor,East,15,220,0.05,3135.0
2025-03-22,Keyboard,West,31,45,0.05,1325.25
2025-03-22,Keyboard,North,13,45,0.0,585.0
2025-03-22,Keyboard,South,17,45,0.0,765.0
2025-03-22,Keyboard,East,23,45,0.05,983.25
2025-03-22,Mouse,West,51,25,0.05,1211.25
2025-03-22,Mouse,North,28,25,0.05,665.0
2025-03-22,Mouse,South,32,25,0.0,800.0
2025-03-22,Mouse,East,24,25,0.05,570.0
2025-03-22,Headset,West,17,60,0.1,918.0
2025-03-22,Headset,North,18,60,0.05,1026.0
2025-03-22,Headset,South,21,60,0.1,1134.0
2025-03-22,Headset,East,13,60,0.0,780.0
2025-03-22,Printer,West,10,180,0.0,1800.0
2025-03-22,Printer,North,8,180,0.05,1368.0
2025-03-22,Printer,South,7,180,0.1,1134.0
2025-03-22,Printer,East,10,180,0.0,1800.0
2025-03-22,Router,West,18,80,0.05,1368.0
2025-03-22,Router,North,14,80,0.0,1120.0
2025-03-22,Router,South,10,80,0.0,800.0
2025-03-22,Router,East,13,80,0.05,988.0
2025-03-22,Webcam,West,16,55,0.1,792.0
2025-03-22,Webcam,North,12,55,0.05,627.0
2025-03-22,Webcam,South,7,55,0.0,385.0
2025-03-22,Webcam,East,5,55,0.1,247.5
2025-03-23,Laptop,West,14,650,0.05,8645.0
2025-03-23,Laptop,North,7,650,0.0,4550.0
2025-03-23,Laptop,South,8,650,0.0,5200.0
2025-03-23,Laptop,East,8,650,0.0,5200.0
2025-03-23,Monitor,West,11,220,0.0,2420.0
2025-03-23,Monitor,North,7,220,0.0,1540.0
2025-03-23,Monitor,South,9,220,0.05,1881.0
2025-03-23,Monitor,East,12,220,0.0,2640.0
2025-03-23,Keyboard,West,18,45,0.0,810.0
2025-03-23,Keyboard,North,19,45,0.05,812.25
2025-03-23,Keyboard,South,16,45,0.0,720.0
2025-03-23,Keyboard,East,20,45,0.1,810.0
2025-03-23,Mouse,West,37,25,0.0,925.0
2025-03-23,Mouse,North,33,25,0.05,783.75
2025-03-23,Mouse,South,32,25,0.0,800.0
2025-03-23,Mouse,East,32,25,0.0,800.0
2025-03-23,Headset,West,20,60,0.0,1200.0
2025-03-23,Headset,North,12,60,0.1,648.0
2025-03-23,Headset,South,7,60,0.05,399.0
2025-03-23,Headset,East,15,60,0.0,900.0
2025-03-23,Printer,West,4,180,0.1,648.0
2025-03-23,Printer,North,2,180,0.05,342.0
2025-03-23,Printer,South,11,180,0.15,1683.0
2025-03-23,Printer,East,6,180,0.05,1026.0
2025-03-23,Router,West,25,80,0.1,1800.0
2025-03-23,Router,North,23,80,0.05,1748.0
2025-03-23,Router,South,14,80,0.0,1120.0
2025-03-23,Router,East,15,80,0.0,1200.0
2025-03-23,Webcam,West,16,55,0.0,880.0
2025-03-23,Webcam,North,15,55,0.05,783.75
2025-03-23,Webcam,South,13,55,0.0,715.0
2025-03-23,Webcam,East,12,55,0.1,594.0
2025-03-24,Laptop,West,15,650,0.05,9262.5
2025-03-24,Laptop,North,6,650,0.0,3900.0
2025-03-24,Laptop,South,5,650,0.1,2925.0
2025-03-24,Laptop,East,11,650,0.05,6792.5
2025-03-24,Monitor,West,19,220,0.1,3762.0
2025-03-24,Monitor,North,15,220,0.0,3300.0
2025-03-24,Monitor,South,9,220,0.05,1881.0
2025-03-24,Monitor,East,12,220,0.1,2376.0
2025-03-24,Keyboard,West,31,45,0.05,1325.25
2025-03-24,Keyboard,North,19,45,0.0,855.0
2025-03-24,Keyboard,South,24,45,0.05,1026.0
2025-03-24,Keyboard,East,22,45,0.0,990.0
2025-03-24,Mouse,West,36,25,0.1,810.0
2025-03-24,Mouse,North,27,25,0.05,641.25
2025-03-24,Mouse,South,21,25,0.0,525.0
2025-03-24,Mouse,East,28,25,0.05,665.0
2025-03-24,Headset,West,17,60,0.0,1020.0
2025-03-24,Headset,North,9,60,0.1,486.0
2025-03-24,Headset,South,10,60,0.05,570.0
2025-03-24,Headset,East,15,60,0.0,900.0
2025-03-24,Printer,West,10,180,0.1,1620.0
2025-03-24,Printer,North,7,180,0.05,1197.0
2025-03-24,Printer,South,6,180,0.05,1026.0
2025-03-24,Printer,East,12,180,0.0,2160.0
2025-03-24,Router,West,16,80,0.1,1152.0
2025-03-24,Router,North,20,80,0.05,1520.0
2025-03-24,Router,South,17,80,0.1,1224.0
2025-03-24,Router,East,20,80,0.05,1520.0
2025-03-24,Webcam,West,17,55,0.0,935.0
2025-03-24,Webcam,North,14,55,0.1,693.0
2025-03-24,Webcam,South,11,55,0.05,574.75
2025-03-24,Webcam,East,12,55,0.0,660.0
2025-03-25,Laptop,West,10,650,0.05,6175.0
2025-03-25,Laptop,North,17,650,0.0,11050.0
2025-03-25,Laptop,South,10,650,0.05,6175.0
2025-03-25,Laptop,East,7,650,0.1,4095.0
2025-03-25,Monitor,West,14,220,0.05,2926.0
2025-03-25,Monitor,North,7,220,0.0,1540.0
2025-03-25,Monitor,South,9,220,0.15,1683.0
2025-03-25,Monitor,East,11,220,0.0,2420.0
2025-03-25,Keyboard,West,29,45,0.0,1305.0
2025-03-25,Keyboard,North,18,45,0.0,810.0
2025-03-25,Keyboard,South,15,45,0.15,573.75
2025-03-25,Keyboard,East,23,45,0.05,983.25
2025-03-25,Mouse,West,35,25,0.0,875.0
2025-03-25,Mouse,North,18,25,0.0,450.0
2025-03-25,Mouse,South,27,25,0.05,641.25
2025-03-25,Mouse,East,39,25,0.0,975.0
2025-03-25,Headset,West,18,60,0.0,1080.0
2025-03-25,Headset,North,19,60,0.05,1083.0
2025-03-25,Headset,South,23,60,0.0,1380.0
2025-03-25,Headset,East,17,60,0.0,1020.0
2025-03-25,Printer,West,9,180,0.05,1539.0
2025-03-25,Printer,North,6,180,0.0,1080.0
2025-03-25,Printer,South,7,180,0.0,1260.0
2025-03-25,Printer,East,9,180,0.1,1458.0
2025-03-25,Router,West,22,80,0.0,1760.0
2025-03-25,Router,North,16,80,0.1,1152.0
2025-03-25,Router,South,16,80,0.1,1152.0
2025-03-25,Router,East,20,80,0.0,1600.0
2025-03-25,Webcam,West,18,55,0.0,990.0
2025-03-25,Webcam,North,12,55,0.0,660.0
2025-03-25,Webcam,South,10,55,0.0,550.0
2025-03-25,Webcam,East,21,55,0.05,1097.25
2025-03-26,Laptop,West,11,650,0.05,6792.5
2025-03-26,Laptop,North,6,650,0.0,3900.0
2025-03-26,Laptop,South,11,650,0.0,7150.0
2025-03-26,Laptop,East,10,650,0.15,5525.0
2025-03-26,Monitor,West,15,220,0.1,2970.0
2025-03-26,Monitor,North,14,220,0.0,3080.0
2025-03-26,Monitor,South,10,220,0.05,2090.0
2025-03-26,Monitor,East,14,220,0.1,2772.0
2025-03-26,Keyboard,West,21,45,0.0,945.0
2025-03-26,Keyboard,North,24,45,0.0,1080.0
2025-03-26,Keyboard,South,21,45,0.0,945.0
2025-03-26,Keyboard,East,21,45,0.0,945.0
2025-03-26,Mouse,West,32,25,0.1,720.0
2025-03-26,Mouse,North,31,25,0.1,697.5
2025-03-26,Mouse,South,29,25,0.1,652.5
2025-03-26,Mouse,East,25,25,0.05,593.75
2025-03-26,Headset,West,15,60,0.0,900.0
2025-03-26,Headset,North,14,60,0.1,756.0
2025-03-26,Headset,South,6,60,0.05,342.0
2025-03-26,Headset,East,10,60,0.0,600.0
2025-03-26,Printer,West,4,180,0.1,648.0
2025-03-26,Printer,North,3,180,0.0,540.0
2025-03-26,Printer,South,8,180,0.05,1368.0
2025-03-26,Printer,East,9,180,0.05,1539.0
2025-03-26,Router,West,20,80,0.0,1600.0
2025-03-26,Router,North,21,80,0.1,1512.0
2025-03-26,Router,South,15,80,0.0,1200.0
2025-03-26,Router,East,15,80,0.15,1020.0
2025-03-26,Webcam,West,12,55,0.05,627.0
2025-03-26,Webcam,North,7,55,0.0,385.0
2025-03-26,Webcam,South,14,55,0.05,731.5
2025-03-26,Webcam,East,8,55,0.0,440.0
2025-03-27,Laptop,West,11,650,0.0,7150.0
2025-03-27,Laptop,North,16,650,0.05,9880.0
2025-03-27,Laptop,South,7,650,0.0,4550.0
2025-03-27,Laptop,East,6,650,0.15,3315.0
2025-03-27,Monitor,West,13,220,0.1,2574.0
2025-03-27,Monitor,North,12,220,0.0,2640.0
2025-03-27,Monitor,South,12,220,0.1,2376.0
2025-03-27,Monitor,East,10,220,0.05,2090.0
2025-03-27,Keyboard,West,22,45,0.1,891.0
2025-03-27,Keyboard,North,23,45,0.0,1035.0
2025-03-27,Keyboard,South,19,45,0.0,855.0
2025-03-27,Keyboard,East,23,45,0.0,1035.0
2025-03-27,Mouse,West,36,25,0.05,855.0
2025-03-27,Mouse,North,23,25,0.0,575.0
2025-03-27,Mouse,South,26,25,0.1,585.0
2025-03-27,Mouse,East,22,25,0.05,522.5
2025-03-27,Headset,West,19,60,0.05,1083.0
2025-03-27,Headset,North,11,60,0.0,660.0
2025-03-27,Headset,South,8,60,0.0,480.0
2025-03-27,Headset,East,9,60,0.0,540.0
2025-03-27,Printer,West,7,180,0.05,1197.0
2025-03-27,Printer,North,3,180,0.05,513.0
2025-03-27,Printer,South,4,180,0.1,648.0
2025-03-27,Printer,East,7,180,0.05,1197.0
2025-03-27,Router,West,16,80,0.05,1216.0
2025-03-27,Router,North,8,80,0.05,608.0
2025-03-27,Router,South,8,80,0.05,608.0
2025-03-27,Router,East,12,80,0.05,912.0
2025-03-27,Webcam,West,18,55,0.0,990.0
2025-03-27,Webcam,North,14,55,0.1,693.0
2025-03-27,Webcam,South,6,55,0.0,330.0
2025-03-27,Webcam,East,13,55,0.1,643.5
2025-03-28,Laptop,West,9,650,0.15,4972.5
2025-03-28,Laptop,North,4,650,0.0,2600.0
2025-03-28,Laptop,South,16,650,0.05,9880.0
2025-03-28,Laptop,East,9,650,0.0,5850.0
2025-03-28,Monitor,West,10,220,0.1,1980.0
2025-03-28,Monitor,North,8,220,0.05,1672.0
2025-03-28,Monitor,South,9,220,0.05,1881.0
2025-03-28,Monitor,East,10,220,0.05,2090.0
2025-03-28,Keyboard,West,16,45,0.0,720.0
2025-03-28,Keyboard,North,25,45,0.0,1125.0
2025-03-28,Keyboard,South,21,45,0.05,897.75
2025-03-28,Keyboard,East,18,45,0.15,688.5
2025-03-28,Mouse,West,23,25,0.0,575.0
2025-03-28,Mouse,North,25,25,0.1,562.5
2025-03-28,Mouse,South,35,25,0.05,831.25
2025-03-28,Mouse,East,33,25,0.0,825.0
2025-03-28,Headset,West,12,60,0.0,720.0
2025-03-28,Headset,North,9,60,0.1,486.0
2025-03-28,Headset,South,13,60,0.0,780.0
2025-03-28,Headset,East,15,60,0.1,810.0
2025-03-28,Printer,West,7,180,0.0,1260.0
2025-03-28,Printer,North,8,180,0.05,1368.0
2025-03-28,Printer,South,3,180,0.15,459.0
2025-03-28,Printer,East,8,180,0.0,1440.0
2025-03-28,Router,West,19,80,0.1,1368.0
2025-03-28,Router,North,20,80,0.1,1440.0
2025-03-28,Router,South,16,80,0.1,1152.0
2025-03-28,Router,East,18,80,0.05,1368.0
2025-03-28,Webcam,West,10,55,0.05,522.5
2025-03-28,Webcam,North,8,55,0.0,440.0
2025-03-28,Webcam,South,19,55,0.1,940.5
2025-03-28,Webcam,East,13,55,0.0,715.0
2025-03-29,Laptop,West,8,650,0.0,5200.0
2025-03-29,Laptop,North,9,650,0.15,4972.5
2025-03-29,Laptop,South,4,650,0.0,2600.0
2025-03-29,Laptop,East,10,650,0.15,5525.0
2025-03-29,Monitor,West,13,220,0.1,2574.0
2025-03-29,Monitor,North,13,220,0.05,2717.0
2025-03-29,Monitor,South,14,220,0.0,3080.0
2025-03-29,Monitor,East,12,220,0.05,2508.0
2025-03-29,Keyboard,West,23,45,0.0,1035.0
2025-03-29,Keyboard,North,24,45,0.0,1080.0
2025-03-29,Keyboard,South,20,45,0.05,855.0
2025-03-29,Keyboard,East,21,45,0.05,897.75
2025-03-29,Mouse,West,44,25,0.0,1100.0
2025-03-29,Mouse,North,37,25,0.0,925.0
2025-03-29,Mouse,South,18,25,0.0,450.0
2025-03-29,Mouse,East,38,25,0.0,950.0
2025-03-29,Headset,West,15,60,0.05,855.0
2025-03-29,Headset,North,16,60,0.0,960.0
2025-03-29,Headset,South,14,60,0.05,798.0
2025-03-29,Headset,East,19,60,0.1,1026.0
2025-03-29,Printer,West,6,180,0.05,1026.0
2025-03-29,Printer,North,11,180,0.0,1980.0
2025-03-29,Printer,South,7,180,0.05,1197.0
2025-03-29,Printer,East,9,180,0.05,1539.0
2025-03-29,Router,West,15,80,0.1,1080.0
2025-03-29,Router,North,17,80,0.0,1360.0
2025-03-29,Router,South,20,80,0.05,1520.0
2025-03-29,Router,East,20,80,0.0,1600.0
2025-03-29,Webcam,West,16,55,0.05,836.0
2025-03-29,Webcam,North,7,55,0.05,365.75
2025-03-29,Webcam,South,10,55,0.05,522.5
2025-03-29,Webcam,East,15,55,0.05,783.75
2025-03-30,Laptop,West,11,650,0.1,6435.0
2025-03-30,Laptop,North,11,650,0.05,6792.5
2025-03-30,Laptop,South,10,650,0.1,5850.0
2025-03-30,Laptop,East,10,650,0.0,6500.0
2025-03-30,Monitor,West,16,220,0.1,3168.0
2025-03-30,Monitor,North,13,220,0.1,2574.0
2025-03-30,Monitor,South,9,220,0.0,1980.0
2025-03-30,Monitor,East,10,220,0.1,1980.0
2025-03-30,Keyboard,West,28,45,0.0,1260.0
2025-03-30,Keyboard,North,12,45,0.05,513.0
2025-03-30,Keyboard,South,20,45,0.15,765.0
2025-03-30,Keyboard,East,20,45,0.05,855.0
2025-03-30,Mouse,West,26,25,0.05,617.5
2025-03-30,Mouse,North,30,25,0.0,750.0
2025-03-30,Mouse,South,18,25,0.1,405.0
2025-03-30,Mouse,East,27,25,0.05,641.25
2025-03-30,Headset,West,17,60,0.0,1020.0
2025-03-30,Headset,North,17,60,0.05,969.0
2025-03-30,Headset,South,10,60,0.1,540.0
2025-03-30,Headset,East,15,60,0.0,900.0
2025-03-30,Printer,West,10,180,0.0,1800.0
2025-03-30,Printer,North,8,180,0.0,1440.0
2025-03-30,Printer,South,9,180,0.0,1620.0
2025-03-30,Printer,East,3,180,0.05,513.0
2025-03-30,Router,West,20,80,0.05,1520.0
2025-03-30,Router,North,11,80,0.0,880.0
2025-03-30,Router,South,19,80,0.0,1520.0
2025-03-30,Router,East,18,80,0.0,1440.0
2025-03-30,Webcam,West,9,55,0.05,470.25
2025-03-30,Webcam,North,12,55,0.05,627.0
2025-03-30,Webcam,South,15,55,0.1,742.5
2025-03-30,Webcam,East,16,55,0.0,880.0
2025-03-31,Laptop,West,13,650,0.0,8450.0
2025-03-31,Laptop,North,12,650,0.0,7800.0
2025-03-31,Laptop,South,6,650,0.15,3315.0
2025-03-31,Laptop,East,9,650,0.05,5557.5
2025-03-31,Monitor,West,6,220,0.05,1254.0
2025-03-31,Monitor,North,17,220,0.0,3740.0
2025-03-31,Monitor,South,9,220,0.0,1980.0
2025-03-31,Monitor,East,15,220,0.1,2970.0
2025-03-31,Keyboard,West,17,45,0.1,688.5
2025-03-31,Keyboard,North,16,45,0.05,684.0
2025-03-31,Keyboard,South,12,45,0.05,513.0
2025-03-31,Keyboard,East,28,45,0.05,1197.0
2025-03-31,Mouse,West,34,25,0.0,850.0
2025-03-31,Mouse,North,28,25,0.0,700.0
2025-03-31,Mouse,South,25,25,0.0,625.0
2025-03-31,Mouse,East,32,25,0.0,800.0
2025-03-31,Headset,West,25,60,0.1,1350.0
2025-03-31,Headset,North,12,60,0.0,720.0
2025-03-31,Headset,South,5,60,0.05,285.0
2025-03-31,Headset,East,14,60,0.1,756.0
2025-03-31,Printer,West,12,180,0.05,2052.0
2025-03-31,Printer,North,4,180,0.05,684.0
2025-03-31,Printer,South,7,180,0.0,1260.0
2025-03-31,Printer,East,4,180,0.0,720.0
2025-03-31,Router,West,21,80,0.05,1596.0
2025-03-31,Router,North,13,80,0.0,1040.0
2025-03-31,Router,South,21,80,0.0,1680.0
2025-03-31,Router,East,20,80,0.0,1600.0
2025-03-31,Webcam,West,14,55,0.0,770.0
2025-03-31,Webcam,North,9,55,0.15,420.75
2025-03-31,Webcam,South,9,55,0.05,470.25
2025-03-31,Webcam,East,9,55,0.05,470.25
2025-04-01,Laptop,West,10,650,0.0,6500.0
2025-04-01,Laptop,North,10,650,0.0,6500.0
2025-04-01,Laptop,South,6,650,0.0,3900.0
2025-04-01,Laptop,East,10,650,0.1,5850.0
2025-04-01,Monitor,West,19,220,0.1,3762.0
2025-04-01,Monitor,North,10,220,0.0,2200.0
2025-04-01,Monitor,South,11,220,0.1,2178.0
2025-04-01,Monitor,East,8,220,0.0,1760.0
2025-04-01,Keyboard,West,27,45,0.1,1093.5
2025-04-01,Keyboard,North,17,45,0.1,688.5
2025-04-01,Keyboard,South,19,45,0.05,812.25
2025-04-01,Keyboard,East,23,45,0.05,983.25
2025-04-01,Mouse,West,24,25,0.1,540.0
2025-04-01,Mouse,North,37,25,0.0,925.0
2025-04-01,Mouse,South,27,25,0.1,607.5
2025-04-01,Mouse,East,25,25,0.0,625.0
2025-04-01,Headset,West,13,60,0.05,741.0
2025-04-01,Headset,North,12,60,0.1,648.0
2025-04-01,Headset,South,9,60,0.0,540.0
2025-04-01,Headset,East,20,60,0.0,1200.0
2025-04-01,Printer,West,5,180,0.0,900.0
2025-04-01,Printer,North,5,180,0.0,900.0
2025-04-01,Printer,South,7,180,0.05,1197.0
2025-04-01,Printer,East,8,180,0.1,1296.0
2025-04-01,Router,West,17,80,0.0,1360.0
2025-04-01,Router,North,14,80,0.0,1120.0
2025-04-01,Router,South,14,80,0.0,1120.0
2025-04-01,Router,East,13,80,0.1,936.0
2025-04-01,Webcam,West,11,55,0.05,574.75
2025-04-01,Webcam,North,6,55,0.05,313.5
2025-04-01,Webcam,South,10,55,0.05,522.5
2025-04-01,Webcam,East,11,55,0.05,574.75
2025-04-02,Laptop,West,14,650,0.0,9100.0
2025-04-02,Laptop,North,8,650,0.05,4940.0
2025-04-02,Laptop,South,13,650,0.05,8027.5
2025-04-02,Laptop,East,11,650,0.0,7150.0
2025-04-02,Monitor,West,13,220,0.15,2431.0
2025-04-02,Monitor,North,9,220,0.0,1980.0
2025-04-02,Monitor,South,11,220,0.0,2420.0
2025-04-02,Monitor,East,11,220,0.15,2057.0
2025-04-02,Keyboard,West,20,45,0.15,765.0
2025-04-02,Keyboard,North,24,45,0.0,1080.0
2025-04-02,Keyboard,South,24,45,0.05,1026.0
2025-04-02,Keyboard,East,26,45,0.1,1053.0
2025-04-02,Mouse,West,33,25,0.1,742.5
2025-04-02,Mouse,North,28,25,0.05,665.0
2025-04-02,Mouse,South,25,25,0.05,593.75
2025-04-02,Mouse,East,29,25,0.1,652.5
2025-04-02,Headset,West,14,60,0.1,756.0
2025-04-02,Headset,North,10,60,0.1,540.0
2025-04-02,Headset,South,16,60,0.05,912.0
2025-04-02,Headset,East,18,60,0.15,918.0
2025-04-02,Printer,West,4,180,0.0,720.0
2025-04-02,Printer,North,3,180,0.0,540.0
2025-04-02,Printer,South,6,180,0.0,1080.0
2025-04-02,Printer,East,4,180,0.0,720.0
2025-04-02,Router,West,24,80,0.1,1728.0
2025-04-02,Router,North,14,80,0.05,1064.0
2025-04-02,Router,South,14,80,0.15,952.0
2025-04-02,Router,East,17,80,0.05,1292.0
2025-04-02,Webcam,West,16,55,0.0,880.0
2025-04-02,Webcam,North,11,55,0.1,544.5
2025-04-02,Webcam,South,7,55,0.15,327.25
2025-04-02,Webcam,East,18,55,0.0,990.0
2025-04-03,Laptop,West,8,650,0.05,4940.0
2025-04-03,Laptop,North,12,650,0.05,7410.0
2025-04-03,Laptop,South,9,650,0.1,5265.0
2025-04-03,Laptop,East,11,650,0.0,7150.0
2025-04-03,Monitor,West,14,220,0.05,2926.0
2025-04-03,Monitor,North,11,220,0.1,2178.0
2025-04-03,Monitor,South,10,220,0.0,2200.0
2025-04-03,Monitor,East,10,220,0.05,2090.0
2025-04-03,Keyboard,West,25,45,0.1,1012.5
2025-04-03,Keyboard,North,29,45,0.0,1305.0
2025-04-03,Keyboard,South,14,45,0.0,630.0
2025-04-03,Keyboard,East,30,45,0.05,1282.5
2025-04-03,Mouse,West,35,25,0.1,787.5
2025-04-03,Mouse,North,30,25,0.0,750.0
2025-04-03,Mouse,South,29,25,0.1,652.5
2025-04-03,Mouse,East,36,25,0.15,765.0
2025-04-03,Headset,West,24,60,0.05,1368.0
2025-04-03,Headset,North,8,60,0.0,480.0
2025-04-03,Headset,South,11,60,0.0,660.0
2025-04-03,Headset,East,13,60,0.05,741.0
2025-04-03,Printer,West,6,180,0.0,1080.0
2025-04-03,Printer,North,9,180,0.0,1620.0
2025-04-03,Printer,South,6,180,0.0,1080.0
2025-04-03,Printer,East,3,180,0.15,459.0
2025-04-03,Router,West,22,80,0.0,1760.0
2025-04-03,Router,North,19,80,0.1,1368.0
2025-04-03,Router,South,22,80,0.0,1760.0
2025-04-03,Router,East,18,80,0.0,1440.0
2025-04-03,Webcam,West,11,55,0.1,544.5
2025-04-03,Webcam,North,12,55,0.0,660.0
2025-04-03,Webcam,South,12,55,0.0,660.0
2025-04-03,Webcam,East,9,55,0.1,445.5
2025-04-04,Laptop,West,15,650,0.0,9750.0
2025-04-04,Laptop,North,11,650,0.0,7150.0
2025-04-04,Laptop,South,7,650,0.05,4322.5
2025-04-04,Laptop,East,9,650,0.05,5557.5
2025-04-04,Monitor,West,21,220,0.05,4389.0
2025-04-04,Monitor,North,10,220,0.05,2090.0
2025-04-04,Monitor,South,9,220,0.05,1881.0
2025-04-04,Monitor,East,15,220,0.0,3300.0
2025-04-04,Keyboard,West,25,45,0.0,1125.0
2025-04-04,Keyboard,North,22,45,0.0,990.0
2025-04-04,Keyboard,South,23,45,0.15,879.75
2025-04-04,Keyboard,East,13,45,0.0,585.0
2025-04-04,Mouse,West,41,25,0.0,1025.0
2025-04-04,Mouse,North,36,25,0.0,900.0
2025-04-04,Mouse,South,25,25,0.0,625.0
2025-04-04,Mouse,East,30,25,0.05,712.5
2025-04-04,Headset,West,20,60,0.0,1200.0
2025-04-04,Headset,North,8,60,0.0,480.0
2025-04-04,Headset,South,12,60,0.1,648.0
2025-04-04,Headset,East,8,60,0.05,456.0
2025-04-04,Printer,West,6,180,0.0,1080.0
2025-04-04,Printer,North,7,180,0.15,1071.0
2025-04-04,Printer,South,8,180,0.1,1296.0
2025-04-04,Printer,East,12,180,0.05,2052.0
2025-04-04,Router,West,19,80,0.0,1520.0
2025-04-04,Router,North,18,80,0.05,1368.0
2025-04-04,Router,South,12,80,0.1,864.0
2025-04-04,Router,East,14,80,0.05,1064.0
2025-04-04,Webcam,West,14,55,0.05,731.5
2025-04-04,Webcam,North,9,55,0.0,495.0
2025-04-04,Webcam,South,10,55,0.1,495.0
2025-04-04,Webcam,East,13,55,0.0,715.0
2025-04-05,Laptop,West,13,650,0.1,7605.0
2025-04-05,Laptop,North,7,650,0.0,4550.0
2025-04-05,Laptop,South,7,650,0.05,4322.5
2025-04-05,Laptop,East,10,650,0.0,6500.0
2025-04-05,Monitor,West,12,220,0.0,2640.0
2025-04-05,Monitor,North,11,220,0.0,2420.0
2025-04-05,Monitor,South,9,220,0.05,1881.0
2025-04-05,Monitor,East,12,220,0.0,2640.0
2025-04-05,Keyboard,West,26,45,0.0,1170.0
2025-04-05,Keyboard,North,15,45,0.0,675.0
2025-04-05,Keyboard,South,21,45,0.1,850.5
2025-04-05,Keyboard,East,23,45,0.1,931.5
2025-04-05,Mouse,West,38,25,0.0,950.0
2025-04-05,Mouse,North,34,25,0.05,807.5
2025-04-05,Mouse,South,27,25,0.0,675.0
2025-04-05,Mouse,East,34,25,0.15,722.5
2025-04-05,Headset,West,19,60,0.0,1140.0
2025-04-05,Headset,North,10,60,0.05,570.0
2025-04-05,Headset,South,14,60,0.05,798.0
2025-04-05,Headset,East,19,60,0.05,1083.0
2025-04-05,Printer,West,8,180,0.0,1440.0
2025-04-05,Printer,North,8,180,0.1,1296.0
2025-04-05,Printer,South,10,180,0.05,1710.0
2025-04-05,Printer,East,8,180,0.1,1296.0
2025-04-05,Router,West,17,80,0.0,1360.0
2025-04-05,Router,North,14,80,0.0,1120.0
2025-04-05,Router,South,13,80,0.05,988.0
2025-04-05,Router,East,16,80,0.0,1280.0
2025-04-05,Webcam,West,8,55,0.05,418.0
2025-04-05,Webcam,North,13,55,0.05,679.25
2025-04-05,Webcam,South,11,55,0.05,574.75
2025-04-05,Webcam,East,9,55,0.0,495.0
2025-04-06,Laptop,West,12,650,0.0,7800.0
2025-04-06,Laptop,North,10,650,0.0,6500.0
2025-04-06,Laptop,South,12,650,0.0,7800.0
2025-04-06,Laptop,East,6,650,0.05,3705.0
2025-04-06,Monitor,West,15,220,0.0,3300.0
2025-04-06,Monitor,North,14,220,0.05,2926.0
2025-04-06,Monitor,South,13,220,0.0,2860.0
2025-04-06,Monitor,East,14,220,0.0,3080.0
2025-04-06,Keyboard,West,23,45,0.05,983.25
2025-04-06,Keyboard,North,18,45,0.0,810.0
2025-04-06,Keyboard,South,20,45,0.05,855.0
2025-04-06,Keyboard,East,25,45,0.1,1012.5
2025-04-06,Mouse,West,28,25,0.05,665.0
2025-04-06,Mouse,North,32,25,0.05,760.0
2025-04-06,Mouse,South,18,25,0.0,450.0
2025-04-06,Mouse,East,24,25,0.05,570.0
2025-04-06,Headset,West,16,60,0.0,960.0
2025-04-06,Headset,North,14,60,0.15,714.0
2025-04-06,Headset,South,19,60,0.0,1140.0
2025-04-06,Headset,East,12,60,0.0,720.0
2025-04-06,Printer,West,6,180,0.1,972.0
2025-04-06,Printer,North,8,180,0.1,1296.0
2025-04-06,Printer,South,9,180,0.0,1620.0
2025-04-06,Printer,East,10,180,0.1,1620.0
2025-04-06,Router,West,14,80,0.1,1008.0
2025-04-06,Router,North,13,80,0.0,1040.0
2025-04-06,Router,South,18,80,0.1,1296.0
2025-04-06,Router,East,23,80,0.05,1748.0
2025-04-06,Webcam,West,13,55,0.05,679.25
2025-04-06,Webcam,North,16,55,0.0,880.0
2025-04-06,Webcam,South,11,55,0.15,514.25
2025-04-06,Webcam,East,13,55,0.0,715.0
2025-04-07,Laptop,West,7,650,0.0,4550.0
2025-04-07,Laptop,North,16,650,0.0,10400.0
2025-04-07,Laptop,South,6,650,0.05,3705.0
2025-04-07,Laptop,East,6,650,0.05,3705.0
2025-04-07,Monitor,West,9,220,0.05,1881.0
2025-04-07,Monitor,North,13,220,0.1,2574.0
2025-04-07,Monitor,South,12,220,0.0,2640.0
2025-04-07,Monitor,East,18,220,0.05,3762.0
2025-04-07,Keyboard,West,36,45,0.15,1377.0
2025-04-07,Keyboard,North,24,45,0.1,972.0
2025-04-07,Keyboard,South,16,45,0.0,720.0
2025-04-07,Keyboard,East,19,45,0.0,855.0
2025-04-07,Mouse,West,36,25,0.0,900.0
2025-04-07,Mouse,North,24,25,0.05,570.0
2025-04-07,Mouse,South,34,25,0.1,765.0
2025-04-07,Mouse,East,31,25,0.0,775.0
2025-04-07,Headset,West,15,60,0.0,900.0
2025-04-07,Headset,North,14,60,0.05,798.0
2025-04-07,Headset,South,14,60,0.0,840.0
2025-04-07,Headset,East,12,60,0.05,684.0
2025-04-07,Printer,West,5,180,0.0,900.0
2025-04-07,Printer,North,9,180,0.1,1458.0
2025-04-07,Printer,South,5,180,0.05,855.0
2025-04-07,Printer,East,10,180,0.0,1800.0
2025-04-07,Router,West,21,80,0.0,1680.0
2025-04-07,Router,North,6,80,0.05,456.0
2025-04-07,Router,South,12,80,0.1,864.0
2025-04-07,Router,East,17,80,0.0,1360.0
2025-04-07,Webcam,West,11,55,0.0,605.0
2025-04-07,Webcam,North,17,55,0.0,935.0
2025-04-07,Webcam,South,16,55,0.0,880.0
2025-04-07,Webcam,East,14,55,0.0,770.0
2025-04-08,Laptop,West,14,650,0.1,8190.0
2025-04-08,Laptop,North,11,650,0.0,7150.0
2025-04-08,Laptop,South,7,650,0.0,4550.0
2025-04-08,Laptop,East,17,650,0.0,11050.0
2025-04-08,Monitor,West,24,220,0.0,5280.0
2025-04-08,Monitor,North,14,220,0.0,3080.0
2025-04-08,Monitor,South,8,220,0.0,1760.0
2025-04-08,Monitor,East,16,220,0.1,3168.0
2025-04-08,Keyboard,West,29,45,0.0,1305.0
2025-04-08,Keyboard,North,21,45,0.0,945.0
2025-04-08,Keyboard,South,24,45,0.1,972.0
2025-04-08,Keyboard,East,15,45,0.15,573.75
2025-04-08,Mouse,West,35,25,0.05,831.25
2025-04-08,Mouse,North,24,25,0.0,600.0
2025-04-08,Mouse,South,28,25,0.1,630.0
2025-04-08,Mouse,East,31,25,0.05,736.25
2025-04-08,Headset,West,10,60,0.0,600.0
2025-04-08,Headset,North,14,60,0.05,798.0
2025-04-08,Headset,South,19,60,0.0,1140.0
2025-04-08,Headset,East,11,60,0.1,594.0
2025-04-08,Printer,West,10,180,0.05,1710.0
2025-04-08,Printer,North,7,180,0.1,1134.0
2025-04-08,Printer,South,9,180,0.1,1458.0
2025-04-08,Printer,East,8,180,0.0,1440.0
2025-04-08,Router,West,22,80,0.1,1584.0
2025-04-08,Router,North,19,80,0.05,1444.0
2025-04-08,Router,South,16,80,0.1,1152.0
2025-04-08,Router,East,19,80,0.0,1520.0
2025-04-08,Webcam,West,10,55,0.0,550.0
2025-04-08,Webcam,North,8,55,0.0,440.0
2025-04-08,Webcam,South,13,55,0.05,679.25
2025-04-08,Webcam,East,14,55,0.05,731.5
2025-04-09,Laptop,West,19,650,0.05,11732.5
2025-04-09,Laptop,North,14,650,0.0,9100.0
2025-04-09,Laptop,South,12,650,0.0,7800.0
2025-04-09,Laptop,East,9,650,0.0,5850.0
2025-04-09,Monitor,West,10,220,0.15,1870.0
2025-04-09,Monitor,North,8,220,0.0,1760.0
2025-04-09,Monitor,South,10,220,0.0,2200.0
2025-04-09,Monitor,East,7,220,0.0,1540.0
2025-04-09,Keyboard,West,29,45,0.05,1239.75
2025-04-09,Keyboard,North,20,45,0.0,900.0
2025-04-09,Keyboard,South,19,45,0.05,812.25
2025-04-09,Keyboard,East,26,45,0.05,1111.5
2025-04-09,Mouse,West,24,25,0.0,600.0
2025-04-09,Mouse,North,31,25,0.0,775.0
2025-04-09,Mouse,South,27,25,0.05,641.25
2025-04-09,Mouse,East,48,25,0.05,1140.0
2025-04-09,Headset,West,20,60,0.0,1200.0
2025-04-09,Headset,North,15,60,0.05,855.0
2025-04-09,Headset,South,14,60,0.0,840.0
2025-04-09,Headset,East,8,60,0.0,480.0
2025-04-09,Printer,West,7,180,0.05,1197.0
2025-04-09,Printer,North,8,180,0.0,1440.0
2025-04-09,Printer,South,7,180,0.05,1197.0
2025-04-09,Printer,East,8,180,0.0,1440.0
2025-04-09,Router,West,17,80,0.1,1224.0
2025-04-09,Router,North,14,80,0.05,1064.0
2025-04-09,Router,South,11,80,0.05,836.0
2025-04-09,Router,East,17,80,0.0,1360.0
2025-04-09,Webcam,West,17,55,0.05,888.25
2025-04-09,Webcam,North,12,55,0.0,660.0
2025-04-09,Webcam,South,5,55,0.1,247.5
2025-04-09,Webcam,East,12,55,0.1,594.0
2025-04-10,Laptop,West,11,650,0.05,6792.5
2025-04-10,Laptop,North,7,650,0.05,4322.5
2025-04-10,Laptop,South,11,650,0.0,7150.0
2025-04-10,Laptop,East,8,650,0.05,4940.0
2025-04-10,Monitor,West,15,220,0.1,2970.0
2025-04-10,Monitor,North,14,220,0.0,3080.0
2025-04-10,Monitor,South,8,220,0.0,1760.0
2025-04-10,Monitor,East,9,220,0.05,1881.0
2025-04-10,Keyboard,West,25,45,0.1,1012.5
2025-04-10,Keyboard,North,17,45,0.0,765.0
2025-04-10,Keyboard,South,16,45,0.0,720.0
2025-04-10,Keyboard,East,18,45,0.1,729.0
2025-04-10,Mouse,West,29,25,0.0,725.0
2025-04-10,Mouse,North,34,25,0.05,807.5
2025-04-10,Mouse,South,31,25,0.1,697.5
2025-04-10,Mouse,East,36,25,0.15,765.0
2025-04-10,Headset,West,15,60,0.0,900.0
2025-04-10,Headset,North,17,60,0.1,918.0
2025-04-10,Headset,South,16,60,0.0,960.0
2025-04-10,Headset,East,15,60,0.05,855.0
2025-04-10,Printer,West,4,180,0.1,648.0
2025-04-10,Printer,North,9,180,0.0,1620.0
2025-04-10,Printer,South,6,180,0.0,1080.0
2025-04-10,Printer,East,9,180,0.0,1620.0
2025-04-10,Router,West,13,80,0.0,1040.0
2025-04-10,Router,North,12,80,0.0,960.0
2025-04-10,Router,South,13,80,0.1,936.0
2025-04-10,Router,East,16,80,0.0,1280.0
2025-04-10,Webcam,West,8,55,0.05,418.0
2025-04-10,Webcam,North,12,55,0.0,660.0
2025-04-10,Webcam,South,8,55,0.1,396.0
2025-04-10,Webcam,East,13,55,0.05,679.25
2025-04-11,Laptop,West,7,650,0.0,4550.0
2025-04-11,Laptop,North,7,650,0.0,4550.0
2025-04-11,Laptop,South,9,650,0.05,5557.5
2025-04-11,Laptop,East,11,650,0.1,6435.0
2025-04-11,Monitor,West,13,220,0.05,2717.0
2025-04-11,Monitor,North,11,220,0.0,2420.0
2025-04-11,Monitor,South,11,220,0.1,2178.0
2025-04-11,Monitor,East,17,220,0.05,3553.0
2025-04-11,Keyboard,West,23,45,0.1,931.5
2025-04-11,Keyboard,North,31,45,0.05,1325.25
2025-04-11,Keyboard,South,23,45,0.15,879.75
2025-04-11,Keyboard,East,22,45,0.1,891.0
2025-04-11,Mouse,West,34,25,0.05,807.5
2025-04-11,Mouse,North,28,25,0.0,700.0
2025-04-11,Mouse,South,22,25,0.0,550.0
2025-04-11,Mouse,East,33,25,0.05,783.75
2025-04-11,Headset,West,10,60,0.05,570.0
2025-04-11,Headset,North,15,60,0.05,855.0
2025-04-11,Headset,South,16,60,0.0,960.0
2025-04-11,Headset,East,15,60,0.0,900.0
2025-04-11,Printer,West,9,180,0.0,1620.0
2025-04-11,Printer,North,8,180,0.05,1368.0
2025-04-11,Printer,South,2,180,0.05,342.0
2025-04-11,Printer,East,7,180,0.0,1260.0
2025-04-11,Router,West,13,80,0.05,988.0
2025-04-11,Router,North,16,80,0.05,1216.0
2025-04-11,Router,South,15,80,0.1,1080.0
2025-04-11,Router,East,20,80,0.05,1520.0
2025-04-11,Webcam,West,14,55,0.05,731.5
2025-04-11,Webcam,North,10,55,0.0,550.0
2025-04-11,Webcam,South,10,55,0.05,522.5
2025-04-11,Webcam,East,15,55,0.05,783.75
2025-04-12,Laptop,West,11,650,0.15,6077.5
2025-04-12,Laptop,North,9,650,0.0,5850.0
2025-04-12,Laptop,South,9,650,0.05,5557.5
2025-04-12,Laptop,East,11,650,0.1,6435.0
2025-04-12,Monitor,West,17,220,0.0,3740.0
2025-04-12,Monitor,North,15,220,0.15,2805.0
2025-04-12,Monitor,South,13,220,0.1,2574.0
2025-04-12,Monitor,East,7,220,0.05,1463.0
2025-04-12,Keyboard,West,31,45,0.0,1395.0
2025-04-12,Keyboard,North,19,45,0.0,855.0
2025-04-12,Keyboard,South,15,45,0.1,607.5
2025-04-12,Keyboard,East,19,45,0.1,769.5
2025-04-12,Mouse,West,27,25,0.05,641.25
2025-04-12,Mouse,North,31,25,0.05,736.25
2025-04-12,Mouse,South,21,25,0.05,498.75
2025-04-12,Mouse,East,30,25,0.05,712.5
2025-04-12,Headset,West,14,60,0.0,840.0
2025-04-12,Headset,North,19,60,0.0,1140.0
2025-04-12,Headset,South,8,60,0.05,456.0
2025-04-12,Headset,East,12,60,0.0,720.0
2025-04-12,Printer,West,6,180,0.1,972.0
2025-04-12,Printer,North,4,180,0.1,648.0
2025-04-12,Printer,South,9,180,0.0,1620.0
2025-04-12,Printer,East,4,180,0.0,720.0
2025-04-12,Router,West,16,80,0.05,1216.0
2025-04-12,Router,North,13,80,0.1,936.0
2025-04-12,Router,South,14,80,0.05,1064.0
2025-04-12,Router,East,24,80,0.0,1920.0
2025-04-12,Webcam,West,13,55,0.1,643.5
2025-04-12,Webcam,North,8,55,0.15,374.0
2025-04-12,Webcam,South,7,55,0.0,385.0
2025-04-12,Webcam,East,12,55,0.05,627.0
2025-04-13,Laptop,West,12,650,0.0,7800.0
2025-04-13,Laptop,North,8,650,0.05,4940.0
2025-04-13,Laptop,South,3,650,0.0,1950.0
2025-04-13,Laptop,East,6,650,0.15,3315.0
2025-04-13,Monitor,West,11,220,0.0,2420.0
2025-04-13,Monitor,North,10,220,0.05,2090.0
2025-04-13,Monitor,South,10,220,0.15,1870.0
2025-04-13,Monitor,East,13,220,0.0,2860.0
2025-04-13,Keyboard,West,19,45,0.0,855.0
2025-04-13,Keyboard,North,25,45,0.0,1125.0
2025-04-13,Keyboard,South,16,45,0.0,720.0
2025-04-13,Keyboard,East,33,45,0.05,1410.75
2025-04-13,Mouse,West,35,25,0.0,875.0
2025-04-13,Mouse,North,29,25,0.0,725.0
2025-04-13,Mouse,South,32,25,0.05,760.0
2025-04-13,Mouse,East,25,25,0.0,625.0
2025-04-13,Headset,West,16,60,0.1,864.0
2025-04-13,Headset,North,12,60,0.1,648.0
2025-04-13,Headset,South,14,60,0.05,798.0
2025-04-13,Headset,East,15,60,0.0,900.0
2025-04-13,Printer,West,8,180,0.0,1440.0
2025-04-13,Printer,North,4,180,0.0,720.0
2025-04-13,Printer,South,7,180,0.1,1134.0
2025-04-13,Printer,East,7,180,0.1,1134.0
2025-04-13,Router,West,23,80,0.05,1748.0
2025-04-13,Router,North,18,80,0.05,1368.0
2025-04-13,Router,South,16,80,0.0,1280.0
2025-04-13,Router,East,16,80,0.0,1280.0
2025-04-13,Webcam,West,9,55,0.05,470.25
2025-04-13,Webcam,North,4,55,0.1,198.0
2025-04-13,Webcam,South,6,55,0.0,330.0
2025-04-13,Webcam,East,10,55,0.1,495.0
2025-04-14,Laptop,West,15,650,0.0,9750.0
2025-04-14,Laptop,North,6,650,0.05,3705.0
2025-04-14,Laptop,South,9,650,0.1,5265.0
2025-04-14,Laptop,East,6,650,0.05,3705.0
2025-04-14,Monitor,West,15,220,0.05,3135.0
2025-04-14,Monitor,North,9,220,0.1,1782.0
2025-04-14,Monitor,South,11,220,0.05,2299.0
2025-04-14,Monitor,East,15,220,0.1,2970.0
2025-04-14,Keyboard,West,25,45,0.0,1125.0
2025-04-14,Keyboard,North,12,45,0.0,540.0
2025-04-14,Keyboard,South,18,45,0.1,729.0
2025-04-14,Keyboard,East,25,45,0.05,1068.75
2025-04-14,Mouse,West,37,25,0.1,832.5
2025-04-14,Mouse,North,41,25,0.05,973.75
2025-04-14,Mouse,South,30,25,0.05,712.5
2025-04-14,Mouse,East,39,25,0.0,975.0
2025-04-14,Headset,West,21,60,0.1,1134.0
2025-04-14,Headset,North,9,60,0.1,486.0
2025-04-14,Headset,South,8,60,0.1,432.0
2025-04-14,Headset,East,14,60,0.0,840.0
2025-04-14,Printer,West,14,180,0.1,2268.0
2025-04-14,Printer,North,7,180,0.1,1134.0
2025-04-14,Printer,South,4,180,0.15,612.0
2025-04-14,Printer,East,5,180,0.15,765.0
2025-04-14,Router,West,16,80,0.0,1280.0
2025-04-14,Router,North,17,80,0.0,1360.0
2025-04-14,Router,South,13,80,0.0,1040.0
2025-04-14,Router,East,15,80,0.0,1200.0
2025-04-14,Webcam,West,12,55,0.0,660.0
2025-04-14,Webcam,North,11,55,0.0,605.0
2025-04-14,Webcam,South,17,55,0.0,935.0
2025-04-14,Webcam,East,16,55,0.1,792.0
2025-04-15,Laptop,West,9,650,0.05,5557.5
2025-04-15,Laptop,North,10,650,0.0,6500.0
2025-04-15,Laptop,South,10,650,0.15,5525.0
2025-04-15,Laptop,East,10,650,0.05,6175.0
2025-04-15,Monitor,West,12,220,0.0,2640.0
2025-04-15,Monitor,North,3,220,0.0,660.0
2025-04-15,Monitor,South,6,220,0.1,1188.0
2025-04-15,Monitor,East,11,220,0.0,2420.0
2025-04-15,Keyboard,West,20,45,0.05,855.0
2025-04-15,Keyboard,North,25,45,0.05,1068.75
2025-04-15,Keyboard,South,18,45,0.05,769.5
2025-04-15,Keyboard,East,11,45,0.05,470.25
2025-04-15,Mouse,West,38,25,0.1,855.0
2025-04-15,Mouse,North,26,25,0.0,650.0
2025-04-15,Mouse,South,27,25,0.0,675.0
2025-04-15,Mouse,East,33,25,0.0,825.0
2025-04-15,Headset,West,19,60,0.05,1083.0
2025-04-15,Headset,North,10,60,0.05,570.0
2025-04-15,Headset,South,9,60,0.05,513.0
2025-04-15,Headset,East,18,60,0.0,1080.0
2025-04-15,Printer,West,7,180,0.0,1260.0
2025-04-15,Printer,North,5,180,0.0,900.0
2025-04-15,Printer,South,4,180,0.0,720.0
2025-04-15,Printer,East,7,180,0.1,1134.0
2025-04-15,Router,West,21,80,0.0,1680.0
2025-04-15,Router,North,18,80,0.0,1440.0
2025-04-15,Router,South,16,80,0.05,1216.0
2025-04-15,Router,East,19,80,0.0,1520.0
2025-04-15,Webcam,West,20,55,0.0,1100.0
2025-04-15,Webcam,North,10,55,0.05,522.5
2025-04-15,Webcam,South,10,55,0.15,467.5
2025-04-15,Webcam,East,7,55,0.05,365.75
2025-04-16,Laptop,West,7,650,0.1,4095.0
2025-04-16,Laptop,North,12,650,0.15,6630.0
2025-04-16,Laptop,South,8,650,0.0,5200.0
2025-04-16,Laptop,East,12,650,0.05,7410.0
2025-04-16,Monitor,West,17,220,0.05,3553.0
2025-04-16,Monitor,North,9,220,0.1,1782.0
2025-04-16,Monitor,South,6,220,0.0,1320.0
2025-04-16,Monitor,East,8,220,0.05,1672.0
2025-04-16,Keyboard,West,22,45,0.0,990.0
2025-04-16,Keyboard,North,19,45,0.1,769.5
2025-04-16,Keyboard,South,21,45,0.05,897.75
2025-04-16,Keyboard,East,32,45,0.15,1224.0
2025-04-16,Mouse,West,40,25,0.05,950.0
2025-04-16,Mouse,North,32,25,0.0,800.0
2025-04-16,Mouse,South,24,25,0.05,570.0
2025-04-16,Mouse,East,35,25,0.15,743.75
2025-04-16,Headset,West,13,60,0.0,780.0
2025-04-16,Headset,North,15,60,0.0,900.0
2025-04-16,Headset,South,17,60,0.1,918.0
2025-04-16,Headset,East,16,60,0.0,960.0
2025-04-16,Printer,West,16,180,0.05,2736.0
2025-04-16,Printer,North,7,180,0.0,1260.0
2025-04-16,Printer,South,4,180,0.05,684.0
2025-04-16,Printer,East,7,180,0.0,1260.0
2025-04-16,Router,West,14,80,0.0,1120.0
2025-04-16,Router,North,17,80,0.0,1360.0
2025-04-16,Router,South,20,80,0.0,1600.0
2025-04-16,Router,East,19,80,0.05,1444.0
2025-04-16,Webcam,West,13,55,0.0,715.0
2025-04-16,Webcam,North,14,55,0.0,770.0
2025-04-16,Webcam,South,14,55,0.05,731.5
2025-04-16,Webcam,East,11,55,0.0,605.0
2025-04-17,Laptop,West,9,650,0.05,5557.5
2025-04-17,Laptop,North,9,650,0.05,5557.5
2025-04-17,Laptop,South,10,650,0.1,5850.0
2025-04-17,Laptop,East,11,650,0.1,6435.0
2025-04-17,Monitor,West,10,220,0.05,2090.0
2025-04-17,Monitor,North,14,220,0.0,3080.0
2025-04-17,Monitor,South,10,220,0.05,2090.0
2025-04-17,Monitor,East,12,220,0.1,2376.0
2025-04-17,Keyboard,West,21,45,0.1,850.5
2025-04-17,Keyboard,North,33,45,0.05,1410.75
2025-04-17,Keyboard,South,17,45,0.05,726.75
2025-04-17,Keyboard,East,21,45,0.0,945.0
2025-04-17,Mouse,West,34,25,0.0,850.0
2025-04-17,Mouse,North,31,25,0.1,697.5
2025-04-17,Mouse,South,31,25,0.0,775.0
2025-04-17,Mouse,East,29,25,0.1,652.5
2025-04-17,Headset,West,19,60,0.05,1083.0
2025-04-17,Headset,North,14,60,0.0,840.0
2025-04-17,Headset,South,8,60,0.0,480.0
2025-04-17,Headset,East,17,60,0.05,969.0
2025-04-17,Printer,West,7,180,0.05,1197.0
2025-04-17,Printer,North,7,180,0.1,1134.0
2025-04-17,Printer,South,1,180,0.05,171.0
2025-04-17,Printer,East,7,180,0.0,1260.0
2025-04-17,Router,West,27,80,0.1,1944.0
2025-04-17,Router,North,12,80,0.0,960.0
2025-04-17,Router,South,18,80,0.05,1368.0
2025-04-17,Router,East,24,80,0.0,1920.0
2025-04-17,Webcam,West,13,55,0.0,715.0
2025-04-17,Webcam,North,13,55,0.0,715.0
2025-04-17,Webcam,South,18,55,0.05,940.5
2025-04-17,Webcam,East,7,55,0.0,385.0
2025-04-18,Laptop,West,12,650,0.1,7020.0
2025-04-18,Laptop,North,16,650,0.05,9880.0
2025-04-18,Laptop,South,9,650,0.05,5557.5
2025-04-18,Laptop,East,11,650,0.05,6792.5
2025-04-18,Monitor,West,12,220,0.0,2640.0
2025-04-18,Monitor,North,14,220,0.0,3080.0
2025-04-18,Monitor,South,9,220,0.15,1683.0
2025-04-18,Monitor,East,12,220,0.05,2508.0
2025-04-18,Keyboard,West,16,45,0.05,684.0
2025-04-18,Keyboard,North,26,45,0.0,1170.0
2025-04-18,Keyboard,South,15,45,0.1,607.5
2025-04-18,Keyboard,East,28,45,0.1,1134.0
2025-04-18,Mouse,West,34,25,0.05,807.5
2025-04-18,Mouse,North,27,25,0.0,675.0
2025-04-18,Mouse,South,21,25,0.0,525.0
2025-04-18,Mouse,East,32,25,0.0,800.0
2025-04-18,Headset,West,20,60,0.0,1200.0
2025-04-18,Headset,North,11,60,0.05,627.0
2025-04-18,Headset,South,12,60,0.1,648.0
2025-04-18,Headset,East,18,60,0.0,1080.0
2025-04-18,Printer,West,13,180,0.0,2340.0
2025-04-18,Printer,North,12,180,0.05,2052.0
2025-04-18,Printer,South,11,180,0.1,1782.0
2025-04-18,Printer,East,5,180,0.0,900.0
2025-04-18,Router,West,13,80,0.0,1040.0
2025-04-18,Router,North,26,80,0.0,2080.0
2025-04-18,Router,South,16,80,0.1,1152.0
2025-04-18,Router,East,23,80,0.1,1656.0
2025-04-18,Webcam,West,12,55,0.1,594.0
2025-04-18,Webcam,North,17,55,0.1,841.5
2025-04-18,Webcam,South,15,55,0.15,701.25
2025-04-18,Webcam,East,9,55,0.0,495.0
2025-04-19,Laptop,West,12,650,0.0,7800.0
2025-04-19,Laptop,North,6,650,0.0,3900.0
2025-04-19,Laptop,South,7,650,0.0,4550.0
2025-04-19,Laptop,East,12,650,0.0,7800.0
2025-04-19,Monitor,West,15,220,0.05,3135.0
2025-04-19,Monitor,North,7,220,0.0,1540.0
2025-04-19,Monitor,South,10,220,0.0,2200.0
2025-04-19,Monitor,East,12,220,0.05,2508.0
2025-04-19,Keyboard,West,26,45,0.05,1111.5
2025-04-19,Keyboard,North,19,45,0.05,812.25
2025-04-19,Keyboard,South,11,45,0.0,495.0
2025-04-19,Keyboard,East,18,45,0.05,769.5
2025-04-19,Mouse,West,34,25,0.05,807.5
2025-04-19,Mouse,North,28,25,0.05,665.0
2025-04-19,Mouse,South,30,25,0.1,675.0
2025-04-19,Mouse,East,34,25,0.0,850.0
2025-04-19,Headset,West,24,60,0.15,1224.0
2025-04-19,Headset,North,15,60,0.15,765.0
2025-04-19,Headset,South,15,60,0.1,810.0
2025-04-19,Headset,East,14,60,0.0,840.0
2025-04-19,Printer,West,7,180,0.0,1260.0
2025-04-19,Printer,North,10,180,0.0,1800.0
2025-04-19,Printer,South,7,180,0.0,1260.0
2025-04-19,Printer,East,2,180,0.1,324.0
2025-04-19,Router,West,19,80,0.0,1520.0
2025-04-19,Router,North,13,80,0.0,1040.0
2025-04-19,Router,South,19,80,0.0,1520.0
2025-04-19,Router,East,9,80,0.1,648.0
2025-04-19,Webcam,West,11,55,0.05,574.75
2025-04-19,Webcam,North,6,55,0.1,297.0
2025-04-19,Webcam,South,4,55,0.0,220.0
2025-04-19,Webcam,East,8,55,0.0,440.0
2025-04-20,Laptop,West,9,650,0.0,5850.0
2025-04-20,Laptop,North,5,650,0.0,3250.0
2025-04-20,Laptop,South,8,650,0.05,4940.0
2025-04-20,Laptop,East,7,650,0.15,3867.5
2025-04-20,Monitor,West,21,220,0.15,3927.0
2025-04-20,Monitor,North,13,220,0.0,2860.0
2025-04-20,Monitor,South,16,220,0.1,3168.0
2025-04-20,Monitor,East,18,220,0.0,3960.0
2025-04-20,Keyboard,West,19,45,0.0,855.0
2025-04-20,Keyboard,North,20,45,0.0,900.0
2025-04-20,Keyboard,South,18,45,0.05,769.5
2025-04-20,Keyboard,East,21,45,0.1,850.5
2025-04-20,Mouse,West,25,25,0.1,562.5
2025-04-20,Mouse,North,29,25,0.0,725.0
2025-04-20,Mouse,South,28,25,0.1,630.0
2025-04-20,Mouse,East,36,25,0.0,900.0
2025-04-20,Headset,West,20,60,0.0,1200.0
2025-04-20,Headset,North,15,60,0.05,855.0
2025-04-20,Headset,South,14,60,0.05,798.0
2025-04-20,Headset,East,21,60,0.05,1197.0
2025-04-20,Printer,West,6,180,0.05,1026.0
2025-04-20,Printer,North,6,180,0.05,1026.0
2025-04-20,Printer,South,3,180,0.15,459.0
2025-04-20,Printer,East,11,180,0.0,1980.0
2025-04-20,Router,West,22,80,0.05,1672.0
2025-04-20,Router,North,11,80,0.0,880.0
2025-04-20,Router,South,20,80,0.1,1440.0
2025-04-20,Router,East,17,80,0.0,1360.0
2025-04-20,Webcam,West,9,55,0.0,495.0
2025-04-20,Webcam,North,6,55,0.05,313.5
2025-04-20,Webcam,South,7,55,0.1,346.5
2025-04-20,Webcam,East,8,55,0.0,440.0
2025-04-21,Laptop,West,9,650,0.0,5850.0
2025-04-21,Laptop,North,18,650,0.0,11700.0
2025-04-21,Laptop,South,5,650,0.0,3250.0
2025-04-21,Laptop,East,12,650,0.05,7410.0
2025-04-21,Monitor,West,9,220,0.15,1683.0
2025-04-21,Monitor,North,9,220,0.05,1881.0
2025-04-21,Monitor,South,10,220,0.05,2090.0
2025-04-21,Monitor,East,11,220,0.0,2420.0
2025-04-21,Keyboard,West,25,45,0.05,1068.75
2025-04-21,Keyboard,North,21,45,0.1,850.5
2025-04-21,Keyboard,South,27,45,0.0,1215.0
2025-04-21,Keyboard,East,23,45,0.15,879.75
2025-04-21,Mouse,West,36,25,0.0,900.0
2025-04-21,Mouse,North,26,25,0.0,650.0
2025-04-21,Mouse,South,24,25,0.0,600.0
2025-04-21,Mouse,East,24,25,0.0,600.0
2025-04-21,Headset,West,22,60,0.1,1188.0
2025-04-21,Headset,North,16,60,0.05,912.0
2025-04-21,Headset,South,10,60,0.0,600.0
2025-04-21,Headset,East,21,60,0.0,1260.0
2025-04-21,Printer,West,16,180,0.05,2736.0
2025-04-21,Printer,North,10,180,0.1,1620.0
2025-04-21,Printer,South,7,180,0.15,1071.0
2025-04-21,Printer,East,8,180,0.05,1368.0
2025-04-21,Router,West,11,80,0.0,880.0
2025-04-21,Router,North,21,80,0.1,1512.0
2025-04-21,Router,South,15,80,0.05,1140.0
2025-04-21,Router,East,17,80,0.05,1292.0
2025-04-21,Webcam,West,8,55,0.0,440.0
2025-04-21,Webcam,North,11,55,0.15,514.25
2025-04-21,Webcam,South,4,55,0.1,198.0
2025-04-21,Webcam,East,9,55,0.0,495.0
2025-04-22,Laptop,West,13,650,0.0,8450.0
2025-04-22,Laptop,North,8,650,0.05,4940.0
2025-04-22,Laptop,South,10,650,0.05,6175.0
2025-04-22,Laptop,East,16,650,0.0,10400.0
2025-04-22,Monitor,West,9,220,0.05,1881.0
2025-04-22,Monitor,North,10,220,0.0,2200.0
2025-04-22,Monitor,South,11,220,0.05,2299.0
2025-04-22,Monitor,East,11,220,0.1,2178.0
2025-04-22,Keyboard,West,19,45,0.1,769.5
2025-04-22,Keyboard,North,21,45,0.0,945.0
2025-04-22,Keyboard,South,19,45,0.0,855.0
2025-04-22,Keyboard,East,21,45,0.05,897.75
2025-04-22,Mouse,West,45,25,0.0,1125.0
2025-04-22,Mouse,North,28,25,0.1,630.0
2025-04-22,Mouse,South,25,25,0.05,593.75
2025-04-22,Mouse,East,38,25,0.05,902.5
2025-04-22,Headset,West,11,60,0.0,660.0
2025-04-22,Headset,North,13,60,0.05,741.0
2025-04-22,Headset,South,9,60,0.0,540.0
2025-04-22,Headset,East,16,60,0.0,960.0
2025-04-22,Printer,West,3,180,0.0,540.0
2025-04-22,Printer,North,8,180,0.0,1440.0
2025-04-22,Printer,South,5,180,0.0,900.0
2025-04-22,Printer,East,4,180,0.0,720.0
2025-04-22,Router,West,15,80,0.15,1020.0
2025-04-22,Router,North,12,80,0.0,960.0
2025-04-22,Router,South,19,80,0.0,1520.0
2025-04-22,Router,East,14,80,0.1,1008.0
2025-04-22,Webcam,West,11,55,0.0,605.0
2025-04-22,Webcam,North,10,55,0.0,550.0
2025-04-22,Webcam,South,7,55,0.15,327.25
2025-04-22,Webcam,East,12,55,0.05,627.0
2025-04-23,Laptop,West,15,650,0.0,9750.0
2025-04-23,Laptop,North,15,650,0.05,9262.5
2025-04-23,Laptop,South,9,650,0.05,5557.5
2025-04-23,Laptop,East,10,650,0.05,6175.0
2025-04-23,Monitor,West,12,220,0.0,2640.0
2025-04-23,Monitor,North,7,220,0.0,1540.0
2025-04-23,Monitor,South,15,220,0.05,3135.0
2025-04-23,Monitor,East,6,220,0.05,1254.0
2025-04-23,Keyboard,West,23,45,0.0,1035.0
2025-04-23,Keyboard,North,22,45,0.0,990.0
2025-04-23,Keyboard,South,15,45,0.05,641.25
2025-04-23,Keyboard,East,26,45,0.0,1170.0
2025-04-23,Mouse,West,43,25,0.1,967.5
2025-04-23,Mouse,North,33,25,0.0,825.0
2025-04-23,Mouse,South,17,25,0.05,403.75
2025-04-23,Mouse,East,34,25,0.0,850.0
2025-04-23,Headset,West,8,60,0.05,456.0
2025-04-23,Headset,North,20,60,0.05,1140.0
2025-04-23,Headset,South,14,60,0.0,840.0
2025-04-23,Headset,East,18,60,0.05,1026.0
2025-04-23,Printer,West,9,180,0.05,1539.0
2025-04-23,Printer,North,8,180,0.0,1440.0
2025-04-23,Printer,South,8,180,0.1,1296.0
2025-04-23,Printer,East,8,180,0.1,1296.0
2025-04-23,Router,West,24,80,0.15,1632.0
2025-04-23,Router,North,9,80,0.0,720.0
2025-04-23,Router,South,16,80,0.05,1216.0
2025-04-23,Router,East,11,80,0.1,792.0
2025-04-23,Webcam,West,14,55,0.0,770.0
2025-04-23,Webcam,North,10,55,0.05,522.5
2025-04-23,Webcam,South,8,55,0.0,440.0
2025-04-23,Webcam,East,15,55,0.0,825.0
2025-04-24,Laptop,West,4,650,0.0,2600.0
2025-04-24,Laptop,North,13,650,0.0,8450.0
2025-04-24,Laptop,South,4,650,0.0,2600.0
2025-04-24,Laptop,East,7,650,0.0,4550.0
2025-04-24,Monitor,West,11,220,0.0,2420.0
2025-04-24,Monitor,North,13,220,0.05,2717.0
2025-04-24,Monitor,South,10,220,0.0,2200.0
2025-04-24,Monitor,East,12,220,0.05,2508.0
2025-04-24,Keyboard,West,27,45,0.0,1215.0
2025-04-24,Keyboard,North,19,45,0.05,812.25
2025-04-24,Keyboard,South,25,45,0.1,1012.5
2025-04-24,Keyboard,East,16,45,0.05,684.0
2025-04-24,Mouse,West,28,25,0.05,665.0
2025-04-24,Mouse,North,26,25,0.15,552.5
2025-04-24,Mouse,South,34,25,0.0,850.0
2025-04-24,Mouse,East,28,25,0.0,700.0
2025-04-24,Headset,West,19,60,0.1,1026.0
2025-04-24,Headset,North,21,60,0.15,1071.0
2025-04-24,Headset,South,15,60,0.0,900.0
2025-04-24,Headset,East,15,60,0.05,855.0
2025-04-24,Printer,West,3,180,0.05,513.0
2025-04-24,Printer,North,6,180,0.05,1026.0
2025-04-24,Printer,South,6,180,0.1,972.0
2025-04-24,Printer,East,6,180,0.05,1026.0
2025-04-24,Router,West,19,80,0.15,1292.0
2025-04-24,Router,North,22,80,0.05,1672.0
2025-04-24,Router,South,12,80,0.1,864.0
2025-04-24,Router,East,15,80,0.05,1140.0
2025-04-24,Webcam,West,11,55,0.05,574.75
2025-04-24,Webcam,North,10,55,0.0,550.0
2025-04-24,Webcam,South,11,55,0.1,544.5
2025-04-24,Webcam,East,13,55,0.0,715.0
2025-04-25,Laptop,West,5,650,0.0,3250.0
2025-04-25,Laptop,North,6,650,0.1,3510.0
2025-04-25,Laptop,South,14,650,0.0,9100.0
2025-04-25,Laptop,East,7,650,0.05,4322.5
2025-04-25,Monitor,West,9,220,0.05,1881.0
2025-04-25,Monitor,North,12,220,0.0,2640.0
2025-04-25,Monitor,South,5,220,0.05,1045.0
2025-04-25,Monitor,East,10,220,0.1,1980.0
2025-04-25,Keyboard,West,21,45,0.0,945.0
2025-04-25,Keyboard,North,15,45,0.0,675.0
2025-04-25,Keyboard,South,18,45,0.05,769.5
2025-04-25,Keyboard,East,28,45,0.05,1197.0
2025-04-25,Mouse,West,25,25,0.0,625.0
2025-04-25,Mouse,North,26,25,0.1,585.0
2025-04-25,Mouse,South,34,25,0.0,850.0
2025-04-25,Mouse,East,32,25,0.0,800.0
2025-04-25,Headset,West,25,60,0.1,1350.0
2025-04-25,Headset,North,11,60,0.1,594.0
2025-04-25,Headset,South,10,60,0.1,540.0
2025-04-25,Headset,East,13,60,0.0,780.0
2025-04-25,Printer,West,12,180,0.0,2160.0
2025-04-25,Printer,North,10,180,0.05,1710.0
2025-04-25,Printer,South,9,180,0.0,1620.0
2025-04-25,Printer,East,8,180,0.1,1296.0
2025-04-25,Router,West,20,80,0.0,1600.0
2025-04-25,Router,North,16,80,0.1,1152.0
2025-04-25,Router,South,6,80,0.0,480.0
2025-04-25,Router,East,13,80,0.05,988.0
2025-04-25,Webcam,West,12,55,0.15,561.0
2025-04-25,Webcam,North,6,55,0.0,330.0
2025-04-25,Webcam,South,8,55,0.0,440.0
2025-04-25,Webcam,East,9,55,0.0,495.0
2025-04-26,Laptop,West,12,650,0.0,7800.0
2025-04-26,Laptop,North,3,650,0.1,1755.0
2025-04-26,Laptop,South,7,650,0.0,4550.0
2025-04-26,Laptop,East,8,650,0.1,4680.0
2025-04-26,Monitor,West,14,220,0.05,2926.0
2025-04-26,Monitor,North,21,220,0.0,4620.0
2025-04-26,Monitor,South,10,220,0.05,2090.0
2025-04-26,Monitor,East,11,220,0.05,2299.0
2025-04-26,Keyboard,West,23,45,0.0,1035.0
2025-04-26,Keyboard,North,15,45,0.05,641.25
2025-04-26,Keyboard,South,23,45,0.0,1035.0
2025-04-26,Keyboard,East,21,45,0.0,945.0
2025-04-26,Mouse,West,37,25,0.0,925.0
2025-04-26,Mouse,North,34,25,0.05,807.5
2025-04-26,Mouse,South,21,25,0.05,498.75
2025-04-26,Mouse,East,30,25,0.05,712.5
2025-04-26,Headset,West,19,60,0.05,1083.0
2025-04-26,Headset,North,15,60,0.05,855.0
2025-04-26,Headset,South,20,60,0.1,1080.0
2025-04-26,Headset,East,6,60,0.0,360.0
2025-04-26,Printer,West,13,180,0.0,2340.0
2025-04-26,Printer,North,8,180,0.0,1440.0
2025-04-26,Printer,South,5,180,0.0,900.0
2025-04-26,Printer,East,7,180,0.05,1197.0
2025-04-26,Router,West,15,80,0.1,1080.0
2025-04-26,Router,North,9,80,0.0,720.0
2025-04-26,Router,South,16,80,0.0,1280.0
2025-04-26,Router,East,17,80,0.0,1360.0
2025-04-26,Webcam,West,10,55,0.1,495.0
2025-04-26,Webcam,North,12,55,0.0,660.0
2025-04-26,Webcam,South,8,55,0.0,440.0
2025-04-26,Webcam,East,7,55,0.0,385.0
2025-04-27,Laptop,West,9,650,0.1,5265.0
2025-04-27,Laptop,North,8,650,0.0,5200.0
2025-04-27,Laptop,South,9,650,0.0,5850.0
2025-04-27,Laptop,East,9,650,0.0,5850.0
2025-04-27,Monitor,West,12,220,0.0,2640.0
2025-04-27,Monitor,North,14,220,0.1,2772.0
2025-04-27,Monitor,South,21,220,0.1,4158.0
2025-04-27,Monitor,East,13,220,0.05,2717.0
2025-04-27,Keyboard,West,23,45,0.0,1035.0
2025-04-27,Keyboard,North,24,45,0.1,972.0
2025-04-27,Keyboard,South,23,45,0.0,1035.0
2025-04-27,Keyboard,East,27,45,0.0,1215.0
2025-04-27,Mouse,West,39,25,0.0,975.0
2025-04-27,Mouse,North,29,25,0.1,652.5
2025-04-27,Mouse,South,24,25,0.0,600.0
2025-04-27,Mouse,East,36,25,0.0,900.0
2025-04-27,Headset,West,17,60,0.1,918.0
2025-04-27,Headset,North,15,60,0.1,810.0
2025-04-27,Headset,South,17,60,0.1,918.0
2025-04-27,Headset,East,7,60,0.05,399.0
2025-04-27,Printer,West,10,180,0.1,1620.0
2025-04-27,Printer,North,4,180,0.0,720.0
2025-04-27,Printer,South,10,180,0.05,1710.0
2025-04-27,Printer,East,6,180,0.05,1026.0
2025-04-27,Router,West,22,80,0.0,1760.0
2025-04-27,Router,North,17,80,0.0,1360.0
2025-04-27,Router,South,12,80,0.1,864.0
2025-04-27,Router,East,15,80,0.1,1080.0
2025-04-27,Webcam,West,14,55,0.15,654.5
2025-04-27,Webcam,North,11,55,0.0,605.0
2025-04-27,Webcam,South,11,55,0.0,605.0
2025-04-27,Webcam,East,14,55,0.05,731.5
2025-04-28,Laptop,West,8,650,0.0,5200.0
2025-04-28,Laptop,North,12,650,0.1,7020.0
2025-04-28,Laptop,South,10,650,0.0,6500.0
2025-04-28,Laptop,East,12,650,0.0,7800.0
2025-04-28,Monitor,West,15,220,0.1,2970.0
2025-04-28,Monitor,North,4,220,0.0,880.0
2025-04-28,Monitor,South,8,220,0.0,1760.0
2025-04-28,Monitor,East,11,220,0.0,2420.0
2025-04-28,Keyboard,West,30,45,0.05,1282.5
2025-04-28,Keyboard,North,19,45,0.05,812.25
2025-04-28,Keyboard,South,18,45,0.1,729.0
2025-04-28,Keyboard,East,23,45,0.0,1035.0
2025-04-28,Mouse,West,28,25,0.05,665.0
2025-04-28,Mouse,North,29,25,0.0,725.0
2025-04-28,Mouse,South,34,25,0.0,850.0
2025-04-28,Mouse,East,36,25,0.05,855.0
2025-04-28,Headset,West,23,60,0.05,1311.0
2025-04-28,Headset,North,5,60,0.0,300.0
2025-04-28,Headset,South,18,60,0.05,1026.0
2025-04-28,Headset,East,19,60,0.05,1083.0
2025-04-28,Printer,West,5,180,0.0,900.0
2025-04-28,Printer,North,5,180,0.1,810.0
2025-04-28,Printer,South,10,180,0.0,1800.0
2025-04-28,Printer,East,5,180,0.05,855.0
2025-04-28,Router,West,13,80,0.0,1040.0
2025-04-28,Router,North,12,80,0.0,960.0
2025-04-28,Router,South,18,80,0.05,1368.0
2025-04-28,Router,East,13,80,0.1,936.0
2025-04-28,Webcam,West,12,55,0.0,660.0
2025-04-28,Webcam,North,9,55,0.1,445.5
2025-04-28,Webcam,South,8,55,0.05,418.0
2025-04-28,Webcam,East,9,55,0.05,470.25
2025-04-29,Laptop,West,10,650,0.05,6175.0
2025-04-29,Laptop,North,9,650,0.1,5265.0
2025-04-29,Laptop,South,12,650,0.05,7410.0
2025-04-29,Laptop,East,6,650,0.05,3705.0
2025-04-29,Monitor,West,15,220,0.15,2805.0
2025-04-29,Monitor,North,17,220,0.05,3553.0
2025-04-29,Monitor,South,9,220,0.0,1980.0
2025-04-29,Monitor,East,14,220,0.0,3080.0
2025-04-29,Keyboard,West,18,45,0.05,769.5
2025-04-29,Keyboard,North,25,45,0.05,1068.75
2025-04-29,Keyboard,South,21,45,0.0,945.0
2025-04-29,Keyboard,East,19,45,0.0,855.0
2025-04-29,Mouse,West,45,25,0.1,1012.5
2025-04-29,Mouse,North,32,25,0.05,760.0
2025-04-29,Mouse,South,32,25,0.0,800.0
2025-04-29,Mouse,East,25,25,0.1,562.5
2025-04-29,Headset,West,14,60,0.1,756.0
2025-04-29,Headset,North,14,60,0.1,756.0
2025-04-29,Headset,South,12,60,0.0,720.0
2025-04-29,Headset,East,10,60,0.05,570.0
2025-04-29,Printer,West,9,180,0.1,1458.0
2025-04-29,Printer,North,7,180,0.15,1071.0
2025-04-29,Printer,South,7,180,0.1,1134.0
2025-04-29,Printer,East,12,180,0.0,2160.0
2025-04-29,Router,West,17,80,0.0,1360.0
2025-04-29,Router,North,8,80,0.0,640.0
2025-04-29,Router,South,17,80,0.05,1292.0
2025-04-29,Router,East,15,80,0.05,1140.0
2025-04-29,Webcam,West,16,55,0.05,836.0
2025-04-29,Webcam,North,8,55,0.05,418.0
2025-04-29,Webcam,South,11,55,0.0,605.0
2025-04-29,Webcam,East,15,55,0.0,825.0
2025-04-30,Laptop,West,6,650,0.0,3900.0
2025-04-30,Laptop,North,11,650,0.1,6435.0
2025-04-30,Laptop,South,17,650,0.0,11050.0
2025-04-30,Laptop,East,11,650,0.0,7150.0
2025-04-30,Monitor,West,18,220,0.0,3960.0
2025-04-30,Monitor,North,19,220,0.05,3971.0
2025-04-30,Monitor,South,10,220,0.05,2090.0
2025-04-30,Monitor,East,12,220,0.0,2640.0
2025-04-30,Keyboard,West,25,45,0.15,956.25
2025-04-30,Keyboard,North,18,45,0.0,810.0
2025-04-30,Keyboard,South,18,45,0.05,769.5
2025-04-30,Keyboard,East,19,45,0.05,812.25
2025-04-30,Mouse,West,27,25,0.1,607.5
2025-04-30,Mouse,North,35,25,0.0,875.0
2025-04-30,Mouse,South,18,25,0.1,405.0
2025-04-30,Mouse,East,28,25,0.1,630.0
2025-04-30,Headset,West,20,60,0.0,1200.0
2025-04-30,Headset,North,9,60,0.05,513.0
2025-04-30,Headset,South,12,60,0.1,648.0
2025-04-30,Headset,East,20,60,0.0,1200.0
2025-04-30,Printer,West,7,180,0.1,1134.0
2025-04-30,Printer,North,10,180,0.0,1800.0
2025-04-30,Printer,South,8,180,0.0,1440.0
2025-04-30,Printer,East,7,180,0.1,1134.0
2025-04-30,Router,West,19,80,0.0,1520.0
2025-04-30,Router,North,27,80,0.05,2052.0
2025-04-30,Router,South,17,80,0.0,1360.0
2025-04-30,Router,East,15,80,0.1,1080.0
2025-04-30,Webcam,West,13,55,0.1,643.5
2025-04-30,Webcam,North,14,55,0.05,731.5
2025-04-30,Webcam,South,10,55,0.0,550.0
2025-04-30,Webcam,East,10,55,0.15,467.5
2025-05-01,Laptop,West,7,650,0.1,4095.0
2025-05-01,Laptop,North,7,650,0.0,4550.0
2025-05-01,Laptop,South,9,650,0.1,5265.0
2025-05-01,Laptop,East,10,650,0.0,6500.0
2025-05-01,Monitor,West,13,220,0.0,2860.0
2025-05-01,Monitor,North,12,220,0.1,2376.0
2025-05-01,Monitor,South,12,220,0.0,2640.0
2025-05-01,Monitor,East,15,220,0.05,3135.0
2025-05-01,Keyboard,West,26,45,0.05,1111.5
2025-05-01,Keyboard,North,22,45,0.1,891.0
2025-05-01,Keyboard,South,21,45,0.0,945.0
2025-05-01,Keyboard,East,20,45,0.0,900.0
2025-05-01,Mouse,West,29,25,0.05,688.75
2025-05-01,Mouse,North,31,25,0.0,775.0
2025-05-01,Mouse,South,18,25,0.0,450.0
2025-05-01,Mouse,East,20,25,0.1,450.0
2025-05-01,Headset,West,18,60,0.0,1080.0
2025-05-01,Headset,North,10,60,0.15,510.0
2025-05-01,Headset,South,14,60,0.15,714.0
2025-05-01,Headset,East,12,60,0.1,648.0
2025-05-01,Printer,West,13,180,0.0,2340.0
2025-05-01,Printer,North,6,180,0.1,972.0
2025-05-01,Printer,South,7,180,0.1,1134.0
2025-05-01,Printer,East,4,180,0.05,684.0
2025-05-01,Router,West,18,80,0.05,1368.0
2025-05-01,Router,North,20,80,0.0,1600.0
2025-05-01,Router,South,8,80,0.0,640.0
2025-05-01,Router,East,19,80,0.1,1368.0
2025-05-01,Webcam,West,6,55,0.0,330.0
2025-05-01,Webcam,North,12,55,0.0,660.0
2025-05-01,Webcam,South,13,55,0.0,715.0
2025-05-01,Webcam,East,8,55,0.05,418.0
2025-05-02,Laptop,West,8,650,0.05,4940.0
2025-05-02,Laptop,North,12,650,0.05,7410.0
2025-05-02,Laptop,South,11,650,0.0,7150.0
2025-05-02,Laptop,East,5,650,0.0,3250.0
2025-05-02,Monitor,West,10,220,0.0,2200.0
2025-05-02,Monitor,North,11,220,0.1,2178.0
2025-05-02,Monitor,South,9,220,0.15,1683.0
2025-05-02,Monitor,East,17,220,0.05,3553.0
2025-05-02,Keyboard,West,26,45,0.0,1170.0
2025-05-02,Keyboard,North,20,45,0.0,900.0
2025-05-02,Keyboard,South,23,45,0.05,983.25
2025-05-02,Keyboard,East,24,45,0.0,1080.0
2025-05-02,Mouse,West,32,25,0.0,800.0
2025-05-02,Mouse,North,22,25,0.05,522.5
2025-05-02,Mouse,South,20,25,0.1,450.0
2025-05-02,Mouse,East,20,25,0.0,500.0
2025-05-02,Headset,West,15,60,0.0,900.0
2025-05-02,Headset,North,15,60,0.0,900.0
2025-05-02,Headset,South,13,60,0.1,702.0
2025-05-02,Headset,East,19,60,0.1,1026.0
2025-05-02,Printer,West,7,180,0.15,1071.0
2025-05-02,Printer,North,4,180,0.0,720.0
2025-05-02,Printer,South,11,180,0.05,1881.0
2025-05-02,Printer,East,5,180,0.05,855.0
2025-05-02,Router,West,13,80,0.0,1040.0
2025-05-02,Router,North,16,80,0.1,1152.0
2025-05-02,Router,South,15,80,0.0,1200.0
2025-05-02,Router,East,16,80,0.0,1280.0
2025-05-02,Webcam,West,16,55,0.0,880.0
2025-05-02,Webcam,North,8,55,0.05,418.0
2025-05-02,Webcam,South,7,55,0.0,385.0
2025-05-02,Webcam,East,15,55,0.05,783.75
2025-05-03,Laptop,West,5,650,0.05,3087.5
2025-05-03,Laptop,North,7,650,0.0,4550.0
2025-05-03,Laptop,South,15,650,0.0,9750.0
2025-05-03,Laptop,East,9,650,0.0,5850.0
2025-05-03,Monitor,West,12,220,0.0,2640.0
2025-05-03,Monitor,North,18,220,0.0,3960.0
2025-05-03,Monitor,South,7,220,0.0,1540.0
2025-05-03,Monitor,East,7,220,0.0,1540.0
2025-05-03,Keyboard,West,16,45,0.0,720.0
2025-05-03,Keyboard,North,15,45,0.1,607.5
2025-05-03,Keyboard,South,25,45,0.05,1068.75
2025-05-03,Keyboard,East,14,45,0.15,535.5
2025-05-03,Mouse,West,34,25,0.0,850.0
2025-05-03,Mouse,North,31,25,0.05,736.25
2025-05-03,Mouse,South,27,25,0.0,675.0
2025-05-03,Mouse,East,26,25,0.05,617.5
2025-05-03,Headset,West,21,60,0.1,1134.0
2025-05-03,Headset,North,17,60,0.0,1020.0
2025-05-03,Headset,South,10,60,0.0,600.0
2025-05-03,Headset,East,18,60,0.0,1080.0
2025-05-03,Printer,West,9,180,0.0,1620.0
2025-05-03,Printer,North,12,180,0.0,2160.0
2025-05-03,Printer,South,10,180,0.05,1710.0
2025-05-03,Printer,East,4,180,0.05,684.0
2025-05-03,Router,West,14,80,0.05,1064.0
2025-05-03,Router,North,17,80,0.05,1292.0
2025-05-03,Router,South,19,80,0.0,1520.0
2025-05-03,Router,East,13,80,0.0,1040.0
2025-05-03,Webcam,West,14,55,0.0,770.0
2025-05-03,Webcam,North,15,55,0.0,825.0
2025-05-03,Webcam,South,10,55,0.0,550.0
2025-05-03,Webcam,East,11,55,0.0,605.0
2025-05-04,Laptop,West,13,650,0.1,7605.0
2025-05-04,Laptop,North,7,650,0.05,4322.5
2025-05-04,Laptop,South,8,650,0.1,4680.0
2025-05-04,Laptop,East,15,650,0.0,9750.0
2025-05-04,Monitor,West,8,220,0.1,1584.0
2025-05-04,Monitor,North,8,220,0.05,1672.0
2025-05-04,Monitor,South,7,220,0.0,1540.0
2025-05-04,Monitor,East,9,220,0.0,1980.0
2025-05-04,Keyboard,West,32,45,0.05,1368.0
2025-05-04,Keyboard,North,19,45,0.0,855.0
2025-05-04,Keyboard,South,19,45,0.0,855.0
2025-05-04,Keyboard,East,17,45,0.0,765.0
2025-05-04,Mouse,West,37,25,0.05,878.75
2025-05-04,Mouse,North,27,25,0.05,641.25
2025-05-04,Mouse,South,29,25,0.0,725.0
2025-05-04,Mouse,East,32,25,0.05,760.0
2025-05-04,Headset,West,19,60,0.1,1026.0
2025-05-04,Headset,North,15,60,0.1,810.0
2025-05-04,Headset,South,15,60,0.0,900.0
2025-05-04,Headset,East,15,60,0.0,900.0
2025-05-04,Printer,West,4,180,0.05,684.0
2025-05-04,Printer,North,8,180,0.15,1224.0
2025-05-04,Printer,South,7,180,0.1,1134.0
2025-05-04,Printer,East,2,180,0.1,324.0
2025-05-04,Router,West,21,80,0.0,1680.0
2025-05-04,Router,North,12,80,0.05,912.0
2025-05-04,Router,South,14,80,0.0,1120.0
2025-05-04,Router,East,13,80,0.05,988.0
2025-05-04,Webcam,West,6,55,0.1,297.0
2025-05-04,Webcam,North,9,55,0.0,495.0
2025-05-04,Webcam,South,10,55,0.1,495.0
2025-05-04,Webcam,East,14,55,0.05,731.5
2025-05-05,Laptop,West,11,650,0.05,6792.5
2025-05-05,Laptop,North,8,650,0.0,5200.0
2025-05-05,Laptop,South,7,650,0.0,4550.0
2025-05-05,Laptop,East,10,650,0.05,6175.0
2025-05-05,Monitor,West,8,220,0.05,1672.0
2025-05-05,Monitor,North,13,220,0.0,2860.0
2025-05-05,Monitor,South,11,220,0.05,2299.0
2025-05-05,Monitor,East,13,220,0.1,2574.0
2025-05-05,Keyboard,West,27,45,0.0,1215.0
2025-05-05,Keyboard,North,26,45,0.1,1053.0
2025-05-05,Keyboard,South,16,45,0.05,684.0
2025-05-05,Keyboard,East,29,45,0.1,1174.5
2025-05-05,Mouse,West,38,25,0.0,950.0
2025-05-05,Mouse,North,16,25,0.05,380.0
2025-05-05,Mouse,South,18,25,0.1,405.0
2025-05-05,Mouse,East,31,25,0.0,775.0
2025-05-05,Headset,West,16,60,0.1,864.0
2025-05-05,Headset,North,16,60,0.0,960.0
2025-05-05,Headset,South,10,60,0.0,600.0
2025-05-05,Headset,East,16,60,0.05,912.0
2025-05-05,Printer,West,6,180,0.05,1026.0
2025-05-05,Printer,North,5,180,0.15,765.0
2025-05-05,Printer,South,5,180,0.1,810.0
2025-05-05,Printer,East,10,180,0.05,1710.0
2025-05-05,Router,West,22,80,0.05,1672.0
2025-05-05,Router,North,20,80,0.0,1600.0
2025-05-05,Router,South,10,80,0.0,800.0
2025-05-05,Router,East,20,80,0.0,1600.0
2025-05-05,Webcam,West,12,55,0.0,660.0
2025-05-05,Webcam,North,14,55,0.15,654.5
2025-05-05,Webcam,South,13,55,0.0,715.0
2025-05-05,Webcam,East,11,55,0.05,574.75
2025-05-06,Laptop,West,11,650,0.0,7150.0
2025-05-06,Laptop,North,13,650,0.05,8027.5
2025-05-06,Laptop,South,3,650,0.0,1950.0
2025-05-06,Laptop,East,7,650,0.05,4322.5
2025-05-06,Monitor,West,16,220,0.0,3520.0
2025-05-06,Monitor,North,15,220,0.0,3300.0
2025-05-06,Monitor,South,18,220,0.05,3762.0
2025-05-06,Monitor,East,10,220,0.15,1870.0
2025-05-06,Keyboard,West,22,45,0.0,990.0
2025-05-06,Keyboard,North,20,45,0.05,855.0
2025-05-06,Keyboard,South,14,45,0.0,630.0
2025-05-06,Keyboard,East,31,45,0.05,1325.25
2025-05-06,Mouse,West,35,25,0.05,831.25
2025-05-06,Mouse,North,27,25,0.0,675.0
2025-05-06,Mouse,South,22,25,0.1,495.0
2025-05-06,Mouse,East,31,25,0.1,697.5
2025-05-06,Headset,West,18,60,0.05,1026.0
2025-05-06,Headset,North,13,60,0.1,702.0
2025-05-06,Headset,South,8,60,0.0,480.0
2025-05-06,Headset,East,12,60,0.0,720.0
2025-05-06,Printer,West,3,180,0.05,513.0
2025-05-06,Printer,North,5,180,0.1,810.0
2025-05-06,Printer,South,4,180,0.05,684.0
2025-05-06,Printer,East,10,180,0.05,1710.0
2025-05-06,Router,West,17,80,0.05,1292.0
2025-05-06,Router,North,13,80,0.1,936.0
2025-05-06,Router,South,13,80,0.0,1040.0
2025-05-06,Router,East,17,80,0.0,1360.0
2025-05-06,Webcam,West,13,55,0.05,679.25
2025-05-06,Webcam,North,15,55,0.05,783.75
2025-05-06,Webcam,South,11,55,0.05,574.75
2025-05-06,Webcam,East,13,55,0.0,715.0
2025-05-07,Laptop,West,10,650,0.05,6175.0
2025-05-07,Laptop,North,12,650,0.15,6630.0
2025-05-07,Laptop,South,6,650,0.0,3900.0
2025-05-07,Laptop,East,9,650,0.1,5265.0
2025-05-07,Monitor,West,14,220,0.1,2772.0
2025-05-07,Monitor,North,11,220,0.1,2178.0
2025-05-07,Monitor,South,13,220,0.0,2860.0
2025-05-07,Monitor,East,16,220,0.0,3520.0
2025-05-07,Keyboard,West,27,45,0.0,1215.0
2025-05-07,Keyboard,North,28,45,0.0,1260.0
2025-05-07,Keyboard,South,22,45,0.05,940.5
2025-05-07,Keyboard,East,14,45,0.1,567.0
2025-05-07,Mouse,West,38,25,0.05,902.5
2025-05-07,Mouse,North,29,25,0.05,688.75
2025-05-07,Mouse,South,27,25,0.05,641.25
2025-05-07,Mouse,East,39,25,0.0,975.0
2025-05-07,Headset,West,22,60,0.05,1254.0
2025-05-07,Headset,North,13,60,0.05,741.0
2025-05-07,Headset,South,12,60,0.1,648.0
2025-05-07,Headset,East,17,60,0.05,969.0
2025-05-07,Printer,West,9,180,0.05,1539.0
2025-05-07,Printer,North,10,180,0.0,1800.0
2025-05-07,Printer,South,6,180,0.05,1026.0
2025-05-07,Printer,East,11,180,0.05,1881.0
2025-05-07,Router,West,23,80,0.15,1564.0
2025-05-07,Router,North,13,80,0.0,1040.0
2025-05-07,Router,South,14,80,0.0,1120.0
2025-05-07,Router,East,10,80,0.05,760.0
2025-05-07,Webcam,West,5,55,0.05,261.25
2025-05-07,Webcam,North,12,55,0.0,660.0
2025-05-07,Webcam,South,9,55,0.1,445.5
2025-05-07,Webcam,East,8,55,0.1,396.0
2025-05-08,Laptop,West,11,650,0.0,7150.0
2025-05-08,Laptop,North,13,650,0.1,7605.0
2025-05-08,Laptop,South,3,650,0.0,1950.0
2025-05-08,Laptop,East,14,650,0.0,9100.0
2025-05-08,Monitor,West,14,220,0.05,2926.0
2025-05-08,Monitor,North,14,220,0.0,3080.0
2025-05-08,Monitor,South,14,220,0.05,2926.0
2025-05-08,Monitor,East,6,220,0.0,1320.0
2025-05-08,Keyboard,West,24,45,0.0,1080.0
2025-05-08,Keyboard,North,19,45,0.0,855.0
2025-05-08,Keyboard,South,22,45,0.0,990.0
2025-05-08,Keyboard,East,22,45,0.1,891.0
2025-05-08,Mouse,West,23,25,0.0,575.0
2025-05-08,Mouse,North,26,25,0.0,650.0
2025-05-08,Mouse,South,20,25,0.1,450.0
2025-05-08,Mouse,East,30,25,0.0,750.0
2025-05-08,Headset,West,14,60,0.05,798.0
2025-05-08,Headset,North,17,60,0.05,969.0
2025-05-08,Headset,South,11,60,0.05,627.0
2025-05-08,Headset,East,14,60,0.0,840.0
2025-05-08,Printer,West,7,180,0.05,1197.0
2025-05-08,Printer,North,5,180,0.0,900.0
2025-05-08,Printer,South,5,180,0.05,855.0
2025-05-08,Printer,East,8,180,0.0,1440.0
2025-05-08,Router,West,15,80,0.0,1200.0
2025-05-08,Router,North,15,80,0.0,1200.0
2025-05-08,Router,South,7,80,0.0,560.0
2025-05-08,Router,East,21,80,0.0,1680.0
2025-05-08,Webcam,West,11,55,0.05,574.75
2025-05-08,Webcam,North,10,55,0.0,550.0
2025-05-08,Webcam,South,10,55,0.05,522.5
2025-05-08,Webcam,East,9,55,0.1,445.5
2025-05-09,Laptop,West,9,650,0.0,5850.0
2025-05-09,Laptop,North,11,650,0.1,6435.0
2025-05-09,Laptop,South,8,650,0.05,4940.0
2025-05-09,Laptop,East,8,650,0.0,5200.0
2025-05-09,Monitor,West,14,220,0.1,2772.0
2025-05-09,Monitor,North,11,220,0.1,2178.0
2025-05-09,Monitor,South,11,220,0.1,2178.0
2025-05-09,Monitor,East,18,220,0.0,3960.0
2025-05-09,Keyboard,West,22,45,0.0,990.0
2025-05-09,Keyboard,North,27,45,0.1,1093.5
2025-05-09,Keyboard,South,23,45,0.05,983.25
2025-05-09,Keyboard,East,27,45,0.0,1215.0
2025-05-09,Mouse,West,39,25,0.0,975.0
2025-05-09,Mouse,North,21,25,0.1,472.5
2025-05-09,Mouse,South,29,25,0.1,652.5
2025-05-09,Mouse,East,26,25,0.05,617.5
2025-05-09,Headset,West,19,60,0.0,1140.0
2025-05-09,Headset,North,18,60,0.15,918.0
2025-05-09,Headset,South,14,60,0.05,798.0
2025-05-09,Headset,East,9,60,0.15,459.0
2025-05-09,Printer,West,9,180,0.05,1539.0
2025-05-09,Printer,North,5,180,0.0,900.0
2025-05-09,Printer,South,11,180,0.0,1980.0
2025-05-09,Printer,East,9,180,0.0,1620.0
2025-05-09,Router,West,16,80,0.1,1152.0
2025-05-09,Router,North,23,80,0.05,1748.0
2025-05-09,Router,South,14,80,0.0,1120.0
2025-05-09,Router,East,23,80,0.0,1840.0
2025-05-09,Webcam,West,18,55,0.1,891.0
2025-05-09,Webcam,North,4,55,0.1,198.0
2025-05-09,Webcam,South,10,55,0.0,550.0
2025-05-09,Webcam,East,11,55,0.0,605.0
2025-05-10,Laptop,West,10,650,0.1,5850.0
2025-05-10,Laptop,North,4,650,0.05,2470.0
2025-05-10,Laptop,South,6,650,0.1,3510.0
2025-05-10,Laptop,East,9,650,0.1,5265.0
2025-05-10,Monitor,West,15,220,0.0,3300.0
2025-05-10,Monitor,North,13,220,0.0,2860.0
2025-05-10,Monitor,South,11,220,0.0,2420.0
2025-05-10,Monitor,East,10,220,0.1,1980.0
2025-05-10,Keyboard,West,21,45,0.05,897.75
2025-05-10,Keyboard,North,20,45,0.05,855.0
2025-05-10,Keyboard,South,25,45,0.0,1125.0
2025-05-10,Keyboard,East,25,45,0.0,1125.0
2025-05-10,Mouse,West,31,25,0.1,697.5
2025-05-10,Mouse,North,30,25,0.1,675.0
2025-05-10,Mouse,South,27,25,0.1,607.5
2025-05-10,Mouse,East,45,25,0.05,1068.75
2025-05-10,Headset,West,16,60,0.1,864.0
2025-05-10,Headset,North,15,60,0.0,900.0
2025-05-10,Headset,South,9,60,0.05,513.0
2025-05-10,Headset,East,10,60,0.0,600.0
2025-05-10,Printer,West,12,180,0.05,2052.0
2025-05-10,Printer,North,8,180,0.05,1368.0
2025-05-10,Printer,South,8,180,0.1,1296.0
2025-05-10,Printer,East,6,180,0.0,1080.0
2025-05-10,Router,West,22,80,0.05,1672.0
2025-05-10,Router,North,19,80,0.1,1368.0
2025-05-10,Router,South,10,80,0.1,720.0
2025-05-10,Router,East,18,80,0.05,1368.0
2025-05-10,Webcam,West,10,55,0.1,495.0
2025-05-10,Webcam,North,7,55,0.1,346.5
2025-05-10,Webcam,South,12,55,0.05,627.0
2025-05-10,Webcam,East,10,55,0.1,495.0
2025-05-11,Laptop,West,11,650,0.05,6792.5
2025-05-11,Laptop,North,4,650,0.0,2600.0
2025-05-11,Laptop,South,10,650,0.1,5850.0
2025-05-11,Laptop,East,11,650,0.05,6792.5
2025-05-11,Monitor,West,14,220,0.15,2618.0
2025-05-11,Monitor,North,9,220,0.05,1881.0
2025-05-11,Monitor,South,7,220,0.05,1463.0
2025-05-11,Monitor,East,15,220,0.05,3135.0
2025-05-11,Keyboard,West,18,45,0.0,810.0
2025-05-11,Keyboard,North,17,45,0.0,765.0
2025-05-11,Keyboard,South,18,45,0.0,810.0
2025-05-11,Keyboard,East,24,45,0.1,972.0
2025-05-11,Mouse,West,44,25,0.0,1100.0
2025-05-11,Mouse,North,33,25,0.0,825.0
2025-05-11,Mouse,South,19,25,0.05,451.25
2025-05-11,Mouse,East,25,25,0.05,593.75
2025-05-11,Headset,West,12,60,0.0,720.0
2025-05-11,Headset,North,6,60,0.05,342.0
2025-05-11,Headset,South,6,60,0.0,360.0
2025-05-11,Headset,East,9,60,0.15,459.0
2025-05-11,Printer,West,12,180,0.0,2160.0
2025-05-11,Printer,North,8,180,0.0,1440.0
2025-05-11,Printer,South,11,180,0.1,1782.0
2025-05-11,Printer,East,10,180,0.0,1800.0
2025-05-11,Router,West,14,80,0.1,1008.0
2025-05-11,Router,North,22,80,0.0,1760.0
2025-05-11,Router,South,11,80,0.0,880.0
2025-05-11,Router,East,15,80,0.05,1140.0
2025-05-11,Webcam,West,12,55,0.05,627.0
2025-05-11,Webcam,North,14,55,0.0,770.0
2025-05-11,Webcam,South,7,55,0.05,365.75
2025-05-11,Webcam,East,7,55,0.1,346.5
2025-05-12,Laptop,West,12,650,0.05,7410.0
2025-05-12,Laptop,North,15,650,0.05,9262.5
2025-05-12,Laptop,South,7,650,0.05,4322.5
2025-05-12,Laptop,East,13,650,0.0,8450.0
2025-05-12,Monitor,West,11,220,0.05,2299.0
2025-05-12,Monitor,North,19,220,0.1,3762.0
2025-05-12,Monitor,South,13,220,0.0,2860.0
2025-05-12,Monitor,East,10,220,0.1,1980.0
2025-05-12,Keyboard,West,23,45,0.1,931.5
2025-05-12,Keyboard,North,17,45,0.1,688.5
2025-05-12,Keyboard,South,19,45,0.1,769.5
2025-05-12,Keyboard,East,22,45,0.0,990.0
2025-05-12,Mouse,West,29,25,0.0,725.0
2025-05-12,Mouse,North,22,25,0.05,522.5
2025-05-12,Mouse,South,25,25,0.05,593.75
2025-05-12,Mouse,East,23,25,0.1,517.5
2025-05-12,Headset,West,11,60,0.05,627.0
2025-05-12,Headset,North,17,60,0.1,918.0
2025-05-12,Headset,South,9,60,0.1,486.0
2025-05-12,Headset,East,13,60,0.05,741.0
2025-05-12,Printer,West,4,180,0.0,720.0
2025-05-12,Printer,North,11,180,0.0,1980.0
2025-05-12,Printer,South,7,180,0.0,1260.0
2025-05-12,Printer,East,7,180,0.0,1260.0
2025-05-12,Router,West,20,80,0.05,1520.0
2025-05-12,Router,North,19,80,0.0,1520.0
2025-05-12,Router,South,17,80,0.15,1156.0
2025-05-12,Router,East,19,80,0.05,1444.0
2025-05-12,Webcam,West,15,55,0.0,825.0
2025-05-12,Webcam,North,12,55,0.1,594.0
2025-05-12,Webcam,South,7,55,0.05,365.75
2025-05-12,Webcam,East,6,55,0.1,297.0
2025-05-13,Laptop,West,20,650,0.1,11700.0
2025-05-13,Laptop,North,13,650,0.1,7605.0
2025-05-13,Laptop,South,6,650,0.05,3705.0
2025-05-13,Laptop,East,10,650,0.0,6500.0
2025-05-13,Monitor,West,14,220,0.05,2926.0
2025-05-13,Monitor,North,10,220,0.05,2090.0
2025-05-13,Monitor,South,7,220,0.1,1386.0
2025-05-13,Monitor,East,11,220,0.05,2299.0
2025-05-13,Keyboard,West,21,45,0.05,897.75
2025-05-13,Keyboard,North,16,45,0.0,720.0
2025-05-13,Keyboard,South,16,45,0.15,612.0
2025-05-13,Keyboard,East,23,45,0.0,1035.0
2025-05-13,Mouse,West,24,25,0.05,570.0
2025-05-13,Mouse,North,23,25,0.05,546.25
2025-05-13,Mouse,South,31,25,0.05,736.25
2025-05-13,Mouse,East,35,25,0.05,831.25
2025-05-13,Headset,West,19,60,0.1,1026.0
2025-05-13,Headset,North,19,60,0.0,1140.0
2025-05-13,Headset,South,16,60,0.0,960.0
2025-05-13,Headset,East,13,60,0.0,780.0
2025-05-13,Printer,West,2,180,0.0,360.0
2025-05-13,Printer,North,6,180,0.0,1080.0
2025-05-13,Printer,South,8,180,0.0,1440.0
2025-05-13,Printer,East,8,180,0.0,1440.0
2025-05-13,Router,West,14,80,0.1,1008.0
2025-05-13,Router,North,19,80,0.0,1520.0
2025-05-13,Router,South,9,80,0.0,720.0
2025-05-13,Router,East,12,80,0.0,960.0
2025-05-13,Webcam,West,14,55,0.05,731.5
2025-05-13,Webcam,North,19,55,0.05,992.75
2025-05-13,Webcam,South,12,55,0.1,594.0
2025-05-13,Webcam,East,11,55,0.0,605.0
2025-05-14,Laptop,West,11,650,0.0,7150.0
2025-05-14,Laptop,North,6,650,0.05,3705.0
2025-05-14,Laptop,South,14,650,0.0,9100.0
2025-05-14,Laptop,East,8,650,0.0,5200.0
2025-05-14,Monitor,West,15,220,0.05,3135.0
2025-05-14,Monitor,North,13,220,0.1,2574.0
2025-05-14,Monitor,South,6,220,0.05,1254.0
2025-05-14,Monitor,East,14,220,0.0,3080.0
2025-05-14,Keyboard,West,19,45,0.1,769.5
2025-05-14,Keyboard,North,31,45,0.05,1325.25
2025-05-14,Keyboard,South,20,45,0.05,855.0
2025-05-14,Keyboard,East,25,45,0.0,1125.0
2025-05-14,Mouse,West,27,25,0.0,675.0
2025-05-14,Mouse,North,20,25,0.05,475.0
2025-05-14,Mouse,South,21,25,0.0,525.0
2025-05-14,Mouse,East,24,25,0.0,600.0
2025-05-14,Headset,West,22,60,0.0,1320.0
2025-05-14,Headset,North,14,60,0.1,756.0
2025-05-14,Headset,South,13,60,0.0,780.0
2025-05-14,Headset,East,18,60,0.05,1026.0
2025-05-14,Printer,West,13,180,0.1,2106.0
2025-05-14,Printer,North,9,180,0.05,1539.0
2025-05-14,Printer,South,5,180,0.05,855.0
2025-05-14,Printer,East,3,180,0.05,513.0
2025-05-14,Router,West,13,80,0.0,1040.0
2025-05-14,Router,North,15,80,0.0,1200.0
2025-05-14,Router,South,17,80,0.0,1360.0
2025-05-14,Router,East,18,80,0.1,1296.0
2025-05-14,Webcam,West,9,55,0.05,470.25
2025-05-14,Webcam,North,10,55,0.0,550.0
2025-05-14,Webcam,South,7,55,0.05,365.75
2025-05-14,Webcam,East,10,55,0.0,550.0
2025-05-15,Laptop,West,7,650,0.1,4095.0
2025-05-15,Laptop,North,5,650,0.05,3087.5
2025-05-15,Laptop,South,13,650,0.05,8027.5
2025-05-15,Laptop,East,9,650,0.0,5850.0
2025-05-15,Monitor,West,8,220,0.0,1760.0
2025-05-15,Monitor,North,14,220,0.0,3080.0
2025-05-15,Monitor,South,7,220,0.1,1386.0
2025-05-15,Monitor,East,12,220,0.05,2508.0
2025-05-15,Keyboard,West,28,45,0.0,1260.0
2025-05-15,Keyboard,North,16,45,0.05,684.0
2025-05-15,Keyboard,South,19,45,0.0,855.0
2025-05-15,Keyboard,East,34,45,0.1,1377.0
2025-05-15,Mouse,West,34,25,0.05,807.5
2025-05-15,Mouse,North,40,25,0.1,900.0
2025-05-15,Mouse,South,22,25,0.1,495.0
2025-05-15,Mouse,East,39,25,0.05,926.25
2025-05-15,Headset,West,13,60,0.0,780.0
2025-05-15,Headset,North,15,60,0.15,765.0
2025-05-15,Headset,South,8,60,0.05,456.0
2025-05-15,Headset,East,8,60,0.0,480.0
2025-05-15,Printer,West,9,180,0.0,1620.0
2025-05-15,Printer,North,14,180,0.05,2394.0
2025-05-15,Printer,South,7,180,0.0,1260.0
2025-05-15,Printer,East,5,180,0.0,900.0
2025-05-15,Router,West,21,80,0.0,1680.0
2025-05-15,Router,North,17,80,0.0,1360.0
2025-05-15,Router,South,10,80,0.0,800.0
2025-05-15,Router,East,17,80,0.1,1224.0
2025-05-15,Webcam,West,13,55,0.1,643.5
2025-05-15,Webcam,North,5,55,0.15,233.75
2025-05-15,Webcam,South,11,55,0.05,574.75
2025-05-15,Webcam,East,11,55,0.1,544.5
2025-05-16,Laptop,West,10,650,0.05,6175.0
2025-05-16,Laptop,North,14,650,0.0,9100.0
2025-05-16,Laptop,South,8,650,0.1,4680.0
2025-05-16,Laptop,East,5,650,0.05,3087.5
2025-05-16,Monitor,West,17,220,0.05,3553.0
2025-05-16,Monitor,North,10,220,0.0,2200.0
2025-05-16,Monitor,South,12,220,0.05,2508.0
2025-05-16,Monitor,East,15,220,0.1,2970.0
2025-05-16,Keyboard,West,28,45,0.0,1260.0
2025-05-16,Keyboard,North,16,45,0.0,720.0
2025-05-16,Keyboard,South,21,45,0.1,850.5
2025-05-16,Keyboard,East,18,45,0.05,769.5
2025-05-16,Mouse,West,40,25,0.0,1000.0
2025-05-16,Mouse,North,35,25,0.0,875.0
2025-05-16,Mouse,South,25,25,0.0,625.0
2025-05-16,Mouse,East,31,25,0.1,697.5
2025-05-16,Headset,West,13,60,0.0,780.0
2025-05-16,Headset,North,12,60,0.05,684.0
2025-05-16,Headset,South,18,60,0.15,918.0
2025-05-16,Headset,East,11,60,0.05,627.0
2025-05-16,Printer,West,11,180,0.0,1980.0
2025-05-16,Printer,North,6,180,0.05,1026.0
2025-05-16,Printer,South,6,180,0.05,1026.0
2025-05-16,Printer,East,3,180,0.15,459.0
2025-05-16,Router,West,12,80,0.0,960.0
2025-05-16,Router,North,17,80,0.05,1292.0
2025-05-16,Router,South,13,80,0.1,936.0
2025-05-16,Router,East,16,80,0.15,1088.0
2025-05-16,Webcam,West,16,55,0.0,880.0
2025-05-16,Webcam,North,6,55,0.05,313.5
2025-05-16,Webcam,South,13,55,0.0,715.0
2025-05-16,Webcam,East,16,55,0.0,880.0
2025-05-17,Laptop,West,12,650,0.0,7800.0
2025-05-17,Laptop,North,12,650,0.05,7410.0
2025-05-17,Laptop,South,3,650,0.0,1950.0
2025-05-17,Laptop,East,10,650,0.05,6175.0
2025-05-17,Monitor,West,14,220,0.05,2926.0
2025-05-17,Monitor,North,17,220,0.05,3553.0
2025-05-17,Monitor,South,10,220,0.1,1980.0
2025-05-17,Monitor,East,15,220,0.0,3300.0
2025-05-17,Keyboard,West,21,45,0.05,897.75
2025-05-17,Keyboard,North,22,45,0.0,990.0
2025-05-17,Keyboard,South,18,45,0.15,688.5
2025-05-17,Keyboard,East,22,45,0.0,990.0
2025-05-17,Mouse,West,25,25,0.0,625.0
2025-05-17,Mouse,North,31,25,0.0,775.0
2025-05-17,Mouse,South,25,25,0.1,562.5
2025-05-17,Mouse,East,24,25,0.05,570.0
2025-05-17,Headset,West,16,60,0.0,960.0
2025-05-17,Headset,North,12,60,0.05,684.0
2025-05-17,Headset,South,11,60,0.1,594.0
2025-05-17,Headset,East,19,60,0.0,1140.0
2025-05-17,Printer,West,8,180,0.05,1368.0
2025-05-17,Printer,North,7,180,0.0,1260.0
2025-05-17,Printer,South,4,180,0.05,684.0
2025-05-17,Printer,East,13,180,0.15,1989.0
2025-05-17,Router,West,11,80,0.0,880.0
2025-05-17,Router,North,16,80,0.15,1088.0
2025-05-17,Router,South,18,80,0.0,1440.0
2025-05-17,Router,East,10,80,0.0,800.0
2025-05-17,Webcam,West,9,55,0.0,495.0
2025-05-17,Webcam,North,11,55,0.0,605.0
2025-05-17,Webcam,South,14,55,0.0,770.0
2025-05-17,Webcam,East,6,55,0.0,330.0
2025-05-18,Laptop,West,11,650,0.0,7150.0
2025-05-18,Laptop,North,5,650,0.0,3250.0
2025-05-18,Laptop,South,5,650,0.05,3087.5
2025-05-18,Laptop,East,11,650,0.05,6792.5
2025-05-18,Monitor,West,13,220,0.0,2860.0
2025-05-18,Monitor,North,13,220,0.0,2860.0
2025-05-18,Monitor,South,10,220,0.0,2200.0
2025-05-18,Monitor,East,11,220,0.0,2420.0
2025-05-18,Keyboard,West,28,45,0.0,1260.0
2025-05-18,Keyboard,North,24,45,0.0,1080.0
2025-05-18,Keyboard,South,17,45,0.05,726.75
2025-05-18,Keyboard,East,19,45,0.05,812.25
2025-05-18,Mouse,West,25,25,0.0,625.0
2025-05-18,Mouse,North,26,25,0.05,617.5
2025-05-18,Mouse,South,29,25,0.1,652.5
2025-05-18,Mouse,East,27,25,0.05,641.25
2025-05-18,Headset,West,19,60,0.05,1083.0
2025-05-18,Headset,North,17,60,0.1,918.0
2025-05-18,Headset,South,6,60,0.0,360.0
2025-05-18,Headset,East,12,60,0.0,720.0
2025-05-18,Printer,West,9,180,0.1,1458.0
2025-05-18,Printer,North,10,180,0.0,1800.0
2025-05-18,Printer,South,3,180,0.1,486.0
2025-05-18,Printer,East,4,180,0.0,720.0
2025-05-18,Router,West,23,80,0.0,1840.0
2025-05-18,Router,North,18,80,0.0,1440.0
2025-05-18,Router,South,17,80,0.05,1292.0
2025-05-18,Router,East,18,80,0.0,1440.0
2025-05-18,Webcam,West,16,55,0.1,792.0
2025-05-18,Webcam,North,8,55,0.05,418.0
2025-05-18,Webcam,South,13,55,0.0,715.0
2025-05-18,Webcam,East,9,55,0.05,470.25
2025-05-19,Laptop,West,10,650,0.05,6175.0
2025-05-19,Laptop,North,8,650,0.05,4940.0
2025-05-19,Laptop,South,6,650,0.0,3900.0
2025-05-19,Laptop,East,5,650,0.0,3250.0
2025-05-19,Monitor,West,11,220,0.0,2420.0
2025-05-19,Monitor,North,9,220,0.1,1782.0
2025-05-19,Monitor,South,20,220,0.0,4400.0
2025-05-19,Monitor,East,12,220,0.05,2508.0
2025-05-19,Keyboard,West,28,45,0.0,1260.0
2025-05-19,Keyboard,North,20,45,0.05,855.0
2025-05-19,Keyboard,South,14,45,0.05,598.5
2025-05-19,Keyboard,East,23,45,0.0,1035.0
2025-05-19,Mouse,West,27,25,0.05,641.25
2025-05-19,Mouse,North,23,25,0.05,546.25
2025-05-19,Mouse,South,26,25,0.05,617.5
2025-05-19,Mouse,East,26,25,0.0,650.0
2025-05-19,Headset,West,20,60,0.0,1200.0
2025-05-19,Headset,North,16,60,0.0,960.0
2025-05-19,Headset,South,11,60,0.05,627.0
2025-05-19,Headset,East,12,60,0.0,720.0
2025-05-19,Printer,West,7,180,0.05,1197.0
2025-05-19,Printer,North,8,180,0.0,1440.0
2025-05-19,Printer,South,5,180,0.0,900.0
2025-05-19,Printer,East,8,180,0.15,1224.0
2025-05-19,Router,West,12,80,0.15,816.0
2025-05-19,Router,North,25,80,0.0,2000.0
2025-05-19,Router,South,13,80,0.05,988.0
2025-05-19,Router,East,9,80,0.05,684.0
2025-05-19,Webcam,West,20,55,0.0,1100.0
2025-05-19,Webcam,North,9,55,0.0,495.0
2025-05-19,Webcam,South,6,55,0.0,330.0
2025-05-19,Webcam,East,18,55,0.0,990.0
2025-05-20,Laptop,West,12,650,0.05,7410.0
2025-05-20,Laptop,North,10,650,0.05,6175.0
2025-05-20,Laptop,South,4,650,0.05,2470.0
2025-05-20,Laptop,East,6,650,0.0,3900.0
2025-05-20,Monitor,West,16,220,0.05,3344.0
2025-05-20,Monitor,North,8,220,0.0,1760.0
2025-05-20,Monitor,South,10,220,0.1,1980.0
2025-05-20,Monitor,East,9,220,0.05,1881.0
2025-05-20,Keyboard,West,25,45,0.05,1068.75
2025-05-20,Keyboard,North,18,45,0.1,729.0
2025-05-20,Keyboard,South,19,45,0.05,812.25
2025-05-20,Keyboard,East,25,45,0.05,1068.75
2025-05-20,Mouse,West,48,25,0.0,1200.0
2025-05-20,Mouse,North,23,25,0.1,517.5
2025-05-20,Mouse,South,27,25,0.05,641.25
2025-05-20,Mouse,East,31,25,0.0,775.0
2025-05-20,Headset,West,17,60,0.0,1020.0
2025-05-20,Headset,North,8,60,0.0,480.0
2025-05-20,Headset,South,10,60,0.05,570.0
2025-05-20,Headset,East,17,60,0.05,969.0
2025-05-20,Printer,West,6,180,0.0,1080.0
2025-05-20,Printer,North,5,180,0.0,900.0
2025-05-20,Printer,South,7,180,0.05,1197.0
2025-05-20,Printer,East,11,180,0.1,1782.0
2025-05-20,Router,West,23,80,0.0,1840.0
2025-05-20,Router,North,17,80,0.0,1360.0
2025-05-20,Router,South,18,80,0.05,1368.0
2025-05-20,Router,East,19,80,0.0,1520.0
2025-05-20,Webcam,West,20,55,0.05,1045.0
2025-05-20,Webcam,North,10,55,0.15,467.5
2025-05-20,Webcam,South,8,55,0.05,418.0
2025-05-20,Webcam,East,11,55,0.05,574.75
2025-05-21,Laptop,West,8,650,0.05,4940.0
2025-05-21,Laptop,North,13,650,0.0,8450.0
2025-05-21,Laptop,South,10,650,0.0,6500.0
2025-05-21,Laptop,East,14,650,0.15,7735.0
2025-05-21,Monitor,West,7,220,0.0,1540.0
2025-05-21,Monitor,North,10,220,0.1,1980.0
2025-05-21,Monitor,South,11,220,0.0,2420.0
2025-05-21,Monitor,East,14,220,0.05,2926.0
2025-05-21,Keyboard,West,17,45,0.05,726.75
2025-05-21,Keyboard,North,20,45,0.0,900.0
2025-05-21,Keyboard,South,16,45,0.05,684.0
2025-05-21,Keyboard,East,23,45,0.0,1035.0
2025-05-21,Mouse,West,31,25,0.05,736.25
2025-05-21,Mouse,North,25,25,0.1,562.5
2025-05-21,Mouse,South,19,25,0.05,451.25
2025-05-21,Mouse,East,26,25,0.05,617.5
2025-05-21,Headset,West,15,60,0.1,810.0
2025-05-21,Headset,North,18,60,0.05,1026.0
2025-05-21,Headset,South,9,60,0.05,513.0
2025-05-21,Headset,East,17,60,0.05,969.0
2025-05-21,Printer,West,7,180,0.05,1197.0
2025-05-21,Printer,North,7,180,0.05,1197.0
2025-05-21,Printer,South,7,180,0.0,1260.0
2025-05-21,Printer,East,11,180,0.0,1980.0
2025-05-21,Router,West,13,80,0.15,884.0
2025-05-21,Router,North,18,80,0.05,1368.0
2025-05-21,Router,South,14,80,0.05,1064.0
2025-05-21,Router,East,21,80,0.05,1596.0
2025-05-21,Webcam,West,3,55,0.05,156.75
2025-05-21,Webcam,North,14,55,0.0,770.0
2025-05-21,Webcam,South,9,55,0.05,470.25
2025-05-21,Webcam,East,14,55,0.05,731.5
2025-05-22,Laptop,West,5,650,0.0,3250.0
2025-05-22,Laptop,North,6,650,0.1,3510.0
2025-05-22,Laptop,South,15,650,0.1,8775.0
2025-05-22,Laptop,East,11,650,0.05,6792.5
2025-05-22,Monitor,West,10,220,0.05,2090.0
2025-05-22,Monitor,North,12,220,0.0,2640.0
2025-05-22,Monitor,South,7,220,0.0,1540.0
2025-05-22,Monitor,East,7,220,0.1,1386.0
2025-05-22,Keyboard,West,22,45,0.0,990.0
2025-05-22,Keyboard,North,17,45,0.0,765.0
2025-05-22,Keyboard,South,13,45,0.05,555.75
2025-05-22,Keyboard,East,20,45,0.05,855.0
2025-05-22,Mouse,West,36,25,0.0,900.0
2025-05-22,Mouse,North,28,25,0.05,665.0
2025-05-22,Mouse,South,26,25,0.05,617.5
2025-05-22,Mouse,East,32,25,0.1,720.0
2025-05-22,Headset,West,20,60,0.1,1080.0
2025-05-22,Headset,North,13,60,0.1,702.0
2025-05-22,Headset,South,12,60,0.1,648.0
2025-05-22,Headset,East,11,60,0.0,660.0
2025-05-22,Printer,West,7,180,0.0,1260.0
2025-05-22,Printer,North,7,180,0.1,1134.0
2025-05-22,Printer,South,8,180,0.05,1368.0
2025-05-22,Printer,East,9,180,0.1,1458.0
2025-05-22,Router,West,20,80,0.0,1600.0
2025-05-22,Router,North,15,80,0.05,1140.0
2025-05-22,Router,South,16,80,0.0,1280.0
2025-05-22,Router,East,16,80,0.0,1280.0
2025-05-22,Webcam,West,14,55,0.1,693.0
2025-05-22,Webcam,North,5,55,0.0,275.0
2025-05-22,Webcam,South,5,55,0.1,247.5
2025-05-22,Webcam,East,12,55,0.05,627.0
2025-05-23,Laptop,West,9,650,0.05,5557.5
2025-05-23,Laptop,North,10,650,0.0,6500.0
2025-05-23,Laptop,South,7,650,0.05,4322.5
2025-05-23,Laptop,East,6,650,0.05,3705.0
2025-05-23,Monitor,West,17,220,0.05,3553.0
2025-05-23,Monitor,North,16,220,0.0,3520.0
2025-05-23,Monitor,South,12,220,0.05,2508.0
2025-05-23,Monitor,East,12,220,0.05,2508.0
2025-05-23,Keyboard,West,23,45,0.1,931.5
2025-05-23,Keyboard,North,27,45,0.05,1154.25
2025-05-23,Keyboard,South,18,45,0.15,688.5
2025-05-23,Keyboard,East,23,45,0.05,983.25
2025-05-23,Mouse,West,34,25,0.05,807.5
2025-05-23,Mouse,North,22,25,0.0,550.0
2025-05-23,Mouse,South,24,25,0.1,540.0
2025-05-23,Mouse,East,27,25,0.0,675.0
2025-05-23,Headset,West,7,60,0.0,420.0
2025-05-23,Headset,North,20,60,0.0,1200.0
2025-05-23,Headset,South,18,60,0.0,1080.0
2025-05-23,Headset,East,12,60,0.0,720.0
2025-05-23,Printer,West,6,180,0.0,1080.0
2025-05-23,Printer,North,5,180,0.0,900.0
2025-05-23,Printer,South,6,180,0.0,1080.0
2025-05-23,Printer,East,10,180,0.0,1800.0
2025-05-23,Router,West,18,80,0.0,1440.0
2025-05-23,Router,North,15,80,0.05,1140.0
2025-05-23,Router,South,17,80,0.0,1360.0
2025-05-23,Router,East,13,80,0.0,1040.0
2025-05-23,Webcam,West,11,55,0.1,544.5
2025-05-23,Webcam,North,14,55,0.05,731.5
2025-05-23,Webcam,South,8,55,0.15,374.0
2025-05-23,Webcam,East,14,55,0.05,731.5
2025-05-24,Laptop,West,9,650,0.05,5557.5
2025-05-24,Laptop,North,7,650,0.0,4550.0
2025-05-24,Laptop,South,5,650,0.0,3250.0
2025-05-24,Laptop,East,7,650,0.05,4322.5
2025-05-24,Monitor,West,8,220,0.0,1760.0
2025-05-24,Monitor,North,11,220,0.15,2057.0
2025-05-24,Monitor,South,9,220,0.15,1683.0
2025-05-24,Monitor,East,13,220,0.0,2860.0
2025-05-24,Keyboard,West,18,45,0.05,769.5
2025-05-24,Keyboard,North,16,45,0.0,720.0
2025-05-24,Keyboard,South,25,45,0.0,1125.0
2025-05-24,Keyboard,East,18,45,0.05,769.5
2025-05-24,Mouse,West,39,25,0.05,926.25
2025-05-24,Mouse,North,24,25,0.05,570.0
2025-05-24,Mouse,South,19,25,0.05,451.25
2025-05-24,Mouse,East,33,25,0.05,783.75
2025-05-24,Headset,West,16,60,0.05,912.0
2025-05-24,Headset,North,15,60,0.0,900.0
2025-05-24,Headset,South,11,60,0.1,594.0
2025-05-24,Headset,East,12,60,0.0,720.0
2025-05-24,Printer,West,16,180,0.0,2880.0
2025-05-24,Printer,North,8,180,0.05,1368.0
2025-05-24,Printer,South,4,180,0.05,684.0
2025-05-24,Printer,East,5,180,0.05,855.0
2025-05-24,Router,West,23,80,0.05,1748.0
2025-05-24,Router,North,10,80,0.1,720.0
2025-05-24,Router,South,11,80,0.1,792.0
2025-05-24,Router,East,18,80,0.0,1440.0
2025-05-24,Webcam,West,16,55,0.0,880.0
2025-05-24,Webcam,North,11,55,0.05,574.75
2025-05-24,Webcam,South,11,55,0.0,605.0
2025-05-24,Webcam,East,6,55,0.0,330.0
2025-05-25,Laptop,West,12,650,0.0,7800.0
2025-05-25,Laptop,North,4,650,0.15,2210.0
2025-05-25,Laptop,South,9,650,0.0,5850.0
2025-05-25,Laptop,East,10,650,0.0,6500.0
2025-05-25,Monitor,West,8,220,0.05,1672.0
2025-05-25,Monitor,North,11,220,0.1,2178.0
2025-05-25,Monitor,South,9,220,0.05,1881.0
2025-05-25,Monitor,East,9,220,0.1,1782.0
2025-05-25,Keyboard,West,19,45,0.0,855.0
2025-05-25,Keyboard,North,26,45,0.0,1170.0
2025-05-25,Keyboard,South,12,45,0.05,513.0
2025-05-25,Keyboard,East,32,45,0.1,1296.0
2025-05-25,Mouse,West,26,25,0.05,617.5
2025-05-25,Mouse,North,26,25,0.15,552.5
2025-05-25,Mouse,South,26,25,0.0,650.0
2025-05-25,Mouse,East,31,25,0.1,697.5
2025-05-25,Headset,West,14,60,0.0,840.0
2025-05-25,Headset,North,10,60,0.0,600.0
2025-05-25,Headset,South,9,60,0.1,486.0
2025-05-25,Headset,East,9,60,0.05,513.0
2025-05-25,Printer,West,12,180,0.0,2160.0
2025-05-25,Printer,North,6,180,0.15,918.0
2025-05-25,Printer,South,4,180,0.0,720.0
2025-05-25,Printer,East,3,180,0.1,486.0
2025-05-25,Router,West,18,80,0.0,1440.0
2025-05-25,Router,North,21,80,0.1,1512.0
2025-05-25,Router,South,18,80,0.0,1440.0
2025-05-25,Router,East,18,80,0.0,1440.0
2025-05-25,Webcam,West,11,55,0.1,544.5
2025-05-25,Webcam,North,15,55,0.0,825.0
2025-05-25,Webcam,South,7,55,0.0,385.0
2025-05-25,Webcam,East,18,55,0.1,891.0
2025-05-26,Laptop,West,8,650,0.0,5200.0
2025-05-26,Laptop,North,10,650,0.0,6500.0
2025-05-26,Laptop,South,16,650,0.05,9880.0
2025-05-26,Laptop,East,12,650,0.0,7800.0
2025-05-26,Monitor,West,19,220,0.05,3971.0
2025-05-26,Monitor,North,11,220,0.05,2299.0
2025-05-26,Monitor,South,4,220,0.0,880.0
2025-05-26,Monitor,East,9,220,0.1,1782.0
2025-05-26,Keyboard,West,29,45,0.1,1174.5
2025-05-26,Keyboard,North,28,45,0.0,1260.0
2025-05-26,Keyboard,South,11,45,0.1,445.5
2025-05-26,Keyboard,East,22,45,0.0,990.0
2025-05-26,Mouse,West,25,25,0.15,531.25
2025-05-26,Mouse,North,25,25,0.0,625.0
2025-05-26,Mouse,South,27,25,0.1,607.5
2025-05-26,Mouse,East,23,25,0.05,546.25
2025-05-26,Headset,West,16,60,0.1,864.0
2025-05-26,Headset,North,16,60,0.1,864.0
2025-05-26,Headset,South,14,60,0.05,798.0
2025-05-26,Headset,East,13,60,0.05,741.0
2025-05-26,Printer,West,6,180,0.0,1080.0
2025-05-26,Printer,North,13,180,0.05,2223.0
2025-05-26,Printer,South,7,180,0.0,1260.0
2025-05-26,Printer,East,8,180,0.05,1368.0
2025-05-26,Router,West,16,80,0.05,1216.0
2025-05-26,Router,North,14,80,0.0,1120.0
2025-05-26,Router,South,15,80,0.0,1200.0
2025-05-26,Router,East,18,80,0.0,1440.0
2025-05-26,Webcam,West,18,55,0.1,891.0
2025-05-26,Webcam,North,14,55,0.0,770.0
2025-05-26,Webcam,South,8,55,0.0,440.0
2025-05-26,Webcam,East,9,55,0.0,495.0
2025-05-27,Laptop,West,16,650,0.1,9360.0
2025-05-27,Laptop,North,7,650,0.05,4322.5
2025-05-27,Laptop,South,7,650,0.15,3867.5
2025-05-27,Laptop,East,8,650,0.0,5200.0
2025-05-27,Monitor,West,15,220,0.0,3300.0
2025-05-27,Monitor,North,10,220,0.0,2200.0
2025-05-27,Monitor,South,11,220,0.05,2299.0
2025-05-27,Monitor,East,7,220,0.1,1386.0
2025-05-27,Keyboard,West,22,45,0.1,891.0
2025-05-27,Keyboard,North,14,45,0.1,567.0
2025-05-27,Keyboard,South,19,45,0.0,855.0
2025-05-27,Keyboard,East,17,45,0.05,726.75
2025-05-27,Mouse,West,21,25,0.0,525.0
2025-05-27,Mouse,North,27,25,0.05,641.25
2025-05-27,Mouse,South,13,25,0.0,325.0
2025-05-27,Mouse,East,28,25,0.05,665.0
2025-05-27,Headset,West,15,60,0.1,810.0
2025-05-27,Headset,North,16,60,0.1,864.0
2025-05-27,Headset,South,11,60,0.0,660.0
2025-05-27,Headset,East,18,60,0.0,1080.0
2025-05-27,Printer,West,9,180,0.0,1620.0
2025-05-27,Printer,North,10,180,0.05,1710.0
2025-05-27,Printer,South,9,180,0.0,1620.0
2025-05-27,Printer,East,5,180,0.05,855.0
2025-05-27,Router,West,17,80,0.1,1224.0
2025-05-27,Router,North,11,80,0.0,880.0
2025-05-27,Router,South,23,80,0.0,1840.0
2025-05-27,Router,East,18,80,0.15,1224.0
2025-05-27,Webcam,West,16,55,0.05,836.0
2025-05-27,Webcam,North,8,55,0.0,440.0
2025-05-27,Webcam,South,11,55,0.1,544.5
2025-05-27,Webcam,East,6,55,0.0,330.0
2025-05-28,Laptop,West,9,650,0.0,5850.0
2025-05-28,Laptop,North,6,650,0.0,3900.0
2025-05-28,Laptop,South,9,650,0.15,4972.5
2025-05-28,Laptop,East,10,650,0.0,6500.0
2025-05-28,Monitor,West,12,220,0.1,2376.0
2025-05-28,Monitor,North,15,220,0.05,3135.0
2025-05-28,Monitor,South,11,220,0.0,2420.0
2025-05-28,Monitor,East,6,220,0.05,1254.0
2025-05-28,Keyboard,West,23,45,0.0,1035.0
2025-05-28,Keyboard,North,22,45,0.0,990.0
2025-05-28,Keyboard,South,24,45,0.0,1080.0
2025-05-28,Keyboard,East,21,45,0.0,945.0
2025-05-28,Mouse,West,37,25,0.05,878.75
2025-05-28,Mouse,North,26,25,0.0,650.0
2025-05-28,Mouse,South,26,25,0.05,617.5
2025-05-28,Mouse,East,17,25,0.1,382.5
2025-05-28,Headset,West,14,60,0.05,798.0
2025-05-28,Headset,North,15,60,0.0,900.0
2025-05-28,Headset,South,20,60,0.0,1200.0
2025-05-28,Headset,East,18,60,0.0,1080.0
2025-05-28,Printer,West,6,180,0.05,1026.0
2025-05-28,Printer,North,7,180,0.05,1197.0
2025-05-28,Printer,South,7,180,0.1,1134.0
2025-05-28,Printer,East,7,180,0.0,1260.0
2025-05-28,Router,West,15,80,0.05,1140.0
2025-05-28,Router,North,19,80,0.0,1520.0
2025-05-28,Router,South,12,80,0.05,912.0
2025-05-28,Router,East,13,80,0.0,1040.0
2025-05-28,Webcam,West,14,55,0.05,731.5
2025-05-28,Webcam,North,4,55,0.0,220.0
2025-05-28,Webcam,South,9,55,0.0,495.0
2025-05-28,Webcam,East,13,55,0.05,679.25
2025-05-29,Laptop,West,15,650,0.0,9750.0
2025-05-29,Laptop,North,6,650,0.05,3705.0
2025-05-29,Laptop,South,8,650,0.0,5200.0
2025-05-29,Laptop,East,9,650,0.0,5850.0
2025-05-29,Monitor,West,16,220,0.1,3168.0
2025-05-29,Monitor,North,13,220,0.05,2717.0
2025-05-29,Monitor,South,8,220,0.0,1760.0
2025-05-29,Monitor,East,11,220,0.05,2299.0
2025-05-29,Keyboard,West,22,45,0.1,891.0
2025-05-29,Keyboard,North,13,45,0.05,555.75
2025-05-29,Keyboard,South,18,45,0.0,810.0
2025-05-29,Keyboard,East,18,45,0.1,729.0
2025-05-29,Mouse,West,35,25,0.05,831.25
2025-05-29,Mouse,North,27,25,0.05,641.25
2025-05-29,Mouse,South,24,25,0.1,540.0
2025-05-29,Mouse,East,24,25,0.05,570.0
2025-05-29,Headset,West,12,60,0.0,720.0
2025-05-29,Headset,North,11,60,0.05,627.0
2025-05-29,Headset,South,9,60,0.0,540.0
2025-05-29,Headset,East,18,60,0.15,918.0
2025-05-29,Printer,West,8,180,0.1,1296.0
2025-05-29,Printer,North,7,180,0.0,1260.0
2025-05-29,Printer,South,4,180,0.0,720.0
2025-05-29,Printer,East,4,180,0.15,612.0
2025-05-29,Router,West,19,80,0.0,1520.0
2025-05-29,Router,North,11,80,0.1,792.0
2025-05-29,Router,South,14,80,0.0,1120.0
2025-05-29,Router,East,17,80,0.0,1360.0
2025-05-29,Webcam,West,13,55,0.05,679.25
2025-05-29,Webcam,North,10,55,0.1,495.0
2025-05-29,Webcam,South,10,55,0.0,550.0
2025-05-29,Webcam,East,10,55,0.0,550.0
2025-05-30,Laptop,West,9,650,0.0,5850.0
2025-05-30,Laptop,North,10,650,0.0,6500.0
2025-05-30,Laptop,South,6,650,0.1,3510.0
2025-05-30,Laptop,East,12,650,0.05,7410.0
2025-05-30,Monitor,West,8,220,0.1,1584.0
2025-05-30,Monitor,North,9,220,0.1,1782.0
2025-05-30,Monitor,South,8,220,0.05,1672.0
2025-05-30,Monitor,East,12,220,0.1,2376.0
2025-05-30,Keyboard,West,20,45,0.05,855.0
2025-05-30,Keyboard,North,14,45,0.0,630.0
2025-05-30,Keyboard,South,21,45,0.05,897.75
2025-05-30,Keyboard,East,18,45,0.05,769.5
2025-05-30,Mouse,West,43,25,0.05,1021.25
2025-05-30,Mouse,North,32,25,0.0,800.0
2025-05-30,Mouse,South,40,25,0.0,1000.0
2025-05-30,Mouse,East,28,25,0.1,630.0
2025-05-30,Headset,West,14,60,0.05,798.0
2025-05-30,Headset,North,12,60,0.1,648.0
2025-05-30,Headset,South,11,60,0.1,594.0
2025-05-30,Headset,East,9,60,0.0,540.0
2025-05-30,Printer,West,11,180,0.05,1881.0
2025-05-30,Printer,North,7,180,0.0,1260.0
2025-05-30,Printer,South,6,180,0.1,972.0
2025-05-30,Printer,East,4,180,0.0,720.0
2025-05-30,Router,West,23,80,0.05,1748.0
2025-05-30,Router,North,19,80,0.0,1520.0
2025-05-30,Router,South,15,80,0.0,1200.0
2025-05-30,Router,East,22,80,0.05,1672.0
2025-05-30,Webcam,West,10,55,0.0,550.0
2025-05-30,Webcam,North,8,55,0.0,440.0
2025-05-30,Webcam,South,15,55,0.05,783.75
2025-05-30,Webcam,East,13,55,0.0,715.0
2025-05-31,Laptop,West,8,650,0.0,5200.0
2025-05-31,Laptop,North,10,650,0.05,6175.0
2025-05-31,Laptop,South,13,650,0.0,8450.0
2025-05-31,Laptop,East,11,650,0.0,7150.0
2025-05-31,Monitor,West,20,220,0.1,3960.0
2025-05-31,Monitor,North,14,220,0.0,3080.0
2025-05-31,Monitor,South,6,220,0.0,1320.0
2025-05-31,Monitor,East,10,220,0.0,2200.0
2025-05-31,Keyboard,West,23,45,0.0,1035.0
2025-05-31,Keyboard,North,20,45,0.05,855.0
2025-05-31,Keyboard,South,13,45,0.05,555.75
2025-05-31,Keyboard,East,15,45,0.0,675.0
2025-05-31,Mouse,West,31,25,0.1,697.5
2025-05-31,Mouse,North,29,25,0.05,688.75
2025-05-31,Mouse,South,16,25,0.1,360.0
2025-05-31,Mouse,East,23,25,0.0,575.0
2025-05-31,Headset,West,14,60,0.0,840.0
2025-05-31,Headset,North,10,60,0.0,600.0
2025-05-31,Headset,South,13,60,0.05,741.0
2025-05-31,Headset,East,11,60,0.0,660.0
2025-05-31,Printer,West,5,180,0.0,900.0
2025-05-31,Printer,North,14,180,0.0,2520.0
2025-05-31,Printer,South,6,180,0.0,1080.0
2025-05-31,Printer,East,4,180,0.1,648.0
2025-05-31,Router,West,22,80,0.0,1760.0
2025-05-31,Router,North,19,80,0.15,1292.0
2025-05-31,Router,South,13,80,0.05,988.0
2025-05-31,Router,East,24,80,0.0,1920.0
2025-05-31,Webcam,West,9,55,0.05,470.25
2025-05-31,Webcam,North,4,55,0.05,209.0
2025-05-31,Webcam,South,7,55,0.0,385.0
2025-05-31,Webcam,East,7,55,0.05,365.75
2025-06-01,Laptop,West,9,650,0.0,5850.0
2025-06-01,Laptop,North,4,650,0.1,2340.0
2025-06-01,Laptop,South,9,650,0.0,5850.0
2025-06-01,Laptop,East,7,650,0.05,4322.5
2025-06-01,Monitor,West,9,220,0.0,1980.0
2025-06-01,Monitor,North,11,220,0.0,2420.0
2025-06-01,Monitor,South,9,220,0.0,1980.0
2025-06-01,Monitor,East,13,220,0.1,2574.0
2025-06-01,Keyboard,West,26,45,0.05,1111.5
2025-06-01,Keyboard,North,23,45,0.05,983.25
2025-06-01,Keyboard,South,21,45,0.05,897.75
2025-06-01,Keyboard,East,17,45,0.0,765.0
2025-06-01,Mouse,West,38,25,0.05,902.5
2025-06-01,Mouse,North,31,25,0.1,697.5
2025-06-01,Mouse,South,26,25,0.1,585.0
2025-06-01,Mouse,East,24,25,0.05,570.0
2025-06-01,Headset,West,18,60,0.05,1026.0
2025-06-01,Headset,North,12,60,0.1,648.0
2025-06-01,Headset,South,8,60,0.1,432.0
2025-06-01,Headset,East,13,60,0.0,780.0
2025-06-01,Printer,West,10,180,0.0,1800.0
2025-06-01,Printer,North,10,180,0.1,1620.0
2025-06-01,Printer,South,4,180,0.1,648.0
2025-06-01,Printer,East,4,180,0.0,720.0
2025-06-01,Router,West,14,80,0.15,952.0
2025-06-01,Router,North,12,80,0.0,960.0
2025-06-01,Router,South,12,80,0.05,912.0
2025-06-01,Router,East,13,80,0.05,988.0
2025-06-01,Webcam,West,5,55,0.0,275.0
2025-06-01,Webcam,North,11,55,0.1,544.5
2025-06-01,Webcam,South,11,55,0.05,574.75
2025-06-01,Webcam,East,10,55,0.1,495.0
2025-06-02,Laptop,West,6,650,0.0,3900.0
2025-06-02,Laptop,North,13,650,0.05,8027.5
2025-06-02,Laptop,South,7,650,0.05,4322.5
2025-06-02,Laptop,East,11,650,0.0,7150.0
2025-06-02,Monitor,West,10,220,0.0,2200.0
2025-06-02,Monitor,North,4,220,0.05,836.0
2025-06-02,Monitor,South,7,220,0.0,1540.0
2025-06-02,Monitor,East,11,220,0.0,2420.0
2025-06-02,Keyboard,West,20,45,0.1,810.0
2025-06-02,Keyboard,North,16,45,0.1,648.0
2025-06-02,Keyboard,South,10,45,0.0,450.0
2025-06-02,Keyboard,East,16,45,0.0,720.0
2025-06-02,Mouse,West,26,25,0.05,617.5
2025-06-02,Mouse,North,24,25,0.0,600.0
2025-06-02,Mouse,South,23,25,0.15,488.75
2025-06-02,Mouse,East,35,25,0.05,831.25
2025-06-02,Headset,West,17,60,0.0,1020.0
2025-06-02,Headset,North,13,60,0.05,741.0
2025-06-02,Headset,South,11,60,0.05,627.0
2025-06-02,Headset,East,13,60,0.1,702.0
2025-06-02,Printer,West,7,180,0.0,1260.0
2025-06-02,Printer,North,5,180,0.0,900.0
2025-06-02,Printer,South,6,180,0.05,1026.0
2025-06-02,Printer,East,3,180,0.1,486.0
2025-06-02,Router,West,19,80,0.05,1444.0
2025-06-02,Router,North,16,80,0.1,1152.0
2025-06-02,Router,South,8,80,0.05,608.0
2025-06-02,Router,East,18,80,0.0,1440.0
2025-06-02,Webcam,West,18,55,0.0,990.0
2025-06-02,Webcam,North,9,55,0.15,420.75
2025-06-02,Webcam,South,9,55,0.1,445.5
2025-06-02,Webcam,East,13,55,0.05,679.25
2025-06-03,Laptop,West,14,650,0.0,9100.0
2025-06-03,Laptop,North,12,650,0.05,7410.0
2025-06-03,Laptop,South,5,650,0.05,3087.5
2025-06-03,Laptop,East,9,650,0.0,5850.0
2025-06-03,Monitor,West,13,220,0.1,2574.0
2025-06-03,Monitor,North,7,220,0.0,1540.0
2025-06-03,Monitor,South,13,220,0.05,2717.0
2025-06-03,Monitor,East,17,220,0.1,3366.0
2025-06-03,Keyboard,West,21,45,0.0,945.0
2025-06-03,Keyboard,North,22,45,0.1,891.0
2025-06-03,Keyboard,South,21,45,0.05,897.75
2025-06-03,Keyboard,East,16,45,0.05,684.0
2025-06-03,Mouse,West,39,25,0.1,877.5
2025-06-03,Mouse,North,32,25,0.05,760.0
2025-06-03,Mouse,South,27,25,0.1,607.5
2025-06-03,Mouse,East,33,25,0.15,701.25
2025-06-03,Headset,West,13,60,0.05,741.0
2025-06-03,Headset,North,16,60,0.0,960.0
2025-06-03,Headset,South,9,60,0.1,486.0
2025-06-03,Headset,East,19,60,0.1,1026.0
2025-06-03,Printer,West,4,180,0.05,684.0
2025-06-03,Printer,North,10,180,0.0,1800.0
2025-06-03,Printer,South,5,180,0.05,855.0
2025-06-03,Printer,East,7,180,0.0,1260.0
2025-06-03,Router,West,20,80,0.0,1600.0
2025-06-03,Router,North,13,80,0.05,988.0
2025-06-03,Router,South,22,80,0.0,1760.0
2025-06-03,Router,East,14,80,0.05,1064.0
2025-06-03,Webcam,West,16,55,0.0,880.0
2025-06-03,Webcam,North,15,55,0.05,783.75
2025-06-03,Webcam,South,7,55,0.0,385.0
2025-06-03,Webcam,East,19,55,0.05,992.75
2025-06-04,Laptop,West,10,650,0.05,6175.0
2025-06-04,Laptop,North,5,650,0.0,3250.0
2025-06-04,Laptop,South,2,650,0.0,1300.0
2025-06-04,Laptop,East,4,650,0.0,2600.0
2025-06-04,Monitor,West,10,220,0.0,2200.0
2025-06-04,Monitor,North,12,220,0.1,2376.0
2025-06-04,Monitor,South,11,220,0.1,2178.0
2025-06-04,Monitor,East,11,220,0.05,2299.0
2025-06-04,Keyboard,West,24,45,0.05,1026.0
2025-06-04,Keyboard,North,24,45,0.05,1026.0
2025-06-04,Keyboard,South,16,45,0.05,684.0
2025-06-04,Keyboard,East,24,45,0.1,972.0
2025-06-04,Mouse,West,27,25,0.0,675.0
2025-06-04,Mouse,North,28,25,0.0,700.0
2025-06-04,Mouse,South,27,25,0.05,641.25
2025-06-04,Mouse,East,33,25,0.0,825.0
2025-06-04,Headset,West,16,60,0.1,864.0
2025-06-04,Headset,North,18,60,0.0,1080.0
2025-06-04,Headset,South,8,60,0.05,456.0
2025-06-04,Headset,East,15,60,0.05,855.0
2025-06-04,Printer,West,11,180,0.05,1881.0
2025-06-04,Printer,North,4,180,0.05,684.0
2025-06-04,Printer,South,4,180,0.05,684.0
2025-06-04,Printer,East,9,180,0.05,1539.0
2025-06-04,Router,West,9,80,0.05,684.0
2025-06-04,Router,North,8,80,0.05,608.0
2025-06-04,Router,South,11,80,0.1,792.0
2025-06-04,Router,East,8,80,0.0,640.0
2025-06-04,Webcam,West,10,55,0.1,495.0
2025-06-04,Webcam,North,8,55,0.05,418.0
2025-06-04,Webcam,South,6,55,0.0,330.0
2025-06-04,Webcam,East,12,55,0.0,660.0
2025-06-05,Laptop,West,7,650,0.1,4095.0
2025-06-05,Laptop,North,9,650,0.05,5557.5
2025-06-05,Laptop,South,7,650,0.05,4322.5
2025-06-05,Laptop,East,9,650,0.0,5850.0
2025-06-05,Monitor,West,11,220,0.05,2299.0
2025-06-05,Monitor,North,7,220,0.0,1540.0
2025-06-05,Monitor,South,17,220,0.0,3740.0
2025-06-05,Monitor,East,9,220,0.0,1980.0
2025-06-05,Keyboard,West,21,45,0.0,945.0
2025-06-05,Keyboard,North,8,45,0.05,342.0
2025-06-05,Keyboard,South,17,45,0.0,765.0
2025-06-05,Keyboard,East,17,45,0.1,688.5
2025-06-05,Mouse,West,26,25,0.05,617.5
2025-06-05,Mouse,North,18,25,0.0,450.0
2025-06-05,Mouse,South,25,25,0.0,625.0
2025-06-05,Mouse,East,34,25,0.05,807.5
2025-06-05,Headset,West,14,60,0.15,714.0
2025-06-05,Headset,North,14,60,0.0,840.0
2025-06-05,Headset,South,10,60,0.1,540.0
2025-06-05,Headset,East,19,60,0.0,1140.0
2025-06-05,Printer,West,10,180,0.0,1800.0
2025-06-05,Printer,North,5,180,0.05,855.0
2025-06-05,Printer,South,6,180,0.05,1026.0
2025-06-05,Printer,East,4,180,0.1,648.0
2025-06-05,Router,West,15,80,0.0,1200.0
2025-06-05,Router,North,21,80,0.1,1512.0
2025-06-05,Router,South,16,80,0.0,1280.0
2025-06-05,Router,East,16,80,0.1,1152.0
2025-06-05,Webcam,West,10,55,0.15,467.5
2025-06-05,Webcam,North,9,55,0.15,420.75
2025-06-05,Webcam,South,8,55,0.0,440.0
2025-06-05,Webcam,East,19,55,0.0,1045.0
2025-06-06,Laptop,West,10,650,0.0,6500.0
2025-06-06,Laptop,North,8,650,0.05,4940.0
2025-06-06,Laptop,South,10,650,0.0,6500.0
2025-06-06,Laptop,East,8,650,0.0,5200.0
2025-06-06,Monitor,West,15,220,0.0,3300.0
2025-06-06,Monitor,North,17,220,0.1,3366.0
2025-06-06,Monitor,South,9,220,0.0,1980.0
2025-06-06,Monitor,East,16,220,0.05,3344.0
2025-06-06,Keyboard,West,22,45,0.1,891.0
2025-06-06,Keyboard,North,18,45,0.1,729.0
2025-06-06,Keyboard,South,16,45,0.0,720.0
2025-06-06,Keyboard,East,24,45,0.05,1026.0
2025-06-06,Mouse,West,32,25,0.1,720.0
2025-06-06,Mouse,North,29,25,0.05,688.75
2025-06-06,Mouse,South,30,25,0.0,750.0
2025-06-06,Mouse,East,38,25,0.05,902.5
2025-06-06,Headset,West,14,60,0.05,798.0
2025-06-06,Headset,North,8,60,0.05,456.0
2025-06-06,Headset,South,12,60,0.15,612.0
2025-06-06,Headset,East,14,60,0.0,840.0
2025-06-06,Printer,West,9,180,0.0,1620.0
2025-06-06,Printer,North,9,180,0.1,1458.0
2025-06-06,Printer,South,8,180,0.1,1296.0
2025-06-06,Printer,East,7,180,0.1,1134.0
2025-06-06,Router,West,13,80,0.0,1040.0
2025-06-06,Router,North,18,80,0.0,1440.0
2025-06-06,Router,South,16,80,0.0,1280.0
2025-06-06,Router,East,18,80,0.0,1440.0
2025-06-06,Webcam,West,6,55,0.05,313.5
2025-06-06,Webcam,North,6,55,0.0,330.0
2025-06-06,Webcam,South,7,55,0.0,385.0
2025-06-06,Webcam,East,9,55,0.0,495.0
2025-06-07,Laptop,West,6,650,0.1,3510.0
2025-06-07,Laptop,North,8,650,0.05,4940.0
2025-06-07,Laptop,South,5,650,0.05,3087.5
2025-06-07,Laptop,East,9,650,0.0,5850.0
2025-06-07,Monitor,West,9,220,0.15,1683.0
2025-06-07,Monitor,North,4,220,0.0,880.0
2025-06-07,Monitor,South,8,220,0.05,1672.0
2025-06-07,Monitor,East,16,220,0.05,3344.0
2025-06-07,Keyboard,West,25,45,0.05,1068.75
2025-06-07,Keyboard,North,22,45,0.1,891.0
2025-06-07,Keyboard,South,10,45,0.05,427.5
2025-06-07,Keyboard,East,31,45,0.15,1185.75
2025-06-07,Mouse,West,37,25,0.0,925.0
2025-06-07,Mouse,North,20,25,0.0,500.0
2025-06-07,Mouse,South,27,25,0.1,607.5
2025-06-07,Mouse,East,28,25,0.1,630.0
2025-06-07,Headset,West,13,60,0.0,780.0
2025-06-07,Headset,North,13,60,0.0,780.0
2025-06-07,Headset,South,24,60,0.05,1368.0
2025-06-07,Headset,East,10,60,0.05,570.0
2025-06-07,Printer,West,7,180,0.05,1197.0
2025-06-07,Printer,North,5,180,0.05,855.0
2025-06-07,Printer,South,4,180,0.0,720.0
2025-06-07,Printer,East,4,180,0.15,612.0
2025-06-07,Router,West,20,80,0.1,1440.0
2025-06-07,Router,North,16,80,0.0,1280.0
2025-06-07,Router,South,14,80,0.0,1120.0
2025-06-07,Router,East,9,80,0.1,648.0
2025-06-07,Webcam,West,10,55,0.05,522.5
2025-06-07,Webcam,North,12,55,0.0,660.0
2025-06-07,Webcam,South,7,55,0.05,365.75
2025-06-07,Webcam,East,16,55,0.0,880.0
2025-06-08,Laptop,West,7,650,0.1,4095.0
2025-06-08,Laptop,North,8,650,0.05,4940.0
2025-06-08,Laptop,South,7,650,0.0,4550.0
2025-06-08,Laptop,East,12,650,0.0,7800.0
2025-06-08,Monitor,West,7,220,0.1,1386.0
2025-06-08,Monitor,North,12,220,0.1,2376.0
2025-06-08,Monitor,South,9,220,0.0,1980.0
2025-06-08,Monitor,East,13,220,0.0,2860.0
2025-06-08,Keyboard,West,18,45,0.0,810.0
2025-06-08,Keyboard,North,22,45,0.0,990.0
2025-06-08,Keyboard,South,11,45,0.0,495.0
2025-06-08,Keyboard,East,22,45,0.05,940.5
2025-06-08,Mouse,West,32,25,0.05,760.0
2025-06-08,Mouse,North,28,25,0.1,630.0
2025-06-08,Mouse,South,20,25,0.0,500.0
2025-06-08,Mouse,East,34,25,0.0,850.0
2025-06-08,Headset,West,27,60,0.1,1458.0
2025-06-08,Headset,North,11,60,0.0,660.0
2025-06-08,Headset,South,12,60,0.05,684.0
2025-06-08,Headset,East,17,60,0.0,1020.0
2025-06-08,Printer,West,6,180,0.0,1080.0
2025-06-08,Printer,North,8,180,0.0,1440.0
2025-06-08,Printer,South,7,180,0.0,1260.0
2025-06-08,Printer,East,6,180,0.0,1080.0
2025-06-08,Router,West,18,80,0.05,1368.0
2025-06-08,Router,North,18,80,0.1,1296.0
2025-06-08,Router,South,8,80,0.05,608.0
2025-06-08,Router,East,15,80,0.0,1200.0
2025-06-08,Webcam,West,8,55,0.1,396.0
2025-06-08,Webcam,North,8,55,0.05,418.0
2025-06-08,Webcam,South,8,55,0.1,396.0
2025-06-08,Webcam,East,8,55,0.1,396.0
2025-06-09,Laptop,West,13,650,0.0,8450.0
2025-06-09,Laptop,North,11,650,0.0,7150.0
2025-06-09,Laptop,South,4,650,0.05,2470.0
2025-06-09,Laptop,East,7,650,0.0,4550.0
2025-06-09,Monitor,West,8,220,0.15,1496.0
2025-06-09,Monitor,North,9,220,0.05,1881.0
2025-06-09,Monitor,South,8,220,0.0,1760.0
2025-06-09,Monitor,East,10,220,0.05,2090.0
2025-06-09,Keyboard,West,26,45,0.0,1170.0
2025-06-09,Keyboard,North,18,45,0.0,810.0
2025-06-09,Keyboard,South,9,45,0.0,405.0
2025-06-09,Keyboard,East,29,45,0.0,1305.0
2025-06-09,Mouse,West,34,25,0.0,850.0
2025-06-09,Mouse,North,22,25,0.0,550.0
2025-06-09,Mouse,South,20,25,0.0,500.0
2025-06-09,Mouse,East,31,25,0.05,736.25
2025-06-09,Headset,West,7,60,0.0,420.0
2025-06-09,Headset,North,11,60,0.0,660.0
2025-06-09,Headset,South,7,60,0.1,378.0
2025-06-09,Headset,East,12,60,0.05,684.0
2025-06-09,Printer,West,8,180,0.1,1296.0
2025-06-09,Printer,North,6,180,0.05,1026.0
2025-06-09,Printer,South,4,180,0.05,684.0
2025-06-09,Printer,East,6,180,0.0,1080.0
2025-06-09,Router,West,11,80,0.05,836.0
2025-06-09,Router,North,14,80,0.1,1008.0
2025-06-09,Router,South,7,80,0.0,560.0
2025-06-09,Router,East,12,80,0.1,864.0
2025-06-09,Webcam,West,13,55,0.05,679.25
2025-06-09,Webcam,North,8,55,0.1,396.0
2025-06-09,Webcam,South,7,55,0.0,385.0
2025-06-09,Webcam,East,10,55,0.0,550.0
2025-06-10,Laptop,West,6,650,0.0,3900.0
2025-06-10,Laptop,North,9,650,0.05,5557.5
2025-06-10,Laptop,South,11,650,0.0,7150.0
2025-06-10,Laptop,East,11,650,0.0,7150.0
2025-06-10,Monitor,West,8,220,0.0,1760.0
2025-06-10,Monitor,North,10,220,0.1,1980.0
2025-06-10,Monitor,South,12,220,0.1,2376.0
2025-06-10,Monitor,East,9,220,0.0,1980.0
2025-06-10,Keyboard,West,14,45,0.05,598.5
2025-06-10,Keyboard,North,22,45,0.0,990.0
2025-06-10,Keyboard,South,20,45,0.1,810.0
2025-06-10,Keyboard,East,28,45,0.05,1197.0
2025-06-10,Mouse,West,24,25,0.0,600.0
2025-06-10,Mouse,North,20,25,0.05,475.0
2025-06-10,Mouse,South,26,25,0.05,617.5
2025-06-10,Mouse,East,31,25,0.0,775.0
2025-06-10,Headset,West,18,60,0.0,1080.0
2025-06-10,Headset,North,12,60,0.1,648.0
2025-06-10,Headset,South,6,60,0.0,360.0
2025-06-10,Headset,East,14,60,0.05,798.0
2025-06-10,Printer,West,6,180,0.0,1080.0
2025-06-10,Printer,North,4,180,0.0,720.0
2025-06-10,Printer,South,4,180,0.1,648.0
2025-06-10,Printer,East,6,180,0.0,1080.0
2025-06-10,Router,West,21,80,0.05,1596.0
2025-06-10,Router,North,16,80,0.05,1216.0
2025-06-10,Router,South,14,80,0.05,1064.0
2025-06-10,Router,East,10,80,0.05,760.0
2025-06-10,Webcam,West,15,55,0.15,701.25
2025-06-10,Webcam,North,12,55,0.1,594.0
2025-06-10,Webcam,South,8,55,0.05,418.0
2025-06-10,Webcam,East,10,55,0.0,550.0
2025-06-11,Laptop,West,8,650,0.0,5200.0
2025-06-11,Laptop,North,14,650,0.15,7735.0
2025-06-11,Laptop,South,10,650,0.05,6175.0
2025-06-11,Laptop,East,6,650,0.0,3900.0
2025-06-11,Monitor,West,15,220,0.05,3135.0
2025-06-11,Monitor,North,13,220,0.05,2717.0
2025-06-11,Monitor,South,14,220,0.1,2772.0
2025-06-11,Monitor,East,10,220,0.1,1980.0
2025-06-11,Keyboard,West,27,45,0.0,1215.0
2025-06-11,Keyboard,North,17,45,0.15,650.25
2025-06-11,Keyboard,South,21,45,0.0,945.0
2025-06-11,Keyboard,East,23,45,0.05,983.25
2025-06-11,Mouse,West,32,25,0.1,720.0
2025-06-11,Mouse,North,25,25,0.05,593.75
2025-06-11,Mouse,South,19,25,0.05,451.25
2025-06-11,Mouse,East,23,25,0.0,575.0
2025-06-11,Headset,West,16,60,0.0,960.0
2025-06-11,Headset,North,14,60,0.0,840.0
2025-06-11,Headset,South,14,60,0.0,840.0
2025-06-11,Headset,East,14,60,0.1,756.0
2025-06-11,Printer,West,5,180,0.1,810.0
2025-06-11,Printer,North,6,180,0.15,918.0
2025-06-11,Printer,South,6,180,0.1,972.0
2025-06-11,Printer,East,5,180,0.0,900.0
2025-06-11,Router,West,18,80,0.0,1440.0
2025-06-11,Router,North,16,80,0.0,1280.0
2025-06-11,Router,South,14,80,0.05,1064.0
2025-06-11,Router,East,10,80,0.0,800.0
2025-06-11,Webcam,West,10,55,0.0,550.0
2025-06-11,Webcam,North,16,55,0.1,792.0
2025-06-11,Webcam,South,8,55,0.0,440.0
2025-06-11,Webcam,East,5,55,0.0,275.0
2025-06-12,Laptop,West,7,650,0.15,3867.5
2025-06-12,Laptop,North,6,650,0.05,3705.0
2025-06-12,Laptop,South,7,650,0.05,4322.5
2025-06-12,Laptop,East,10,650,0.0,6500.0
2025-06-12,Monitor,West,7,220,0.0,1540.0
2025-06-12,Monitor,North,14,220,0.05,2926.0
2025-06-12,Monitor,South,9,220,0.1,1782.0
2025-06-12,Monitor,East,10,220,0.0,2200.0
2025-06-12,Keyboard,West,26,45,0.1,1053.0
2025-06-12,Keyboard,North,16,45,0.0,720.0
2025-06-12,Keyboard,South,11,45,0.0,495.0
2025-06-12,Keyboard,East,16,45,0.0,720.0
2025-06-12,Mouse,West,29,25,0.0,725.0
2025-06-12,Mouse,North,25,25,0.0,625.0
2025-06-12,Mouse,South,25,25,0.05,593.75
2025-06-12,Mouse,East,22,25,0.0,550.0
2025-06-12,Headset,West,15,60,0.0,900.0
2025-06-12,Headset,North,16,60,0.15,816.0
2025-06-12,Headset,South,7,60,0.0,420.0
2025-06-12,Headset,East,18,60,0.0,1080.0
2025-06-12,Printer,West,7,180,0.15,1071.0
2025-06-12,Printer,North,4,180,0.0,720.0
2025-06-12,Printer,South,3,180,0.1,486.0
2025-06-12,Printer,East,7,180,0.0,1260.0
2025-06-12,Router,West,19,80,0.05,1444.0
2025-06-12,Router,North,9,80,0.05,684.0
2025-06-12,Router,South,8,80,0.0,640.0
2025-06-12,Router,East,12,80,0.05,912.0
2025-06-12,Webcam,West,13,55,0.1,643.5
2025-06-12,Webcam,North,9,55,0.0,495.0
2025-06-12,Webcam,South,10,55,0.05,522.5
2025-06-12,Webcam,East,11,55,0.05,574.75
2025-06-13,Laptop,West,12,650,0.0,7800.0
2025-06-13,Laptop,North,9,650,0.0,5850.0
2025-06-13,Laptop,South,6,650,0.1,3510.0
2025-06-13,Laptop,East,7,650,0.0,4550.0
2025-06-13,Monitor,West,8,220,0.15,1496.0
2025-06-13,Monitor,North,12,220,0.15,2244.0
2025-06-13,Monitor,South,5,220,0.05,1045.0
2025-06-13,Monitor,East,9,220,0.0,1980.0
2025-06-13,Keyboard,West,19,45,0.0,855.0
2025-06-13,Keyboard,North,20,45,0.05,855.0
2025-06-13,Keyboard,South,13,45,0.0,585.0
2025-06-13,Keyboard,East,16,45,0.1,648.0
2025-06-13,Mouse,West,27,25,0.0,675.0
2025-06-13,Mouse,North,20,25,0.0,500.0
2025-06-13,Mouse,South,25,25,0.0,625.0
2025-06-13,Mouse,East,26,25,0.1,585.0
2025-06-13,Headset,West,5,60,0.1,270.0
2025-06-13,Headset,North,17,60,0.15,867.0
2025-06-13,Headset,South,13,60,0.05,741.0
2025-06-13,Headset,East,11,60,0.0,660.0
2025-06-13,Printer,West,11,180,0.0,1980.0
2025-06-13,Printer,North,9,180,0.05,1539.0
2025-06-13,Printer,South,9,180,0.0,1620.0
2025-06-13,Printer,East,3,180,0.05,513.0
2025-06-13,Router,West,15,80,0.0,1200.0
2025-06-13,Router,North,8,80,0.1,576.0
2025-06-13,Router,South,10,80,0.15,680.0
2025-06-13,Router,East,20,80,0.05,1520.0
2025-06-13,Webcam,West,13,55,0.1,643.5
2025-06-13,Webcam,North,6,55,0.15,280.5
2025-06-13,Webcam,South,9,55,0.05,470.25
2025-06-13,Webcam,East,7,55,0.05,365.75
2025-06-14,Laptop,West,6,650,0.1,3510.0
2025-06-14,Laptop,North,8,650,0.05,4940.0
2025-06-14,Laptop,South,7,650,0.05,4322.5
2025-06-14,Laptop,East,11,650,0.0,7150.0
2025-06-14,Monitor,West,19,220,0.0,4180.0
2025-06-14,Monitor,North,7,220,0.05,1463.0
2025-06-14,Monitor,South,11,220,0.0,2420.0
2025-06-14,Monitor,East,13,220,0.05,2717.0
2025-06-14,Keyboard,West,27,45,0.05,1154.25
2025-06-14,Keyboard,North,13,45,0.05,555.75
2025-06-14,Keyboard,South,19,45,0.0,855.0
2025-06-14,Keyboard,East,24,45,0.1,972.0
2025-06-14,Mouse,West,32,25,0.0,800.0
2025-06-14,Mouse,North,22,25,0.1,495.0
2025-06-14,Mouse,South,25,25,0.05,593.75
2025-06-14,Mouse,East,27,25,0.0,675.0
2025-06-14,Headset,West,12,60,0.05,684.0
2025-06-14,Headset,North,9,60,0.05,513.0
2025-06-14,Headset,South,13,60,0.0,780.0
2025-06-14,Headset,East,11,60,0.15,561.0
2025-06-14,Printer,West,6,180,0.1,972.0
2025-06-14,Printer,North,4,180,0.1,648.0
2025-06-14,Printer,South,7,180,0.1,1134.0
2025-06-14,Printer,East,5,180,0.1,810.0
2025-06-14,Router,West,20,80,0.1,1440.0
2025-06-14,Router,North,8,80,0.1,576.0
2025-06-14,Router,South,17,80,0.05,1292.0
2025-06-14,Router,East,15,80,0.05,1140.0
2025-06-14,Webcam,West,14,55,0.05,731.5
2025-06-14,Webcam,North,13,55,0.0,715.0
2025-06-14,Webcam,South,7,55,0.15,327.25
2025-06-14,Webcam,East,10,55,0.05,522.5
2025-06-15,Laptop,West,8,650,0.05,4940.0
2025-06-15,Laptop,North,6,650,0.0,3900.0
2025-06-15,Laptop,South,10,650,0.05,6175.0
2025-06-15,Laptop,East,5,650,0.1,2925.0
2025-06-15,Monitor,West,12,220,0.05,2508.0
2025-06-15,Monitor,North,9,220,0.1,1782.0
2025-06-15,Monitor,South,5,220,0.05,1045.0
2025-06-15,Monitor,East,15,220,0.05,3135.0
2025-06-15,Keyboard,West,20,45,0.05,855.0
2025-06-15,Keyboard,North,25,45,0.0,1125.0
2025-06-15,Keyboard,South,19,45,0.0,855.0
2025-06-15,Keyboard,East,14,45,0.0,630.0
2025-06-15,Mouse,West,25,25,0.0,625.0
2025-06-15,Mouse,North,26,25,0.05,617.5
2025-06-15,Mouse,South,28,25,0.1,630.0
2025-06-15,Mouse,East,32,25,0.0,800.0
2025-06-15,Headset,West,12,60,0.05,684.0
2025-06-15,Headset,North,7,60,0.0,420.0
2025-06-15,Headset,South,9,60,0.05,513.0
2025-06-15,Headset,East,13,60,0.0,780.0
2025-06-15,Printer,West,10,180,0.15,1530.0
2025-06-15,Printer,North,6,180,0.0,1080.0
2025-06-15,Printer,South,6,180,0.1,972.0
2025-06-15,Printer,East,8,180,0.05,1368.0
2025-06-15,Router,West,15,80,0.05,1140.0
2025-06-15,Router,North,21,80,0.0,1680.0
2025-06-15,Router,South,16,80,0.0,1280.0
2025-06-15,Router,East,15,80,0.0,1200.0
2025-06-15,Webcam,West,9,55,0.05,470.25
2025-06-15,Webcam,North,9,55,0.05,470.25
2025-06-15,Webcam,South,10,55,0.0,550.0
2025-06-15,Webcam,East,16,55,0.05,836.0
2025-06-16,Laptop,West,10,650,0.05,6175.0
2025-06-16,Laptop,North,8,650,0.05,4940.0
2025-06-16,Laptop,South,9,650,0.0,5850.0
2025-06-16,Laptop,East,8,650,0.05,4940.0
2025-06-16,Monitor,West,15,220,0.1,2970.0
2025-06-16,Monitor,North,10,220,0.1,1980.0
2025-06-16,Monitor,South,4,220,0.05,836.0
2025-06-16,Monitor,East,12,220,0.0,2640.0
2025-06-16,Keyboard,West,22,45,0.0,990.0
2025-06-16,Keyboard,North,16,45,0.05,684.0
2025-06-16,Keyboard,South,17,45,0.05,726.75
2025-06-16,Keyboard,East,17,45,0.1,688.5
2025-06-16,Mouse,West,32,25,0.05,760.0
2025-06-16,Mouse,North,30,25,0.0,750.0
2025-06-16,Mouse,South,31,25,0.0,775.0
2025-06-16,Mouse,East,19,25,0.05,451.25
2025-06-16,Headset,West,13,60,0.05,741.0
2025-06-16,Headset,North,21,60,0.1,1134.0
2025-06-16,Headset,South,5,60,0.05,285.0
2025-06-16,Headset,East,19,60,0.0,1140.0
2025-06-16,Printer,West,5,180,0.0,900.0
2025-06-16,Printer,North,4,180,0.05,684.0
2025-06-16,Printer,South,5,180,0.0,900.0
2025-06-16,Printer,East,7,180,0.15,1071.0
2025-06-16,Router,West,21,80,0.0,1680.0
2025-06-16,Router,North,16,80,0.05,1216.0
2025-06-16,Router,South,13,80,0.0,1040.0
2025-06-16,Router,East,19,80,0.0,1520.0
2025-06-16,Webcam,West,13,55,0.0,715.0
2025-06-16,Webcam,North,12,55,0.05,627.0
2025-06-16,Webcam,South,9,55,0.0,495.0
2025-06-16,Webcam,East,9,55,0.0,495.0
2025-06-17,Laptop,West,11,650,0.05,6792.5
2025-06-17,Laptop,North,9,650,0.0,5850.0
2025-06-17,Laptop,South,9,650,0.1,5265.0
2025-06-17,Laptop,East,12,650,0.0,7800.0
2025-06-17,Monitor,West,13,220,0.0,2860.0
2025-06-17,Monitor,North,8,220,0.05,1672.0
2025-06-17,Monitor,South,7,220,0.1,1386.0
2025-06-17,Monitor,East,9,220,0.0,1980.0
2025-06-17,Keyboard,West,24,45,0.0,1080.0
2025-06-17,Keyboard,North,17,45,0.1,688.5
2025-06-17,Keyboard,South,19,45,0.05,812.25
2025-06-17,Keyboard,East,20,45,0.1,810.0
2025-06-17,Mouse,West,28,25,0.05,665.0
2025-06-17,Mouse,North,23,25,0.0,575.0
2025-06-17,Mouse,South,23,25,0.1,517.5
2025-06-17,Mouse,East,31,25,0.0,775.0
2025-06-17,Headset,West,13,60,0.1,702.0
2025-06-17,Headset,North,11,60,0.0,660.0
2025-06-17,Headset,South,11,60,0.1,594.0
2025-06-17,Headset,East,10,60,0.0,600.0
2025-06-17,Printer,West,3,180,0.1,486.0
2025-06-17,Printer,North,3,180,0.05,513.0
2025-06-17,Printer,South,7,180,0.0,1260.0
2025-06-17,Printer,East,7,180,0.0,1260.0
2025-06-17,Router,West,17,80,0.05,1292.0
2025-06-17,Router,North,14,80,0.0,1120.0
2025-06-17,Router,South,15,80,0.0,1200.0
2025-06-17,Router,East,7,80,0.0,560.0
2025-06-17,Webcam,West,5,55,0.0,275.0
2025-06-17,Webcam,North,9,55,0.05,470.25
2025-06-17,Webcam,South,7,55,0.1,346.5
2025-06-17,Webcam,East,7,55,0.1,346.5
2025-06-18,Laptop,West,7,650,0.0,4550.0
2025-06-18,Laptop,North,4,650,0.1,2340.0
2025-06-18,Laptop,South,4,650,0.1,2340.0
2025-06-18,Laptop,East,7,650,0.0,4550.0
2025-06-18,Monitor,West,13,220,0.0,2860.0
2025-06-18,Monitor,North,12,220,0.0,2640.0
2025-06-18,Monitor,South,6,220,0.05,1254.0
2025-06-18,Monitor,East,6,220,0.0,1320.0
2025-06-18,Keyboard,West,20,45,0.0,900.0
2025-06-18,Keyboard,North,19,45,0.05,812.25
2025-06-18,Keyboard,South,22,45,0.05,940.5
2025-06-18,Keyboard,East,22,45,0.0,990.0
2025-06-18,Mouse,West,32,25,0.0,800.0
2025-06-18,Mouse,North,26,25,0.05,617.5
2025-06-18,Mouse,South,26,25,0.0,650.0
2025-06-18,Mouse,East,25,25,0.05,593.75
2025-06-18,Headset,West,20,60,0.05,1140.0
2025-06-18,Headset,North,11,60,0.0,660.0
2025-06-18,Headset,South,13,60,0.0,780.0
2025-06-18,Headset,East,12,60,0.05,684.0
2025-06-18,Printer,West,4,180,0.0,720.0
2025-06-18,Printer,North,7,180,0.05,1197.0
2025-06-18,Printer,South,5,180,0.05,855.0
2025-06-18,Printer,East,3,180,0.0,540.0
2025-06-18,Router,West,16,80,0.05,1216.0
2025-06-18,Router,North,20,80,0.05,1520.0
2025-06-18,Router,South,11,80,0.05,836.0
2025-06-18,Router,East,17,80,0.1,1224.0
2025-06-18,Webcam,West,17,55,0.05,888.25
2025-06-18,Webcam,North,10,55,0.0,550.0
2025-06-18,Webcam,South,10,55,0.05,522.5
2025-06-18,Webcam,East,4,55,0.05,209.0
2025-06-19,Laptop,West,6,650,0.05,3705.0
2025-06-19,Laptop,North,5,650,0.0,3250.0
2025-06-19,Laptop,South,8,650,0.0,5200.0
2025-06-19,Laptop,East,8,650,0.0,5200.0
2025-06-19,Monitor,West,13,220,0.0,2860.0
2025-06-19,Monitor,North,12,220,0.0,2640.0
2025-06-19,Monitor,South,7,220,0.0,1540.0
2025-06-19,Monitor,East,7,220,0.05,1463.0
2025-06-19,Keyboard,West,16,45,0.1,648.0
2025-06-19,Keyboard,North,19,45,0.1,769.5
2025-06-19,Keyboard,South,20,45,0.05,855.0
2025-06-19,Keyboard,East,16,45,0.05,684.0
2025-06-19,Mouse,West,33,25,0.0,825.0
2025-06-19,Mouse,North,27,25,0.1,607.5
2025-06-19,Mouse,South,27,25,0.0,675.0
2025-06-19,Mouse,East,22,25,0.0,550.0
2025-06-19,Headset,West,12,60,0.0,720.0
2025-06-19,Headset,North,16,60,0.05,912.0
2025-06-19,Headset,South,14,60,0.0,840.0
2025-06-19,Headset,East,13,60,0.15,663.0
2025-06-19,Printer,West,8,180,0.1,1296.0
2025-06-19,Printer,North,12,180,0.0,2160.0
2025-06-19,Printer,South,8,180,0.1,1296.0
2025-06-19,Printer,East,5,180,0.1,810.0
2025-06-19,Router,West,13,80,0.0,1040.0
2025-06-19,Router,North,9,80,0.0,720.0
2025-06-19,Router,South,19,80,0.0,1520.0
2025-06-19,Router,East,14,80,0.0,1120.0
2025-06-19,Webcam,West,11,55,0.05,574.75
2025-06-19,Webcam,North,9,55,0.1,445.5
2025-06-19,Webcam,South,10,55,0.0,550.0
2025-06-19,Webcam,East,8,55,0.05,418.0
2025-06-20,Laptop,West,13,650,0.0,8450.0
2025-06-20,Laptop,North,14,650,0.0,9100.0
2025-06-20,Laptop,South,7,650,0.0,4550.0
2025-06-20,Laptop,East,7,650,0.1,4095.0
2025-06-20,Monitor,West,15,220,0.05,3135.0
2025-06-20,Monitor,North,6,220,0.1,1188.0
2025-06-20,Monitor,South,13,220,0.05,2717.0
2025-06-20,Monitor,East,15,220,0.0,3300.0
2025-06-20,Keyboard,West,18,45,0.05,769.5
2025-06-20,Keyboard,North,20,45,0.1,810.0
2025-06-20,Keyboard,South,23,45,0.05,983.25
2025-06-20,Keyboard,East,27,45,0.05,1154.25
2025-06-20,Mouse,West,33,25,0.05,783.75
2025-06-20,Mouse,North,32,25,0.1,720.0
2025-06-20,Mouse,South,25,25,0.05,593.75
2025-06-20,Mouse,East,26,25,0.05,617.5
2025-06-20,Headset,West,20,60,0.05,1140.0
2025-06-20,Headset,North,15,60,0.1,810.0
2025-06-20,Headset,South,16,60,0.0,960.0
2025-06-20,Headset,East,14,60,0.0,840.0
2025-06-20,Printer,West,6,180,0.0,1080.0
2025-06-20,Printer,North,7,180,0.05,1197.0
2025-06-20,Printer,South,10,180,0.0,1800.0
2025-06-20,Printer,East,7,180,0.0,1260.0
2025-06-20,Router,West,16,80,0.05,1216.0
2025-06-20,Router,North,15,80,0.1,1080.0
2025-06-20,Router,South,9,80,0.0,720.0
2025-06-20,Router,East,14,80,0.05,1064.0
2025-06-20,Webcam,West,19,55,0.1,940.5
2025-06-20,Webcam,North,7,55,0.05,365.75
2025-06-20,Webcam,South,15,55,0.0,825.0
2025-06-20,Webcam,East,12,55,0.0,660.0
2025-06-21,Laptop,West,6,650,0.0,3900.0
2025-06-21,Laptop,North,9,650,0.0,5850.0
2025-06-21,Laptop,South,8,650,0.05,4940.0
2025-06-21,Laptop,East,5,650,0.0,3250.0
2025-06-21,Monitor,West,9,220,0.0,1980.0
2025-06-21,Monitor,North,9,220,0.0,1980.0
2025-06-21,Monitor,South,7,220,0.05,1463.0
2025-06-21,Monitor,East,6,220,0.05,1254.0
2025-06-21,Keyboard,West,19,45,0.05,812.25
2025-06-21,Keyboard,North,16,45,0.05,684.0
2025-06-21,Keyboard,South,21,45,0.1,850.5
2025-06-21,Keyboard,East,20,45,0.1,810.0
2025-06-21,Mouse,West,25,25,0.05,593.75
2025-06-21,Mouse,North,34,25,0.05,807.5
2025-06-21,Mouse,South,27,25,0.1,607.5
2025-06-21,Mouse,East,26,25,0.0,650.0
2025-06-21,Headset,West,11,60,0.0,660.0
2025-06-21,Headset,North,9,60,0.05,513.0
2025-06-21,Headset,South,13,60,0.1,702.0
2025-06-21,Headset,East,8,60,0.0,480.0
2025-06-21,Printer,West,10,180,0.15,1530.0
2025-06-21,Printer,North,4,180,0.1,648.0
2025-06-21,Printer,South,7,180,0.0,1260.0
2025-06-21,Printer,East,4,180,0.0,720.0
2025-06-21,Router,West,19,80,0.1,1368.0
2025-06-21,Router,North,11,80,0.0,880.0
2025-06-21,Router,South,7,80,0.05,532.0
2025-06-21,Router,East,17,80,0.0,1360.0
2025-06-21,Webcam,West,15,55,0.0,825.0
2025-06-21,Webcam,North,10,55,0.0,550.0
2025-06-21,Webcam,South,8,55,0.1,396.0
2025-06-21,Webcam,East,6,55,0.0,330.0
2025-06-22,Laptop,West,16,650,0.0,10400.0
2025-06-22,Laptop,North,11,650,0.05,6792.5
2025-06-22,Laptop,South,7,650,0.0,4550.0
2025-06-22,Laptop,East,7,650,0.05,4322.5
2025-06-22,Monitor,West,18,220,0.15,3366.0
2025-06-22,Monitor,North,14,220,0.05,2926.0
2025-06-22,Monitor,South,6,220,0.0,1320.0
2025-06-22,Monitor,East,8,220,0.15,1496.0
2025-06-22,Keyboard,West,15,45,0.0,675.0
2025-06-22,Keyboard,North,23,45,0.0,1035.0
2025-06-22,Keyboard,South,17,45,0.0,765.0
2025-06-22,Keyboard,East,17,45,0.1,688.5
2025-06-22,Mouse,West,34,25,0.05,807.5
2025-06-22,Mouse,North,19,25,0.05,451.25
2025-06-22,Mouse,South,31,25,0.1,697.5
2025-06-22,Mouse,East,30,25,0.05,712.5
2025-06-22,Headset,West,17,60,0.1,918.0
2025-06-22,Headset,North,14,60,0.0,840.0
2025-06-22,Headset,South,6,60,0.1,324.0
2025-06-22,Headset,East,10,60,0.0,600.0
2025-06-22,Printer,West,3,180,0.05,513.0
2025-06-22,Printer,North,3,180,0.0,540.0
2025-06-22,Printer,South,3,180,0.05,513.0
2025-06-22,Printer,East,7,180,0.0,1260.0
2025-06-22,Router,West,25,80,0.1,1800.0
2025-06-22,Router,North,12,80,0.1,864.0
2025-06-22,Router,South,19,80,0.1,1368.0
2025-06-22,Router,East,24,80,0.0,1920.0
2025-06-22,Webcam,West,13,55,0.1,643.5
2025-06-22,Webcam,North,6,55,0.1,297.0
2025-06-22,Webcam,South,5,55,0.05,261.25
2025-06-22,Webcam,East,15,55,0.05,783.75
2025-06-23,Laptop,West,7,650,0.0,4550.0
2025-06-23,Laptop,North,17,650,0.05,10497.5
2025-06-23,Laptop,South,8,650,0.0,5200.0
2025-06-23,Laptop,East,6,650,0.05,3705.0
2025-06-23,Monitor,West,10,220,0.05,2090.0
2025-06-23,Monitor,North,14,220,0.05,2926.0
2025-06-23,Monitor,South,7,220,0.0,1540.0
2025-06-23,Monitor,East,19,220,0.1,3762.0
2025-06-23,Keyboard,West,18,45,0.05,769.5
2025-06-23,Keyboard,North,18,45,0.05,769.5
2025-06-23,Keyboard,South,17,45,0.05,726.75
2025-06-23,Keyboard,East,20,45,0.05,855.0
2025-06-23,Mouse,West,42,25,0.0,1050.0
2025-06-23,Mouse,North,28,25,0.0,700.0
2025-06-23,Mouse,South,20,25,0.0,500.0
2025-06-23,Mouse,East,34,25,0.0,850.0
2025-06-23,Headset,West,13,60,0.1,702.0
2025-06-23,Headset,North,11,60,0.0,660.0
2025-06-23,Headset,South,5,60,0.05,285.0
2025-06-23,Headset,East,11,60,0.1,594.0
2025-06-23,Printer,West,7,180,0.1,1134.0
2025-06-23,Printer,North,8,180,0.0,1440.0
2025-06-23,Printer,South,8,180,0.05,1368.0
2025-06-23,Printer,East,3,180,0.05,513.0
2025-06-23,Router,West,24,80,0.1,1728.0
2025-06-23,Router,North,16,80,0.0,1280.0
2025-06-23,Router,South,11,80,0.0,880.0
2025-06-23,Router,East,12,80,0.05,912.0
2025-06-23,Webcam,West,9,55,0.05,470.25
2025-06-23,Webcam,North,13,55,0.1,643.5
2025-06-23,Webcam,South,9,55,0.0,495.0
2025-06-23,Webcam,East,12,55,0.1,594.0
2025-06-24,Laptop,West,8,650,0.1,4680.0
2025-06-24,Laptop,North,14,650,0.0,9100.0
2025-06-24,Laptop,South,6,650,0.0,3900.0
2025-06-24,Laptop,East,10,650,0.05,6175.0
2025-06-24,Monitor,West,15,220,0.15,2805.0
2025-06-24,Monitor,North,13,220,0.0,2860.0
2025-06-24,Monitor,South,6,220,0.1,1188.0
2025-06-24,Monitor,East,12,220,0.0,2640.0
2025-06-24,Keyboard,West,19,45,0.15,726.75
2025-06-24,Keyboard,North,21,45,0.0,945.0
2025-06-24,Keyboard,South,18,45,0.1,729.0
2025-06-24,Keyboard,East,18,45,0.0,810.0
2025-06-24,Mouse,West,30,25,0.05,712.5
2025-06-24,Mouse,North,27,25,0.0,675.0
2025-06-24,Mouse,South,23,25,0.1,517.5
2025-06-24,Mouse,East,22,25,0.0,550.0
2025-06-24,Headset,West,20,60,0.0,1200.0
2025-06-24,Headset,North,10,60,0.05,570.0
2025-06-24,Headset,South,11,60,0.05,627.0
2025-06-24,Headset,East,16,60,0.1,864.0
2025-06-24,Printer,West,6,180,0.0,1080.0
2025-06-24,Printer,North,8,180,0.15,1224.0
2025-06-24,Printer,South,4,180,0.0,720.0
2025-06-24,Printer,East,6,180,0.05,1026.0
2025-06-24,Router,West,14,80,0.1,1008.0
2025-06-24,Router,North,10,80,0.0,800.0
2025-06-24,Router,South,12,80,0.05,912.0
2025-06-24,Router,East,15,80,0.0,1200.0
2025-06-24,Webcam,West,9,55,0.0,495.0
2025-06-24,Webcam,North,8,55,0.0,440.0
2025-06-24,Webcam,South,13,55,0.0,715.0
2025-06-24,Webcam,East,10,55,0.15,467.5
2025-06-25,Laptop,West,9,650,0.0,5850.0
2025-06-25,Laptop,North,14,650,0.1,8190.0
2025-06-25,Laptop,South,9,650,0.0,5850.0
2025-06-25,Laptop,East,12,650,0.0,7800.0
2025-06-25,Monitor,West,8,220,0.0,1760.0
2025-06-25,Monitor,North,15,220,0.05,3135.0
2025-06-25,Monitor,South,12,220,0.0,2640.0
2025-06-25,Monitor,East,12,220,0.0,2640.0
2025-06-25,Keyboard,West,17,45,0.0,765.0
2025-06-25,Keyboard,North,11,45,0.05,470.25
2025-06-25,Keyboard,South,15,45,0.0,675.0
2025-06-25,Keyboard,East,15,45,0.0,675.0
2025-06-25,Mouse,West,33,25,0.1,742.5
2025-06-25,Mouse,North,31,25,0.1,697.5
2025-06-25,Mouse,South,17,25,0.0,425.0
2025-06-25,Mouse,East,23,25,0.05,546.25
2025-06-25,Headset,West,11,60,0.15,561.0
2025-06-25,Headset,North,12,60,0.0,720.0
2025-06-25,Headset,South,14,60,0.15,714.0
2025-06-25,Headset,East,12,60,0.15,612.0
2025-06-25,Printer,West,6,180,0.05,1026.0
2025-06-25,Printer,North,5,180,0.1,810.0
2025-06-25,Printer,South,8,180,0.15,1224.0
2025-06-25,Printer,East,5,180,0.0,900.0
2025-06-25,Router,West,25,80,0.05,1900.0
2025-06-25,Router,North,11,80,0.1,792.0
2025-06-25,Router,South,17,80,0.05,1292.0
2025-06-25,Router,East,9,80,0.05,684.0
2025-06-25,Webcam,West,8,55,0.05,418.0
2025-06-25,Webcam,North,13,55,0.0,715.0
2025-06-25,Webcam,South,6,55,0.1,297.0
2025-06-25,Webcam,East,7,55,0.1,346.5
2025-06-26,Laptop,West,9,650,0.05,5557.5
2025-06-26,Laptop,North,7,650,0.05,4322.5
2025-06-26,Laptop,South,8,650,0.05,4940.0
2025-06-26,Laptop,East,7,650,0.05,4322.5
2025-06-26,Monitor,West,18,220,0.05,3762.0
2025-06-26,Monitor,North,11,220,0.1,2178.0
2025-06-26,Monitor,South,8,220,0.05,1672.0
2025-06-26,Monitor,East,7,220,0.05,1463.0
2025-06-26,Keyboard,West,19,45,0.1,769.5
2025-06-26,Keyboard,North,18,45,0.1,729.0
2025-06-26,Keyboard,South,14,45,0.1,567.0
2025-06-26,Keyboard,East,16,45,0.05,684.0
2025-06-26,Mouse,West,21,25,0.0,525.0
2025-06-26,Mouse,North,34,25,0.05,807.5
2025-06-26,Mouse,South,16,25,0.0,400.0
2025-06-26,Mouse,East,26,25,0.1,585.0
2025-06-26,Headset,West,14,60,0.0,840.0
2025-06-26,Headset,North,13,60,0.0,780.0
2025-06-26,Headset,South,8,60,0.0,480.0
2025-06-26,Headset,East,15,60,0.0,900.0
2025-06-26,Printer,West,8,180,0.1,1296.0
2025-06-26,Printer,North,9,180,0.0,1620.0
2025-06-26,Printer,South,7,180,0.0,1260.0
2025-06-26,Printer,East,9,180,0.1,1458.0
2025-06-26,Router,West,11,80,0.05,836.0
2025-06-26,Router,North,18,80,0.0,1440.0
2025-06-26,Router,South,15,80,0.0,1200.0
2025-06-26,Router,East,17,80,0.1,1224.0
2025-06-26,Webcam,West,13,55,0.15,607.75
2025-06-26,Webcam,North,9,55,0.1,445.5
2025-06-26,Webcam,South,9,55,0.0,495.0
2025-06-26,Webcam,East,7,55,0.05,365.75
2025-06-27,Laptop,West,10,650,0.0,6500.0
2025-06-27,Laptop,North,10,650,0.15,5525.0
2025-06-27,Laptop,South,4,650,0.0,2600.0
2025-06-27,Laptop,East,13,650,0.1,7605.0
2025-06-27,Monitor,West,12,220,0.0,2640.0
2025-06-27,Monitor,North,11,220,0.1,2178.0
2025-06-27,Monitor,South,4,220,0.0,880.0
2025-06-27,Monitor,East,12,220,0.0,2640.0
2025-06-27,Keyboard,West,10,45,0.05,427.5
2025-06-27,Keyboard,North,25,45,0.1,1012.5
2025-06-27,Keyboard,South,14,45,0.0,630.0
2025-06-27,Keyboard,East,21,45,0.0,945.0
2025-06-27,Mouse,West,30,25,0.1,675.0
2025-06-27,Mouse,North,27,25,0.0,675.0
2025-06-27,Mouse,South,18,25,0.0,450.0
2025-06-27,Mouse,East,16,25,0.05,380.0
2025-06-27,Headset,West,10,60,0.1,540.0
2025-06-27,Headset,North,10,60,0.15,510.0
2025-06-27,Headset,South,9,60,0.0,540.0
2025-06-27,Headset,East,13,60,0.15,663.0
2025-06-27,Printer,West,9,180,0.0,1620.0
2025-06-27,Printer,North,9,180,0.05,1539.0
2025-06-27,Printer,South,6,180,0.1,972.0
2025-06-27,Printer,East,6,180,0.0,1080.0
2025-06-27,Router,West,14,80,0.05,1064.0
2025-06-27,Router,North,20,80,0.1,1440.0
2025-06-27,Router,South,13,80,0.0,1040.0
2025-06-27,Router,East,20,80,0.05,1520.0
2025-06-27,Webcam,West,5,55,0.0,275.0
2025-06-27,Webcam,North,11,55,0.1,544.5
2025-06-27,Webcam,South,13,55,0.05,679.25
2025-06-27,Webcam,East,6,55,0.05,313.5
2025-06-28,Laptop,West,4,650,0.05,2470.0
2025-06-28,Laptop,North,8,650,0.05,4940.0
2025-06-28,Laptop,South,7,650,0.05,4322.5
2025-06-28,Laptop,East,7,650,0.1,4095.0
2025-06-28,Monitor,West,7,220,0.0,1540.0
2025-06-28,Monitor,North,11,220,0.05,2299.0
2025-06-28,Monitor,South,14,220,0.05,2926.0
2025-06-28,Monitor,East,7,220,0.0,1540.0
2025-06-28,Keyboard,West,12,45,0.0,540.0
2025-06-28,Keyboard,North,16,45,0.0,720.0
2025-06-28,Keyboard,South,12,45,0.1,486.0
2025-06-28,Keyboard,East,15,45,0.0,675.0
2025-06-28,Mouse,West,27,25,0.1,607.5
2025-06-28,Mouse,North,24,25,0.05,570.0
2025-06-28,Mouse,South,20,25,0.0,500.0
2025-06-28,Mouse,East,24,25,0.05,570.0
2025-06-28,Headset,West,12,60,0.0,720.0
2025-06-28,Headset,North,14,60,0.0,840.0
2025-06-28,Headset,South,6,60,0.0,360.0
2025-06-28,Headset,East,9,60,0.0,540.0
2025-06-28,Printer,West,5,180,0.0,900.0
2025-06-28,Printer,North,8,180,0.05,1368.0
2025-06-28,Printer,South,9,180,0.1,1458.0
2025-06-28,Printer,East,7,180,0.05,1197.0
2025-06-28,Router,West,19,80,0.0,1520.0
2025-06-28,Router,North,7,80,0.0,560.0
2025-06-28,Router,South,11,80,0.1,792.0
2025-06-28,Router,East,16,80,0.0,1280.0
2025-06-28,Webcam,West,10,55,0.0,550.0
2025-06-28,Webcam,North,11,55,0.0,605.0
2025-06-28,Webcam,South,6,55,0.05,313.5
2025-06-28,Webcam,East,10,55,0.1,495.0
2025-06-29,Laptop,West,5,650,0.0,3250.0
2025-06-29,Laptop,North,13,650,0.0,8450.0
2025-06-29,Laptop,South,9,650,0.0,5850.0
2025-06-29,Laptop,East,5,650,0.1,2925.0
2025-06-29,Monitor,West,7,220,0.15,1309.0
2025-06-29,Monitor,North,10,220,0.05,2090.0
2025-06-29,Monitor,South,8,220,0.15,1496.0
2025-06-29,Monitor,East,10,220,0.05,2090.0
2025-06-29,Keyboard,West,14,45,0.15,535.5
2025-06-29,Keyboard,North,14,45,0.0,630.0
2025-06-29,Keyboard,South,22,45,0.0,990.0
2025-06-29,Keyboard,East,24,45,0.0,1080.0
2025-06-29,Mouse,West,29,25,0.05,688.75
2025-06-29,Mouse,North,21,25,0.0,525.0
2025-06-29,Mouse,South,32,25,0.0,800.0
2025-06-29,Mouse,East,26,25,0.0,650.0
2025-06-29,Headset,West,14,60,0.0,840.0
2025-06-29,Headset,North,10,60,0.0,600.0
2025-06-29,Headset,South,7,60,0.05,399.0
2025-06-29,Headset,East,15,60,0.0,900.0
2025-06-29,Printer,West,7,180,0.0,1260.0
2025-06-29,Printer,North,5,180,0.0,900.0
2025-06-29,Printer,South,12,180,0.0,2160.0
2025-06-29,Printer,East,10,180,0.0,1800.0
2025-06-29,Router,West,13,80,0.05,988.0
2025-06-29,Router,North,18,80,0.0,1440.0
2025-06-29,Router,South,12,80,0.0,960.0
2025-06-29,Router,East,24,80,0.0,1920.0
2025-06-29,Webcam,West,8,55,0.1,396.0
2025-06-29,Webcam,North,8,55,0.05,418.0
2025-06-29,Webcam,South,10,55,0.0,550.0
2025-06-29,Webcam,East,9,55,0.0,495.0
2025-06-30,Laptop,West,10,650,0.05,6175.0
2025-06-30,Laptop,North,6,650,0.0,3900.0
2025-06-30,Laptop,South,7,650,0.1,4095.0
2025-06-30,Laptop,East,14,650,0.05,8645.0
2025-06-30,Monitor,West,16,220,0.1,3168.0
2025-06-30,Monitor,North,5,220,0.05,1045.0
2025-06-30,Monitor,South,10,220,0.05,2090.0
2025-06-30,Monitor,East,9,220,0.0,1980.0
2025-06-30,Keyboard,West,17,45,0.05,726.75
2025-06-30,Keyboard,North,14,45,0.0,630.0
2025-06-30,Keyboard,South,17,45,0.1,688.5
2025-06-30,Keyboard,East,17,45,0.0,765.0
2025-06-30,Mouse,West,27,25,0.0,675.0
2025-06-30,Mouse,North,31,25,0.1,697.5
2025-06-30,Mouse,South,27,25,0.05,641.25
2025-06-30,Mouse,East,23,25,0.1,517.5
2025-06-30,Headset,West,13,60,0.05,741.0
2025-06-30,Headset,North,7,60,0.05,399.0
2025-06-30,Headset,South,12,60,0.0,720.0
2025-06-30,Headset,East,5,60,0.0,300.0
2025-06-30,Printer,West,8,180,0.15,1224.0
2025-06-30,Printer,North,3,180,0.15,459.0
2025-06-30,Printer,South,6,180,0.1,972.0
2025-06-30,Printer,East,2,180,0.0,360.0
2025-06-30,Router,West,18,80,0.1,1296.0
2025-06-30,Router,North,11,80,0.0,880.0
2025-06-30,Router,South,14,80,0.05,1064.0
2025-06-30,Router,East,13,80,0.0,1040.0
2025-06-30,Webcam,West,14,55,0.0,770.0
2025-06-30,Webcam,North,6,55,0.0,330.0
2025-06-30,Webcam,South,6,55,0.0,330.0
2025-06-30,Webcam,East,7,55,0.0,385.0
2025-07-01,Laptop,West,12,650,0.0,7800.0
2025-07-01,Laptop,North,9,650,0.0,5850.0
2025-07-01,Laptop,South,4,650,0.0,2600.0
2025-07-01,Laptop,East,9,650,0.05,5557.5
2025-07-01,Monitor,West,8,220,0.0,1760.0
2025-07-01,Monitor,North,5,220,0.05,1045.0
2025-07-01,Monitor,South,10,220,0.05,2090.0
2025-07-01,Monitor,East,11,220,0.0,2420.0
2025-07-01,Keyboard,West,16,45,0.1,648.0
2025-07-01,Keyboard,North,18,45,0.1,729.0
2025-07-01,Keyboard,South,16,45,0.0,720.0
2025-07-01,Keyboard,East,17,45,0.05,726.75
2025-07-01,Mouse,West,28,25,0.0,700.0
2025-07-01,Mouse,North,26,25,0.1,585.0
2025-07-01,Mouse,South,15,25,0.1,337.5
2025-07-01,Mouse,East,21,25,0.15,446.25
2025-07-01,Headset,West,14,60,0.0,840.0
2025-07-01,Headset,North,16,60,0.05,912.0
2025-07-01,Headset,South,14,60,0.1,756.0
2025-07-01,Headset,East,11,60,0.05,627.0
2025-07-01,Printer,West,9,180,0.0,1620.0
2025-07-01,Printer,North,5,180,0.05,855.0
2025-07-01,Printer,South,7,180,0.0,1260.0
2025-07-01,Printer,East,6,180,0.0,1080.0
2025-07-01,Router,West,17,80,0.05,1292.0
2025-07-01,Router,North,8,80,0.05,608.0
2025-07-01,Router,South,11,80,0.1,792.0
2025-07-01,Router,East,18,80,0.05,1368.0
2025-07-01,Webcam,West,11,55,0.15,514.25
2025-07-01,Webcam,North,8,55,0.1,396.0
2025-07-01,Webcam,South,10,55,0.0,550.0
2025-07-01,Webcam,East,9,55,0.0,495.0
2025-07-02,Laptop,West,6,650,0.0,3900.0
2025-07-02,Laptop,North,8,650,0.15,4420.0
2025-07-02,Laptop,South,10,650,0.05,6175.0
2025-07-02,Laptop,East,9,650,0.1,5265.0
2025-07-02,Monitor,West,13,220,0.1,2574.0
2025-07-02,Monitor,North,14,220,0.05,2926.0
2025-07-02,Monitor,South,16,220,0.0,3520.0
2025-07-02,Monitor,East,11,220,0.1,2178.0
2025-07-02,Keyboard,West,14,45,0.0,630.0
2025-07-02,Keyboard,North,17,45,0.05,726.75
2025-07-02,Keyboard,South,8,45,0.0,360.0
2025-07-02,Keyboard,East,20,45,0.0,900.0
2025-07-02,Mouse,West,35,25,0.15,743.75
2025-07-02,Mouse,North,22,25,0.1,495.0
2025-07-02,Mouse,South,12,25,0.1,270.0
2025-07-02,Mouse,East,38,25,0.15,807.5
2025-07-02,Headset,West,15,60,0.1,810.0
2025-07-02,Headset,North,10,60,0.05,570.0
2025-07-02,Headset,South,10,60,0.0,600.0
2025-07-02,Headset,East,16,60,0.0,960.0
2025-07-02,Printer,West,11,180,0.0,1980.0
2025-07-02,Printer,North,4,180,0.05,684.0
2025-07-02,Printer,South,3,180,0.0,540.0
2025-07-02,Printer,East,6,180,0.05,1026.0
2025-07-02,Router,West,15,80,0.0,1200.0
2025-07-02,Router,North,15,80,0.15,1020.0
2025-07-02,Router,South,15,80,0.0,1200.0
2025-07-02,Router,East,13,80,0.05,988.0
2025-07-02,Webcam,West,14,55,0.05,731.5
2025-07-02,Webcam,North,11,55,0.0,605.0
2025-07-02,Webcam,South,5,55,0.0,275.0
2025-07-02,Webcam,East,11,55,0.0,605.0
2025-07-03,Laptop,West,6,650,0.0,3900.0
2025-07-03,Laptop,North,5,650,0.15,2762.5
2025-07-03,Laptop,South,8,650,0.0,5200.0
2025-07-03,Laptop,East,13,650,0.05,8027.5
2025-07-03,Monitor,West,19,220,0.0,4180.0
2025-07-03,Monitor,North,6,220,0.05,1254.0
2025-07-03,Monitor,South,13,220,0.05,2717.0
2025-07-03,Monitor,East,9,220,0.05,1881.0
2025-07-03,Keyboard,West,22,45,0.0,990.0
2025-07-03,Keyboard,North,22,45,0.0,990.0
2025-07-03,Keyboard,South,15,45,0.0,675.0
2025-07-03,Keyboard,East,15,45,0.1,607.5
2025-07-03,Mouse,West,24,25,0.0,600.0
2025-07-03,Mouse,North,21,25,0.05,498.75
2025-07-03,Mouse,South,22,25,0.1,495.0
2025-07-03,Mouse,East,18,25,0.1,405.0
2025-07-03,Headset,West,16,60,0.0,960.0
2025-07-03,Headset,North,13,60,0.05,741.0
2025-07-03,Headset,South,8,60,0.0,480.0
2025-07-03,Headset,East,11,60,0.05,627.0
2025-07-03,Printer,West,3,180,0.0,540.0
2025-07-03,Printer,North,6,180,0.05,1026.0
2025-07-03,Printer,South,4,180,0.05,684.0
2025-07-03,Printer,East,5,180,0.0,900.0
2025-07-03,Router,West,18,80,0.0,1440.0
2025-07-03,Router,North,8,80,0.0,640.0
2025-07-03,Router,South,9,80,0.05,684.0
2025-07-03,Router,East,16,80,0.05,1216.0
2025-07-03,Webcam,West,7,55,0.0,385.0
2025-07-03,Webcam,North,8,55,0.0,440.0
2025-07-03,Webcam,South,8,55,0.05,418.0
2025-07-03,Webcam,East,5,55,0.1,247.5
2025-07-04,Laptop,West,11,650,0.0,7150.0
2025-07-04,Laptop,North,7,650,0.0,4550.0
2025-07-04,Laptop,South,14,650,0.1,8190.0
2025-07-04,Laptop,East,7,650,0.0,4550.0
2025-07-04,Monitor,West,11,220,0.1,2178.0
2025-07-04,Monitor,North,9,220,0.0,1980.0
2025-07-04,Monitor,South,11,220,0.0,2420.0
2025-07-04,Monitor,East,11,220,0.0,2420.0
2025-07-04,Keyboard,West,23,45,0.05,983.25
2025-07-04,Keyboard,North,17,45,0.05,726.75
2025-07-04,Keyboard,South,18,45,0.1,729.0
2025-07-04,Keyboard,East,12,45,0.0,540.0
2025-07-04,Mouse,West,28,25,0.0,700.0
2025-07-04,Mouse,North,18,25,0.15,382.5
2025-07-04,Mouse,South,24,25,0.05,570.0
2025-07-04,Mouse,East,27,25,0.1,607.5
2025-07-04,Headset,West,25,60,0.05,1425.0
2025-07-04,Headset,North,15,60,0.0,900.0
2025-07-04,Headset,South,12,60,0.0,720.0
2025-07-04,Headset,East,14,60,0.0,840.0
2025-07-04,Printer,West,9,180,0.0,1620.0
2025-07-04,Printer,North,5,180,0.0,900.0
2025-07-04,Printer,South,7,180,0.1,1134.0
2025-07-04,Printer,East,4,180,0.0,720.0
2025-07-04,Router,West,15,80,0.1,1080.0
2025-07-04,Router,North,16,80,0.0,1280.0
2025-07-04,Router,South,10,80,0.0,800.0
2025-07-04,Router,East,17,80,0.1,1224.0
2025-07-04,Webcam,West,10,55,0.0,550.0
2025-07-04,Webcam,North,6,55,0.1,297.0
2025-07-04,Webcam,South,8,55,0.05,418.0
2025-07-04,Webcam,East,4,55,0.0,220.0
2025-07-05,Laptop,West,8,650,0.0,5200.0
2025-07-05,Laptop,North,12,650,0.1,7020.0
2025-07-05,Laptop,South,5,650,0.05,3087.5
2025-07-05,Laptop,East,9,650,0.0,5850.0
2025-07-05,Monitor,West,12,220,0.05,2508.0
2025-07-05,Monitor,North,7,220,0.15,1309.0
2025-07-05,Monitor,South,10,220,0.0,2200.0
2025-07-05,Monitor,East,13,220,0.0,2860.0
2025-07-05,Keyboard,West,20,45,0.05,855.0
2025-07-05,Keyboard,North,21,45,0.0,945.0
2025-07-05,Keyboard,South,20,45,0.0,900.0
2025-07-05,Keyboard,East,26,45,0.05,1111.5
2025-07-05,Mouse,West,23,25,0.1,517.5
2025-07-05,Mouse,North,18,25,0.1,405.0
2025-07-05,Mouse,South,23,25,0.0,575.0
2025-07-05,Mouse,East,32,25,0.05,760.0
2025-07-05,Headset,West,12,60,0.15,612.0
2025-07-05,Headset,North,10,60,0.0,600.0
2025-07-05,Headset,South,7,60,0.1,378.0
2025-07-05,Headset,East,10,60,0.0,600.0
2025-07-05,Printer,West,5,180,0.05,855.0
2025-07-05,Printer,North,4,180,0.05,684.0
2025-07-05,Printer,South,5,180,0.05,855.0
2025-07-05,Printer,East,6,180,0.05,1026.0
2025-07-05,Router,West,16,80,0.05,1216.0
2025-07-05,Router,North,16,80,0.0,1280.0
2025-07-05,Router,South,10,80,0.0,800.0
2025-07-05,Router,East,16,80,0.05,1216.0
2025-07-05,Webcam,West,14,55,0.05,731.5
2025-07-05,Webcam,North,9,55,0.05,470.25
2025-07-05,Webcam,South,7,55,0.1,346.5
2025-07-05,Webcam,East,13,55,0.0,715.0
2025-07-06,Laptop,West,10,650,0.0,6500.0
2025-07-06,Laptop,North,7,650,0.0,4550.0
2025-07-06,Laptop,South,3,650,0.0,1950.0
2025-07-06,Laptop,East,12,650,0.0,7800.0
2025-07-06,Monitor,West,13,220,0.1,2574.0
2025-07-06,Monitor,North,14,220,0.05,2926.0
2025-07-06,Monitor,South,16,220,0.05,3344.0
2025-07-06,Monitor,East,9,220,0.05,1881.0
2025-07-06,Keyboard,West,22,45,0.0,990.0
2025-07-06,Keyboard,North,19,45,0.1,769.5
2025-07-06,Keyboard,South,11,45,0.05,470.25
2025-07-06,Keyboard,East,16,45,0.0,720.0
2025-07-06,Mouse,West,23,25,0.1,517.5
2025-07-06,Mouse,North,19,25,0.0,475.0
2025-07-06,Mouse,South,23,25,0.1,517.5
2025-07-06,Mouse,East,31,25,0.0,775.0
2025-07-06,Headset,West,16,60,0.0,960.0
2025-07-06,Headset,North,12,60,0.1,648.0
2025-07-06,Headset,South,11,60,0.05,627.0
2025-07-06,Headset,East,10,60,0.05,570.0
2025-07-06,Printer,West,7,180,0.05,1197.0
2025-07-06,Printer,North,5,180,0.05,855.0
2025-07-06,Printer,South,3,180,0.0,540.0
2025-07-06,Printer,East,11,180,0.0,1980.0
2025-07-06,Router,West,14,80,0.1,1008.0
2025-07-06,Router,North,14,80,0.0,1120.0
2025-07-06,Router,South,8,80,0.0,640.0
2025-07-06,Router,East,10,80,0.05,760.0
2025-07-06,Webcam,West,7,55,0.1,346.5
2025-07-06,Webcam,North,9,55,0.0,495.0
2025-07-06,Webcam,South,11,55,0.05,574.75
2025-07-06,Webcam,East,6,55,0.05,313.5
2025-07-07,Laptop,West,9,650,0.05,5557.5
2025-07-07,Laptop,North,15,650,0.05,9262.5
2025-07-07,Laptop,South,8,650,0.1,4680.0
2025-07-07,Laptop,East,14,650,0.05,8645.0
2025-07-07,Monitor,West,9,220,0.05,1881.0
2025-07-07,Monitor,North,12,220,0.0,2640.0
2025-07-07,Monitor,South,8,220,0.05,1672.0
2025-07-07,Monitor,East,7,220,0.0,1540.0
2025-07-07,Keyboard,West,29,45,0.0,1305.0
2025-07-07,Keyboard,North,28,45,0.05,1197.0
2025-07-07,Keyboard,South,14,45,0.05,598.5
2025-07-07,Keyboard,East,26,45,0.05,1111.5
2025-07-07,Mouse,West,30,25,0.05,712.5
2025-07-07,Mouse,North,21,25,0.0,525.0
2025-07-07,Mouse,South,28,25,0.05,665.0
2025-07-07,Mouse,East,21,25,0.05,498.75
2025-07-07,Headset,West,17,60,0.0,1020.0
2025-07-07,Headset,North,17,60,0.05,969.0
2025-07-07,Headset,South,12,60,0.1,648.0
2025-07-07,Headset,East,15,60,0.0,900.0
2025-07-07,Printer,West,3,180,0.05,513.0
2025-07-07,Printer,North,9,180,0.05,1539.0
2025-07-07,Printer,South,5,180,0.05,855.0
2025-07-07,Printer,East,8,180,0.0,1440.0
2025-07-07,Router,West,11,80,0.0,880.0
2025-07-07,Router,North,10,80,0.0,800.0
2025-07-07,Router,South,8,80,0.05,608.0
2025-07-07,Router,East,8,80,0.0,640.0
2025-07-07,Webcam,West,10,55,0.0,550.0
2025-07-07,Webcam,North,6,55,0.1,297.0
2025-07-07,Webcam,South,8,55,0.05,418.0
2025-07-07,Webcam,East,6,55,0.15,280.5
2025-07-08,Laptop,West,8,650,0.05,4940.0
2025-07-08,Laptop,North,8,650,0.0,5200.0
2025-07-08,Laptop,South,11,650,0.0,7150.0
2025-07-08,Laptop,East,8,650,0.0,5200.0
2025-07-08,Monitor,West,12,220,0.1,2376.0
2025-07-08,Monitor,North,9,220,0.1,1782.0
2025-07-08,Monitor,South,6,220,0.1,1188.0
2025-07-08,Monitor,East,8,220,0.05,1672.0
2025-07-08,Keyboard,West,21,45,0.0,945.0
2025-07-08,Keyboard,North,16,45,0.1,648.0
2025-07-08,Keyboard,South,14,45,0.0,630.0
2025-07-08,Keyboard,East,28,45,0.0,1260.0
2025-07-08,Mouse,West,29,25,0.0,725.0
2025-07-08,Mouse,North,19,25,0.1,427.5
2025-07-08,Mouse,South,14,25,0.05,332.5
2025-07-08,Mouse,East,29,25,0.1,652.5
2025-07-08,Headset,West,12,60,0.0,720.0
2025-07-08,Headset,North,14,60,0.1,756.0
2025-07-08,Headset,South,8,60,0.05,456.0
2025-07-08,Headset,East,15,60,0.05,855.0
2025-07-08,Printer,West,6,180,0.0,1080.0
2025-07-08,Printer,North,5,180,0.0,900.0
2025-07-08,Printer,South,6,180,0.0,1080.0
2025-07-08,Printer,East,8,180,0.0,1440.0
2025-07-08,Router,West,22,80,0.05,1672.0
2025-07-08,Router,North,12,80,0.05,912.0
2025-07-08,Router,South,17,80,0.0,1360.0
2025-07-08,Router,East,13,80,0.05,988.0
2025-07-08,Webcam,West,7,55,0.15,327.25
2025-07-08,Webcam,North,6,55,0.0,330.0
2025-07-08,Webcam,South,10,55,0.0,550.0
2025-07-08,Webcam,East,12,55,0.0,660.0
2025-07-09,Laptop,West,7,650,0.05,4322.5
2025-07-09,Laptop,North,10,650,0.05,6175.0
2025-07-09,Laptop,South,5,650,0.0,3250.0
2025-07-09,Laptop,East,9,650,0.1,5265.0
2025-07-09,Monitor,West,15,220,0.05,3135.0
2025-07-09,Monitor,North,7,220,0.0,1540.0
2025-07-09,Monitor,South,12,220,0.0,2640.0
2025-07-09,Monitor,East,7,220,0.1,1386.0
2025-07-09,Keyboard,West,21,45,0.1,850.5
2025-07-09,Keyboard,North,22,45,0.05,940.5
2025-07-09,Keyboard,South,19,45,0.05,812.25
2025-07-09,Keyboard,East,14,45,0.1,567.0
2025-07-09,Mouse,West,36,25,0.0,900.0
2025-07-09,Mouse,North,31,25,0.0,775.0
2025-07-09,Mouse,South,20,25,0.0,500.0
2025-07-09,Mouse,East,27,25,0.15,573.75
2025-07-09,Headset,West,10,60,0.0,600.0
2025-07-09,Headset,North,10,60,0.15,510.0
2025-07-09,Headset,South,10,60,0.05,570.0
2025-07-09,Headset,East,13,60,0.1,702.0
2025-07-09,Printer,West,13,180,0.05,2223.0
2025-07-09,Printer,North,6,180,0.1,972.0
2025-07-09,Printer,South,7,180,0.1,1134.0
2025-07-09,Printer,East,3,180,0.1,486.0
2025-07-09,Router,West,15,80,0.0,1200.0
2025-07-09,Router,North,11,80,0.0,880.0
2025-07-09,Router,South,13,80,0.1,936.0
2025-07-09,Router,East,10,80,0.0,800.0
2025-07-09,Webcam,West,15,55,0.0,825.0
2025-07-09,Webcam,North,5,55,0.0,275.0
2025-07-09,Webcam,South,4,55,0.0,220.0
2025-07-09,Webcam,East,8,55,0.1,396.0
2025-07-10,Laptop,West,8,650,0.0,5200.0
2025-07-10,Laptop,North,10,650,0.05,6175.0
2025-07-10,Laptop,South,9,650,0.0,5850.0
2025-07-10,Laptop,East,7,650,0.05,4322.5
2025-07-10,Monitor,West,12,220,0.1,2376.0
2025-07-10,Monitor,North,9,220,0.05,1881.0
2025-07-10,Monitor,South,10,220,0.1,1980.0
2025-07-10,Monitor,East,6,220,0.0,1320.0
2025-07-10,Keyboard,West,23,45,0.0,1035.0
2025-07-10,Keyboard,North,18,45,0.05,769.5
2025-07-10,Keyboard,South,19,45,0.05,812.25
2025-07-10,Keyboard,East,20,45,0.15,765.0
2025-07-10,Mouse,West,28,25,0.0,700.0
2025-07-10,Mouse,North,25,25,0.0,625.0
2025-07-10,Mouse,South,23,25,0.05,546.25
2025-07-10,Mouse,East,21,25,0.0,525.0
2025-07-10,Headset,West,10,60,0.05,570.0
2025-07-10,Headset,North,11,60,0.0,660.0
2025-07-10,Headset,South,11,60,0.05,627.0
2025-07-10,Headset,East,9,60,0.0,540.0
2025-07-10,Printer,West,2,180,0.1,324.0
2025-07-10,Printer,North,1,180,0.1,162.0
2025-07-10,Printer,South,1,180,0.0,180.0
2025-07-10,Printer,East,8,180,0.0,1440.0
2025-07-10,Router,West,12,80,0.05,912.0
2025-07-10,Router,North,14,80,0.05,1064.0
2025-07-10,Router,South,15,80,0.0,1200.0
2025-07-10,Router,East,10,80,0.05,760.0
2025-07-10,Webcam,West,12,55,0.0,660.0
2025-07-10,Webcam,North,13,55,0.05,679.25
2025-07-10,Webcam,South,7,55,0.05,365.75
2025-07-10,Webcam,East,9,55,0.15,420.75
2025-07-11,Laptop,West,9,650,0.05,5557.5
2025-07-11,Laptop,North,10,650,0.05,6175.0
2025-07-11,Laptop,South,6,650,0.05,3705.0
2025-07-11,Laptop,East,3,650,0.0,1950.0
2025-07-11,Monitor,West,13,220,0.0,2860.0
2025-07-11,Monitor,North,7,220,0.1,1386.0
2025-07-11,Monitor,South,9,220,0.1,1782.0
2025-07-11,Monitor,East,8,220,0.15,1496.0
2025-07-11,Keyboard,West,18,45,0.15,688.5
2025-07-11,Keyboard,North,16,45,0.1,648.0
2025-07-11,Keyboard,South,13,45,0.0,585.0
2025-07-11,Keyboard,East,21,45,0.0,945.0
2025-07-11,Mouse,West,25,25,0.05,593.75
2025-07-11,Mouse,North,21,25,0.05,498.75
2025-07-11,Mouse,South,17,25,0.0,425.0
2025-07-11,Mouse,East,15,25,0.05,356.25
2025-07-11,Headset,West,9,60,0.15,459.0
2025-07-11,Headset,North,5,60,0.05,285.0
2025-07-11,Headset,South,23,60,0.1,1242.0
2025-07-11,Headset,East,11,60,0.05,627.0
2025-07-11,Printer,West,2,180,0.05,342.0
2025-07-11,Printer,North,4,180,0.05,684.0
2025-07-11,Printer,South,5,180,0.05,855.0
2025-07-11,Printer,East,8,180,0.0,1440.0
2025-07-11,Router,West,16,80,0.05,1216.0
2025-07-11,Router,North,16,80,0.0,1280.0
2025-07-11,Router,South,9,80,0.0,720.0
2025-07-11,Router,East,17,80,0.0,1360.0
2025-07-11,Webcam,West,11,55,0.0,605.0
2025-07-11,Webcam,North,3,55,0.05,156.75
2025-07-11,Webcam,South,6,55,0.0,330.0
2025-07-11,Webcam,East,11,55,0.05,574.75
2025-07-12,Laptop,West,8,650,0.0,5200.0
2025-07-12,Laptop,North,7,650,0.0,4550.0
2025-07-12,Laptop,South,4,650,0.05,2470.0
2025-07-12,Laptop,East,10,650,0.1,5850.0
2025-07-12,Monitor,West,5,220,0.05,1045.0
2025-07-12,Monitor,North,13,220,0.1,2574.0
2025-07-12,Monitor,South,13,220,0.0,2860.0
2025-07-12,Monitor,East,9,220,0.0,1980.0
2025-07-12,Keyboard,West,28,45,0.1,1134.0
2025-07-12,Keyboard,North,16,45,0.05,684.0
2025-07-12,Keyboard,South,13,45,0.0,585.0
2025-07-12,Keyboard,East,15,45,0.0,675.0
2025-07-12,Mouse,West,25,25,0.0,625.0
2025-07-12,Mouse,North,22,25,0.0,550.0
2025-07-12,Mouse,South,20,25,0.0,500.0
2025-07-12,Mouse,East,20,25,0.1,450.0
2025-07-12,Headset,West,19,60,0.0,1140.0
2025-07-12,Headset,North,10,60,0.05,570.0
2025-07-12,Headset,South,6,60,0.0,360.0
2025-07-12,Headset,East,7,60,0.0,420.0
2025-07-12,Printer,West,9,180,0.1,1458.0
2025-07-12,Printer,North,11,180,0.1,1782.0
2025-07-12,Printer,South,7,180,0.05,1197.0
2025-07-12,Printer,East,9,180,0.0,1620.0
2025-07-12,Router,West,12,80,0.0,960.0
2025-07-12,Router,North,10,80,0.05,760.0
2025-07-12,Router,South,17,80,0.0,1360.0
2025-07-12,Router,East,12,80,0.0,960.0
2025-07-12,Webcam,West,9,55,0.05,470.25
2025-07-12,Webcam,North,10,55,0.05,522.5
2025-07-12,Webcam,South,13,55,0.05,679.25
2025-07-12,Webcam,East,11,55,0.0,605.0
2025-07-13,Laptop,West,12,650,0.0,7800.0
2025-07-13,Laptop,North,12,650,0.1,7020.0
2025-07-13,Laptop,South,9,650,0.1,5265.0
2025-07-13,Laptop,East,8,650,0.15,4420.0
2025-07-13,Monitor,West,7,220,0.0,1540.0
2025-07-13,Monitor,North,8,220,0.0,1760.0
2025-07-13,Monitor,South,5,220,0.1,990.0
2025-07-13,Monitor,East,9,220,0.0,1980.0
2025-07-13,Keyboard,West,25,45,0.0,1125.0
2025-07-13,Keyboard,North,17,45,0.05,726.75
2025-07-13,Keyboard,South,10,45,0.1,405.0
2025-07-13,Keyboard,East,24,45,0.05,1026.0
2025-07-13,Mouse,West,20,25,0.0,500.0
2025-07-13,Mouse,North,24,25,0.05,570.0
2025-07-13,Mouse,South,15,25,0.0,375.0
2025-07-13,Mouse,East,29,25,0.05,688.75
2025-07-13,Headset,West,15,60,0.0,900.0
2025-07-13,Headset,North,12,60,0.05,684.0
2025-07-13,Headset,South,13,60,0.05,741.0
2025-07-13,Headset,East,18,60,0.15,918.0
2025-07-13,Printer,West,6,180,0.1,972.0
2025-07-13,Printer,North,5,180,0.1,810.0
2025-07-13,Printer,South,6,180,0.0,1080.0
2025-07-13,Printer,East,6,180,0.1,972.0
2025-07-13,Router,West,16,80,0.1,1152.0
2025-07-13,Router,North,12,80,0.1,864.0
2025-07-13,Router,South,12,80,0.0,960.0
2025-07-13,Router,East,11,80,0.05,836.0
2025-07-13,Webcam,West,10,55,0.0,550.0
2025-07-13,Webcam,North,9,55,0.0,495.0
2025-07-13,Webcam,South,7,55,0.05,365.75
2025-07-13,Webcam,East,6,55,0.0,330.0
2025-07-14,Laptop,West,7,650,0.05,4322.5
2025-07-14,Laptop,North,7,650,0.0,4550.0
2025-07-14,Laptop,South,12,650,0.0,7800.0
2025-07-14,Laptop,East,7,650,0.05,4322.5
2025-07-14,Monitor,West,13,220,0.0,2860.0
2025-07-14,Monitor,North,4,220,0.05,836.0
2025-07-14,Monitor,South,12,220,0.0,2640.0
2025-07-14,Monitor,East,14,220,0.1,2772.0
2025-07-14,Keyboard,West,19,45,0.05,812.25
2025-07-14,Keyboard,North,14,45,0.05,598.5
2025-07-14,Keyboard,South,16,45,0.05,684.0
2025-07-14,Keyboard,East,18,45,0.0,810.0
2025-07-14,Mouse,West,29,25,0.05,688.75
2025-07-14,Mouse,North,31,25,0.0,775.0
2025-07-14,Mouse,South,15,25,0.0,375.0
2025-07-14,Mouse,East,24,25,0.0,600.0
2025-07-14,Headset,West,10,60,0.0,600.0
2025-07-14,Headset,North,8,60,0.05,456.0
2025-07-14,Headset,South,6,60,0.0,360.0
2025-07-14,Headset,East,10,60,0.0,600.0
2025-07-14,Printer,West,5,180,0.0,900.0
2025-07-14,Printer,North,9,180,0.0,1620.0
2025-07-14,Printer,South,1,180,0.0,180.0
2025-07-14,Printer,East,5,180,0.0,900.0
2025-07-14,Router,West,17,80,0.0,1360.0
2025-07-14,Router,North,18,80,0.0,1440.0
2025-07-14,Router,South,11,80,0.05,836.0
2025-07-14,Router,East,13,80,0.1,936.0
2025-07-14,Webcam,West,8,55,0.1,396.0
2025-07-14,Webcam,North,8,55,0.05,418.0
2025-07-14,Webcam,South,10,55,0.0,550.0
2025-07-14,Webcam,East,6,55,0.1,297.0
2025-07-15,Laptop,West,13,650,0.05,8027.5
2025-07-15,Laptop,North,4,650,0.1,2340.0
2025-07-15,Laptop,South,7,650,0.05,4322.5
2025-07-15,Laptop,East,7,650,0.0,4550.0
2025-07-15,Monitor,West,9,220,0.05,1881.0
2025-07-15,Monitor,North,15,220,0.0,3300.0
2025-07-15,Monitor,South,11,220,0.05,2299.0
2025-07-15,Monitor,East,5,220,0.0,1100.0
2025-07-15,Keyboard,West,24,45,0.0,1080.0
2025-07-15,Keyboard,North,20,45,0.0,900.0
2025-07-15,Keyboard,South,13,45,0.0,585.0
2025-07-15,Keyboard,East,16,45,0.05,684.0
2025-07-15,Mouse,West,34,25,0.05,807.5
2025-07-15,Mouse,North,28,25,0.05,665.0
2025-07-15,Mouse,South,19,25,0.05,451.25
2025-07-15,Mouse,East,33,25,0.1,742.5
2025-07-15,Headset,West,18,60,0.1,972.0
2025-07-15,Headset,North,12,60,0.0,720.0
2025-07-15,Headset,South,13,60,0.0,780.0
2025-07-15,Headset,East,11,60,0.0,660.0
2025-07-15,Printer,West,9,180,0.1,1458.0
2025-07-15,Printer,North,4,180,0.0,720.0
2025-07-15,Printer,South,9,180,0.05,1539.0
2025-07-15,Printer,East,8,180,0.0,1440.0
2025-07-15,Router,West,16,80,0.0,1280.0
2025-07-15,Router,North,15,80,0.0,1200.0
2025-07-15,Router,South,13,80,0.05,988.0
2025-07-15,Router,East,14,80,0.1,1008.0
2025-07-15,Webcam,West,8,55,0.05,418.0
2025-07-15,Webcam,North,9,55,0.0,495.0
2025-07-15,Webcam,South,7,55,0.1,346.5
2025-07-15,Webcam,East,6,55,0.05,313.5
2025-07-16,Laptop,West,6,650,0.0,3900.0
2025-07-16,Laptop,North,9,650,0.0,5850.0
2025-07-16,Laptop,South,5,650,0.05,3087.5
2025-07-16,Laptop,East,6,650,0.05,3705.0
2025-07-16,Monitor,West,13,220,0.05,2717.0
2025-07-16,Monitor,North,9,220,0.1,1782.0
2025-07-16,Monitor,South,5,220,0.0,1100.0
2025-07-16,Monitor,East,11,220,0.0,2420.0
2025-07-16,Keyboard,West,28,45,0.05,1197.0
2025-07-16,Keyboard,North,18,45,0.05,769.5
2025-07-16,Keyboard,South,15,45,0.05,641.25
2025-07-16,Keyboard,East,18,45,0.1,729.0
2025-07-16,Mouse,West,34,25,0.1,765.0
2025-07-16,Mouse,North,20,25,0.0,500.0
2025-07-16,Mouse,South,19,25,0.05,451.25
2025-07-16,Mouse,East,22,25,0.0,550.0
2025-07-16,Headset,West,10,60,0.0,600.0
2025-07-16,Headset,North,9,60,0.0,540.0
2025-07-16,Headset,South,15,60,0.1,810.0
2025-07-16,Headset,East,10,60,0.05,570.0
2025-07-16,Printer,West,4,180,0.05,684.0
2025-07-16,Printer,North,4,180,0.0,720.0
2025-07-16,Printer,South,5,180,0.05,855.0
2025-07-16,Printer,East,8,180,0.15,1224.0
2025-07-16,Router,West,18,80,0.1,1296.0
2025-07-16,Router,North,13,80,0.0,1040.0
2025-07-16,Router,South,9,80,0.05,684.0
2025-07-16,Router,East,12,80,0.15,816.0
2025-07-16,Webcam,West,17,55,0.0,935.0
2025-07-16,Webcam,North,10,55,0.05,522.5
2025-07-16,Webcam,South,9,55,0.0,495.0
2025-07-16,Webcam,East,9,55,0.0,495.0
2025-07-17,Laptop,West,12,650,0.1,7020.0
2025-07-17,Laptop,North,5,650,0.0,3250.0
2025-07-17,Laptop,South,9,650,0.05,5557.5
2025-07-17,Laptop,East,12,650,0.0,7800.0
2025-07-17,Monitor,West,14,220,0.05,2926.0
2025-07-17,Monitor,North,17,220,0.0,3740.0
2025-07-17,Monitor,South,9,220,0.0,1980.0
2025-07-17,Monitor,East,6,220,0.05,1254.0
2025-07-17,Keyboard,West,23,45,0.1,931.5
2025-07-17,Keyboard,North,26,45,0.0,1170.0
2025-07-17,Keyboard,South,15,45,0.1,607.5
2025-07-17,Keyboard,East,24,45,0.0,1080.0
2025-07-17,Mouse,West,23,25,0.0,575.0
2025-07-17,Mouse,North,22,25,0.0,550.0
2025-07-17,Mouse,South,22,25,0.05,522.5
2025-07-17,Mouse,East,20,25,0.0,500.0
2025-07-17,Headset,West,11,60,0.0,660.0
2025-07-17,Headset,North,11,60,0.15,561.0
2025-07-17,Headset,South,15,60,0.0,900.0
2025-07-17,Headset,East,13,60,0.05,741.0
2025-07-17,Printer,West,9,180,0.1,1458.0
2025-07-17,Printer,North,6,180,0.05,1026.0
2025-07-17,Printer,South,3,180,0.1,486.0
2025-07-17,Printer,East,6,180,0.0,1080.0
2025-07-17,Router,West,15,80,0.05,1140.0
2025-07-17,Router,North,17,80,0.0,1360.0
2025-07-17,Router,South,17,80,0.0,1360.0
2025-07-17,Router,East,14,80,0.0,1120.0
2025-07-17,Webcam,West,8,55,0.05,418.0
2025-07-17,Webcam,North,10,55,0.05,522.5
2025-07-17,Webcam,South,6,55,0.0,330.0
2025-07-17,Webcam,East,11,55,0.0,605.0
2025-07-18,Laptop,West,9,650,0.0,5850.0
2025-07-18,Laptop,North,8,650,0.05,4940.0
2025-07-18,Laptop,South,5,650,0.0,3250.0
2025-07-18,Laptop,East,10,650,0.1,5850.0
2025-07-18,Monitor,West,7,220,0.15,1309.0
2025-07-18,Monitor,North,3,220,0.1,594.0
2025-07-18,Monitor,South,7,220,0.05,1463.0
2025-07-18,Monitor,East,19,220,0.0,4180.0
2025-07-18,Keyboard,West,16,45,0.0,720.0
2025-07-18,Keyboard,North,18,45,0.05,769.5
2025-07-18,Keyboard,South,12,45,0.05,513.0
2025-07-18,Keyboard,East,14,45,0.1,567.0
2025-07-18,Mouse,West,31,25,0.0,775.0
2025-07-18,Mouse,North,29,25,0.1,652.5
2025-07-18,Mouse,South,23,25,0.0,575.0
2025-07-18,Mouse,East,18,25,0.0,450.0
2025-07-18,Headset,West,14,60,0.05,798.0
2025-07-18,Headset,North,13,60,0.1,702.0
2025-07-18,Headset,South,7,60,0.0,420.0
2025-07-18,Headset,East,7,60,0.05,399.0
2025-07-18,Printer,West,5,180,0.0,900.0
2025-07-18,Printer,North,12,180,0.05,2052.0
2025-07-18,Printer,South,5,180,0.0,900.0
2025-07-18,Printer,East,5,180,0.1,810.0
2025-07-18,Router,West,17,80,0.0,1360.0
2025-07-18,Router,North,9,80,0.05,684.0
2025-07-18,Router,South,12,80,0.0,960.0
2025-07-18,Router,East,7,80,0.0,560.0
2025-07-18,Webcam,West,10,55,0.15,467.5
2025-07-18,Webcam,North,8,55,0.05,418.0
2025-07-18,Webcam,South,7,55,0.05,365.75
2025-07-18,Webcam,East,4,55,0.05,209.0
2025-07-19,Laptop,West,10,650,0.1,5850.0
2025-07-19,Laptop,North,7,650,0.0,4550.0
2025-07-19,Laptop,South,4,650,0.0,2600.0
2025-07-19,Laptop,East,6,650,0.0,3900.0
2025-07-19,Monitor,West,14,220,0.0,3080.0
2025-07-19,Monitor,North,8,220,0.15,1496.0
2025-07-19,Monitor,South,4,220,0.05,836.0
2025-07-19,Monitor,East,7,220,0.05,1463.0
2025-07-19,Keyboard,West,29,45,0.0,1305.0
2025-07-19,Keyboard,North,17,45,0.0,765.0
2025-07-19,Keyboard,South,20,45,0.0,900.0
2025-07-19,Keyboard,East,13,45,0.0,585.0
2025-07-19,Mouse,West,35,25,0.05,831.25
2025-07-19,Mouse,North,25,25,0.0,625.0
2025-07-19,Mouse,South,30,25,0.05,712.5
2025-07-19,Mouse,East,21,25,0.15,446.25
2025-07-19,Headset,West,12,60,0.05,684.0
2025-07-19,Headset,North,13,60,0.1,702.0
2025-07-19,Headset,South,7,60,0.1,378.0
2025-07-19,Headset,East,11,60,0.0,660.0
2025-07-19,Printer,West,7,180,0.0,1260.0
2025-07-19,Printer,North,6,180,0.05,1026.0
2025-07-19,Printer,South,8,180,0.0,1440.0
2025-07-19,Printer,East,5,180,0.0,900.0
2025-07-19,Router,West,25,80,0.05,1900.0
2025-07-19,Router,North,15,80,0.05,1140.0
2025-07-19,Router,South,9,80,0.05,684.0
2025-07-19,Router,East,10,80,0.05,760.0
2025-07-19,Webcam,West,13,55,0.0,715.0
2025-07-19,Webcam,North,8,55,0.1,396.0
2025-07-19,Webcam,South,6,55,0.1,297.0
2025-07-19,Webcam,East,7,55,0.05,365.75
2025-07-20,Laptop,West,8,650,0.0,5200.0
2025-07-20,Laptop,North,4,650,0.0,2600.0
2025-07-20,Laptop,South,12,650,0.05,7410.0
2025-07-20,Laptop,East,8,650,0.0,5200.0
2025-07-20,Monitor,West,9,220,0.0,1980.0
2025-07-20,Monitor,North,4,220,0.1,792.0
2025-07-20,Monitor,South,11,220,0.05,2299.0
2025-07-20,Monitor,East,4,220,0.1,792.0
2025-07-20,Keyboard,West,35,45,0.1,1417.5
2025-07-20,Keyboard,North,21,45,0.0,945.0
2025-07-20,Keyboard,South,16,45,0.05,684.0
2025-07-20,Keyboard,East,28,45,0.05,1197.0
2025-07-20,Mouse,West,25,25,0.0,625.0
2025-07-20,Mouse,North,20,25,0.1,450.0
2025-07-20,Mouse,South,25,25,0.05,593.75
2025-07-20,Mouse,East,28,25,0.0,700.0
2025-07-20,Headset,West,12,60,0.0,720.0
2025-07-20,Headset,North,9,60,0.0,540.0
2025-07-20,Headset,South,12,60,0.1,648.0
2025-07-20,Headset,East,10,60,0.0,600.0
2025-07-20,Printer,West,5,180,0.0,900.0
2025-07-20,Printer,North,5,180,0.05,855.0
2025-07-20,Printer,South,2,180,0.0,360.0
2025-07-20,Printer,East,5,180,0.0,900.0
2025-07-20,Router,West,16,80,0.0,1280.0
2025-07-20,Router,North,17,80,0.0,1360.0
2025-07-20,Router,South,10,80,0.05,760.0
2025-07-20,Router,East,17,80,0.05,1292.0
2025-07-20,Webcam,West,10,55,0.1,495.0
2025-07-20,Webcam,North,3,55,0.1,148.5
2025-07-20,Webcam,South,6,55,0.1,297.0
2025-07-20,Webcam,East,9,55,0.0,495.0
2025-07-21,Laptop,West,9,650,0.0,5850.0
2025-07-21,Laptop,North,7,650,0.15,3867.5
2025-07-21,Laptop,South,4,650,0.0,2600.0
2025-07-21,Laptop,East,5,650,0.1,2925.0
2025-07-21,Monitor,West,13,220,0.0,2860.0
2025-07-21,Monitor,North,10,220,0.0,2200.0
2025-07-21,Monitor,South,8,220,0.05,1672.0
2025-07-21,Monitor,East,8,220,0.05,1672.0
2025-07-21,Keyboard,West,15,45,0.05,641.25
2025-07-21,Keyboard,North,16,45,0.1,648.0
2025-07-21,Keyboard,South,13,45,0.1,526.5
2025-07-21,Keyboard,East,21,45,0.0,945.0
2025-07-21,Mouse,West,26,25,0.0,650.0
2025-07-21,Mouse,North,26,25,0.15,552.5
2025-07-21,Mouse,South,25,25,0.0,625.0
2025-07-21,Mouse,East,28,25,0.15,595.0
2025-07-21,Headset,West,10,60,0.1,540.0
2025-07-21,Headset,North,9,60,0.0,540.0
2025-07-21,Headset,South,13,60,0.05,741.0
2025-07-21,Headset,East,13,60,0.0,780.0
2025-07-21,Printer,West,7,180,0.05,1197.0
2025-07-21,Printer,North,3,180,0.05,513.0
2025-07-21,Printer,South,2,180,0.05,342.0
2025-07-21,Printer,East,4,180,0.1,648.0
2025-07-21,Router,West,17,80,0.0,1360.0
2025-07-21,Router,North,18,80,0.1,1296.0
2025-07-21,Router,South,11,80,0.0,880.0
2025-07-21,Router,East,15,80,0.1,1080.0
2025-07-21,Webcam,West,4,55,0.05,209.0
2025-07-21,Webcam,North,8,55,0.0,440.0
2025-07-21,Webcam,South,7,55,0.0,385.0
2025-07-21,Webcam,East,13,55,0.0,715.0
2025-07-22,Laptop,West,14,650,0.0,9100.0
2025-07-22,Laptop,North,7,650,0.05,4322.5
2025-07-22,Laptop,South,5,650,0.05,3087.5
2025-07-22,Laptop,East,5,650,0.1,2925.0
2025-07-22,Monitor,West,15,220,0.0,3300.0
2025-07-22,Monitor,North,7,220,0.0,1540.0
2025-07-22,Monitor,South,5,220,0.05,1045.0
2025-07-22,Monitor,East,9,220,0.1,1782.0
2025-07-22,Keyboard,West,16,45,0.0,720.0
2025-07-22,Keyboard,North,19,45,0.05,812.25
2025-07-22,Keyboard,South,11,45,0.0,495.0
2025-07-22,Keyboard,East,13,45,0.0,585.0
2025-07-22,Mouse,West,29,25,0.0,725.0
2025-07-22,Mouse,North,18,25,0.05,427.5
2025-07-22,Mouse,South,30,25,0.1,675.0
2025-07-22,Mouse,East,23,25,0.0,575.0
2025-07-22,Headset,West,12,60,0.0,720.0
2025-07-22,Headset,North,18,60,0.05,1026.0
2025-07-22,Headset,South,10,60,0.0,600.0
2025-07-22,Headset,East,15,60,0.05,855.0
2025-07-22,Printer,West,9,180,0.05,1539.0
2025-07-22,Printer,North,4,180,0.0,720.0
2025-07-22,Printer,South,8,180,0.1,1296.0
2025-07-22,Printer,East,7,180,0.0,1260.0
2025-07-22,Router,West,11,80,0.0,880.0
2025-07-22,Router,North,8,80,0.15,544.0
2025-07-22,Router,South,12,80,0.1,864.0
2025-07-22,Router,East,11,80,0.05,836.0
2025-07-22,Webcam,West,9,55,0.0,495.0
2025-07-22,Webcam,North,15,55,0.05,783.75
2025-07-22,Webcam,South,8,55,0.0,440.0
2025-07-22,Webcam,East,8,55,0.0,440.0
2025-07-23,Laptop,West,7,650,0.0,4550.0
2025-07-23,Laptop,North,5,650,0.0,3250.0
2025-07-23,Laptop,South,9,650,0.1,5265.0
2025-07-23,Laptop,East,9,650,0.15,4972.5
2025-07-23,Monitor,West,13,220,0.1,2574.0
2025-07-23,Monitor,North,8,220,0.05,1672.0
2025-07-23,Monitor,South,7,220,0.0,1540.0
2025-07-23,Monitor,East,11,220,0.05,2299.0
2025-07-23,Keyboard,West,19,45,0.15,726.75
2025-07-23,Keyboard,North,19,45,0.05,812.25
2025-07-23,Keyboard,South,19,45,0.05,812.25
2025-07-23,Keyboard,East,16,45,0.0,720.0
2025-07-23,Mouse,West,24,25,0.0,600.0
2025-07-23,Mouse,North,25,25,0.05,593.75
2025-07-23,Mouse,South,24,25,0.05,570.0
2025-07-23,Mouse,East,27,25,0.05,641.25
2025-07-23,Headset,West,10,60,0.05,570.0
2025-07-23,Headset,North,11,60,0.0,660.0
2025-07-23,Headset,South,4,60,0.0,240.0
2025-07-23,Headset,East,14,60,0.15,714.0
2025-07-23,Printer,West,5,180,0.0,900.0
2025-07-23,Printer,North,6,180,0.05,1026.0
2025-07-23,Printer,South,5,180,0.1,810.0
2025-07-23,Printer,East,6,180,0.0,1080.0
2025-07-23,Router,West,15,80,0.0,1200.0
2025-07-23,Router,North,8,80,0.0,640.0
2025-07-23,Router,South,10,80,0.1,720.0
2025-07-23,Router,East,14,80,0.05,1064.0
2025-07-23,Webcam,West,16,55,0.1,792.0
2025-07-23,Webcam,North,12,55,0.0,660.0
2025-07-23,Webcam,South,5,55,0.05,261.25
2025-07-23,Webcam,East,8,55,0.05,418.0
2025-07-24,Laptop,West,10,650,0.0,6500.0
2025-07-24,Laptop,North,7,650,0.0,4550.0
2025-07-24,Laptop,South,6,650,0.1,3510.0
2025-07-24,Laptop,East,10,650,0.0,6500.0
2025-07-24,Monitor,West,11,220,0.0,2420.0
2025-07-24,Monitor,North,6,220,0.05,1254.0
2025-07-24,Monitor,South,9,220,0.1,1782.0
2025-07-24,Monitor,East,10,220,0.0,2200.0
2025-07-24,Keyboard,West,21,45,0.05,897.75
2025-07-24,Keyboard,North,15,45,0.05,641.25
2025-07-24,Keyboard,South,11,45,0.1,445.5
2025-07-24,Keyboard,East,12,45,0.0,540.0
2025-07-24,Mouse,West,28,25,0.05,665.0
2025-07-24,Mouse,North,20,25,0.0,500.0
2025-07-24,Mouse,South,24,25,0.05,570.0
2025-07-24,Mouse,East,20,25,0.05,475.0
2025-07-24,Headset,West,12,60,0.0,720.0
2025-07-24,Headset,North,9,60,0.1,486.0
2025-07-24,Headset,South,6,60,0.05,342.0
2025-07-24,Headset,East,15,60,0.0,900.0
2025-07-24,Printer,West,6,180,0.0,1080.0
2025-07-24,Printer,North,5,180,0.05,855.0
2025-07-24,Printer,South,5,180,0.1,810.0
2025-07-24,Printer,East,4,180,0.0,720.0
2025-07-24,Router,West,9,80,0.0,720.0
2025-07-24,Router,North,16,80,0.05,1216.0
2025-07-24,Router,South,9,80,0.05,684.0
2025-07-24,Router,East,17,80,0.05,1292.0
2025-07-24,Webcam,West,9,55,0.0,495.0
2025-07-24,Webcam,North,9,55,0.05,470.25
2025-07-24,Webcam,South,9,55,0.05,470.25
2025-07-24,Webcam,East,9,55,0.0,495.0
2025-07-25,Laptop,West,7,650,0.0,4550.0
2025-07-25,Laptop,North,10,650,0.0,6500.0
2025-07-25,Laptop,South,5,650,0.05,3087.5
2025-07-25,Laptop,East,5,650,0.0,3250.0
2025-07-25,Monitor,West,9,220,0.1,1782.0
2025-07-25,Monitor,North,7,220,0.0,1540.0
2025-07-25,Monitor,South,12,220,0.0,2640.0
2025-07-25,Monitor,East,7,220,0.1,1386.0
2025-07-25,Keyboard,West,27,45,0.05,1154.25
2025-07-25,Keyboard,North,13,45,0.1,526.5
2025-07-25,Keyboard,South,10,45,0.0,450.0
2025-07-25,Keyboard,East,16,45,0.15,612.0
2025-07-25,Mouse,West,23,25,0.15,488.75
2025-07-25,Mouse,North,23,25,0.0,575.0
2025-07-25,Mouse,South,31,25,0.15,658.75
2025-07-25,Mouse,East,19,25,0.0,475.0
2025-07-25,Headset,West,12,60,0.15,612.0
2025-07-25,Headset,North,9,60,0.0,540.0
2025-07-25,Headset,South,13,60,0.15,663.0
2025-07-25,Headset,East,11,60,0.0,660.0
2025-07-25,Printer,West,6,180,0.0,1080.0
2025-07-25,Printer,North,8,180,0.1,1296.0
2025-07-25,Printer,South,5,180,0.1,810.0
2025-07-25,Printer,East,8,180,0.1,1296.0
2025-07-25,Router,West,18,80,0.15,1224.0
2025-07-25,Router,North,16,80,0.0,1280.0
2025-07-25,Router,South,5,80,0.0,400.0
2025-07-25,Router,East,13,80,0.05,988.0
2025-07-25,Webcam,West,8,55,0.1,396.0
2025-07-25,Webcam,North,7,55,0.05,365.75
2025-07-25,Webcam,South,4,55,0.1,198.0
2025-07-25,Webcam,East,7,55,0.05,365.75
2025-07-26,Laptop,West,8,650,0.0,5200.0
2025-07-26,Laptop,North,6,650,0.05,3705.0
2025-07-26,Laptop,South,4,650,0.1,2340.0
2025-07-26,Laptop,East,10,650,0.05,6175.0
2025-07-26,Monitor,West,8,220,0.0,1760.0
2025-07-26,Monitor,North,10,220,0.0,2200.0
2025-07-26,Monitor,South,8,220,0.1,1584.0
2025-07-26,Monitor,East,10,220,0.0,2200.0
2025-07-26,Keyboard,West,18,45,0.0,810.0
2025-07-26,Keyboard,North,9,45,0.0,405.0
2025-07-26,Keyboard,South,24,45,0.1,972.0
2025-07-26,Keyboard,East,24,45,0.0,1080.0
2025-07-26,Mouse,West,29,25,0.1,652.5
2025-07-26,Mouse,North,28,25,0.05,665.0
2025-07-26,Mouse,South,15,25,0.05,356.25
2025-07-26,Mouse,East,19,25,0.0,475.0
2025-07-26,Headset,West,12,60,0.05,684.0
2025-07-26,Headset,North,14,60,0.0,840.0
2025-07-26,Headset,South,7,60,0.05,399.0
2025-07-26,Headset,East,16,60,0.05,912.0
2025-07-26,Printer,West,1,180,0.0,180.0
2025-07-26,Printer,North,5,180,0.05,855.0
2025-07-26,Printer,South,7,180,0.0,1260.0
2025-07-26,Printer,East,1,180,0.05,171.0
2025-07-26,Router,West,6,80,0.05,456.0
2025-07-26,Router,North,15,80,0.05,1140.0
2025-07-26,Router,South,18,80,0.0,1440.0
2025-07-26,Router,East,16,80,0.0,1280.0
2025-07-26,Webcam,West,12,55,0.05,627.0
2025-07-26,Webcam,North,8,55,0.05,418.0
2025-07-26,Webcam,South,7,55,0.0,385.0
2025-07-26,Webcam,East,9,55,0.0,495.0
2025-07-27,Laptop,West,5,650,0.0,3250.0
2025-07-27,Laptop,North,8,650,0.05,4940.0
2025-07-27,Laptop,South,9,650,0.1,5265.0
2025-07-27,Laptop,East,11,650,0.0,7150.0
2025-07-27,Monitor,West,9,220,0.15,1683.0
2025-07-27,Monitor,North,9,220,0.0,1980.0
2025-07-27,Monitor,South,12,220,0.0,2640.0
2025-07-27,Monitor,East,9,220,0.1,1782.0
2025-07-27,Keyboard,West,21,45,0.0,945.0
2025-07-27,Keyboard,North,20,45,0.05,855.0
2025-07-27,Keyboard,South,11,45,0.1,445.5
2025-07-27,Keyboard,East,23,45,0.05,983.25
2025-07-27,Mouse,West,29,25,0.0,725.0
2025-07-27,Mouse,North,30,25,0.05,712.5
2025-07-27,Mouse,South,22,25,0.0,550.0
2025-07-27,Mouse,East,34,25,0.15,722.5
2025-07-27,Headset,West,7,60,0.05,399.0
2025-07-27,Headset,North,12,60,0.0,720.0
2025-07-27,Headset,South,7,60,0.15,357.0
2025-07-27,Headset,East,6,60,0.0,360.0
2025-07-27,Printer,West,5,180,0.05,855.0
2025-07-27,Printer,North,5,180,0.0,900.0
2025-07-27,Printer,South,9,180,0.0,1620.0
2025-07-27,Printer,East,3,180,0.05,513.0
2025-07-27,Router,West,20,80,0.1,1440.0
2025-07-27,Router,North,15,80,0.1,1080.0
2025-07-27,Router,South,8,80,0.0,640.0
2025-07-27,Router,East,8,80,0.0,640.0
2025-07-27,Webcam,West,16,55,0.0,880.0
2025-07-27,Webcam,North,4,55,0.1,198.0
2025-07-27,Webcam,South,7,55,0.1,346.5
2025-07-27,Webcam,East,5,55,0.0,275.0
2025-07-28,Laptop,West,10,650,0.0,6500.0
2025-07-28,Laptop,North,3,650,0.1,1755.0
2025-07-28,Laptop,South,5,650,0.15,2762.5
2025-07-28,Laptop,East,4,650,0.0,2600.0
2025-07-28,Monitor,West,12,220,0.1,2376.0
2025-07-28,Monitor,North,11,220,0.1,2178.0
2025-07-28,Monitor,South,14,220,0.0,3080.0
2025-07-28,Monitor,East,7,220,0.0,1540.0
2025-07-28,Keyboard,West,18,45,0.0,810.0
2025-07-28,Keyboard,North,27,45,0.0,1215.0
2025-07-28,Keyboard,South,18,45,0.1,729.0
2025-07-28,Keyboard,East,23,45,0.05,983.25
2025-07-28,Mouse,West,28,25,0.0,700.0
2025-07-28,Mouse,North,13,25,0.15,276.25
2025-07-28,Mouse,South,18,25,0.0,450.0
2025-07-28,Mouse,East,20,25,0.0,500.0
2025-07-28,Headset,West,9,60,0.0,540.0
2025-07-28,Headset,North,9,60,0.0,540.0
2025-07-28,Headset,South,12,60,0.15,612.0
2025-07-28,Headset,East,17,60,0.1,918.0
2025-07-28,Printer,West,5,180,0.0,900.0
2025-07-28,Printer,North,9,180,0.05,1539.0
2025-07-28,Printer,South,7,180,0.1,1134.0
2025-07-28,Printer,East,8,180,0.05,1368.0
2025-07-28,Router,West,22,80,0.1,1584.0
2025-07-28,Router,North,6,80,0.05,456.0
2025-07-28,Router,South,11,80,0.1,792.0
2025-07-28,Router,East,11,80,0.0,880.0
2025-07-28,Webcam,West,6,55,0.1,297.0
2025-07-28,Webcam,North,9,55,0.0,495.0
2025-07-28,Webcam,South,7,55,0.0,385.0
2025-07-28,Webcam,East,12,55,0.0,660.0
2025-07-29,Laptop,West,11,650,0.1,6435.0
2025-07-29,Laptop,North,11,650,0.05,6792.5
2025-07-29,Laptop,South,6,650,0.0,3900.0
2025-07-29,Laptop,East,16,650,0.0,10400.0
2025-07-29,Monitor,West,13,220,0.0,2860.0
2025-07-29,Monitor,North,3,220,0.1,594.0
2025-07-29,Monitor,South,10,220,0.0,2200.0
2025-07-29,Monitor,East,7,220,0.1,1386.0
2025-07-29,Keyboard,West,18,45,0.05,769.5
2025-07-29,Keyboard,North,20,45,0.0,900.0
2025-07-29,Keyboard,South,19,45,0.0,855.0
2025-07-29,Keyboard,East,25,45,0.05,1068.75
2025-07-29,Mouse,West,24,25,0.0,600.0
2025-07-29,Mouse,North,25,25,0.05,593.75
2025-07-29,Mouse,South,18,25,0.05,427.5
2025-07-29,Mouse,East,29,25,0.0,725.0
2025-07-29,Headset,West,12,60,0.0,720.0
2025-07-29,Headset,North,14,60,0.1,756.0
2025-07-29,Headset,South,4,60,0.05,228.0
2025-07-29,Headset,East,9,60,0.05,513.0
2025-07-29,Printer,West,6,180,0.0,1080.0
2025-07-29,Printer,North,6,180,0.05,1026.0
2025-07-29,Printer,South,10,180,0.1,1620.0
2025-07-29,Printer,East,3,180,0.0,540.0
2025-07-29,Router,West,19,80,0.1,1368.0
2025-07-29,Router,North,21,80,0.15,1428.0
2025-07-29,Router,South,12,80,0.1,864.0
2025-07-29,Router,East,13,80,0.05,988.0
2025-07-29,Webcam,West,14,55,0.05,731.5
2025-07-29,Webcam,North,9,55,0.1,445.5
2025-07-29,Webcam,South,8,55,0.0,440.0
2025-07-29,Webcam,East,9,55,0.05,470.25
2025-07-30,Laptop,West,4,650,0.1,2340.0
2025-07-30,Laptop,North,7,650,0.05,4322.5
2025-07-30,Laptop,South,3,650,0.0,1950.0
2025-07-30,Laptop,East,9,650,0.0,5850.0
2025-07-30,Monitor,West,12,220,0.0,2640.0
2025-07-30,Monitor,North,17,220,0.1,3366.0
2025-07-30,Monitor,South,10,220,0.0,2200.0
2025-07-30,Monitor,East,11,220,0.1,2178.0
2025-07-30,Keyboard,West,23,45,0.0,1035.0
2025-07-30,Keyboard,North,22,45,0.0,990.0
2025-07-30,Keyboard,South,21,45,0.05,897.75
2025-07-30,Keyboard,East,19,45,0.0,855.0
2025-07-30,Mouse,West,27,25,0.05,641.25
2025-07-30,Mouse,North,26,25,0.1,585.0
2025-07-30,Mouse,South,16,25,0.0,400.0
2025-07-30,Mouse,East,19,25,0.1,427.5
2025-07-30,Headset,West,11,60,0.0,660.0
2025-07-30,Headset,North,10,60,0.05,570.0
2025-07-30,Headset,South,9,60,0.0,540.0
2025-07-30,Headset,East,12,60,0.15,612.0
2025-07-30,Printer,West,10,180,0.0,1800.0
2025-07-30,Printer,North,7,180,0.15,1071.0
2025-07-30,Printer,South,7,180,0.0,1260.0
2025-07-30,Printer,East,9,180,0.1,1458.0
2025-07-30,Router,West,23,80,0.15,1564.0
2025-07-30,Router,North,15,80,0.05,1140.0
2025-07-30,Router,South,14,80,0.05,1064.0
2025-07-30,Router,East,18,80,0.05,1368.0
2025-07-30,Webcam,West,5,55,0.05,261.25
2025-07-30,Webcam,North,4,55,0.1,198.0
2025-07-30,Webcam,South,10,55,0.0,550.0
2025-07-30,Webcam,East,13,55,0.0,715.0
2025-07-31,Laptop,West,7,650,0.0,4550.0
2025-07-31,Laptop,North,8,650,0.0,5200.0
2025-07-31,Laptop,South,8,650,0.05,4940.0
2025-07-31,Laptop,East,4,650,0.0,2600.0
2025-07-31,Monitor,West,9,220,0.05,1881.0
2025-07-31,Monitor,North,10,220,0.15,1870.0
2025-07-31,Monitor,South,5,220,0.15,935.0
2025-07-31,Monitor,East,8,220,0.0,1760.0
2025-07-31,Keyboard,West,19,45,0.0,855.0
2025-07-31,Keyboard,North,12,45,0.05,513.0
2025-07-31,Keyboard,South,18,45,0.0,810.0
2025-07-31,Keyboard,East,15,45,0.0,675.0
2025-07-31,Mouse,West,23,25,0.0,575.0
2025-07-31,Mouse,North,23,25,0.15,488.75
2025-07-31,Mouse,South,25,25,0.0,625.0
2025-07-31,Mouse,East,15,25,0.0,375.0
2025-07-31,Headset,West,14,60,0.1,756.0
2025-07-31,Headset,North,9,60,0.1,486.0
2025-07-31,Headset,South,10,60,0.1,540.0
2025-07-31,Headset,East,12,60,0.1,648.0
2025-07-31,Printer,West,5,180,0.0,900.0
2025-07-31,Printer,North,6,180,0.0,1080.0
2025-07-31,Printer,South,1,180,0.0,180.0
2025-07-31,Printer,East,5,180,0.0,900.0
2025-07-31,Router,West,16,80,0.0,1280.0
2025-07-31,Router,North,13,80,0.0,1040.0
2025-07-31,Router,South,7,80,0.1,504.0
2025-07-31,Router,East,10,80,0.0,800.0
2025-07-31,Webcam,West,8,55,0.0,440.0
2025-07-31,Webcam,North,5,55,0.1,247.5
2025-07-31,Webcam,South,10,55,0.0,550.0
2025-07-31,Webcam,East,10,55,0.0,550.0
2025-08-01,Laptop,West,4,650,0.05,2470.0
2025-08-01,Laptop,North,11,650,0.0,7150.0
2025-08-01,Laptop,South,11,650,0.0,7150.0
2025-08-01,Laptop,East,4,650,0.0,2600.0
2025-08-01,Monitor,West,6,220,0.1,1188.0
2025-08-01,Monitor,North,10,220,0.1,1980.0
2025-08-01,Monitor,South,10,220,0.0,2200.0
2025-08-01,Monitor,East,7,220,0.05,1463.0
2025-08-01,Keyboard,West,15,45,0.1,607.5
2025-08-01,Keyboard,North,19,45,0.0,855.0
2025-08-01,Keyboard,South,11,45,0.1,445.5
2025-08-01,Keyboard,East,23,45,0.0,1035.0
2025-08-01,Mouse,West,27,25,0.05,641.25
2025-08-01,Mouse,North,29,25,0.1,652.5
2025-08-01,Mouse,South,20,25,0.05,475.0
2025-08-01,Mouse,East,23,25,0.05,546.25
2025-08-01,Headset,West,10,60,0.0,600.0
2025-08-01,Headset,North,17,60,0.0,1020.0
2025-08-01,Headset,South,7,60,0.05,399.0
2025-08-01,Headset,East,11,60,0.05,627.0
2025-08-01,Printer,West,5,180,0.05,855.0
2025-08-01,Printer,North,13,180,0.0,2340.0
2025-08-01,Printer,South,7,180,0.0,1260.0
2025-08-01,Printer,East,3,180,0.0,540.0
2025-08-01,Router,West,13,80,0.05,988.0
2025-08-01,Router,North,10,80,0.1,720.0
2025-08-01,Router,South,10,80,0.05,760.0
2025-08-01,Router,East,11,80,0.05,836.0
2025-08-01,Webcam,West,4,55,0.0,220.0
2025-08-01,Webcam,North,8,55,0.05,418.0
2025-08-01,Webcam,South,11,55,0.05,574.75
2025-08-01,Webcam,East,4,55,0.1,198.0
2025-08-02,Laptop,West,10,650,0.05,6175.0
2025-08-02,Laptop,North,3,650,0.05,1852.5
2025-08-02,Laptop,South,6,650,0.05,3705.0
2025-08-02,Laptop,East,5,650,0.05,3087.5
2025-08-02,Monitor,West,15,220,0.1,2970.0
2025-08-02,Monitor,North,10,220,0.05,2090.0
2025-08-02,Monitor,South,8,220,0.05,1672.0
2025-08-02,Monitor,East,12,220,0.1,2376.0
2025-08-02,Keyboard,West,18,45,0.0,810.0
2025-08-02,Keyboard,North,10,45,0.0,450.0
2025-08-02,Keyboard,South,11,45,0.05,470.25
2025-08-02,Keyboard,East,15,45,0.0,675.0
2025-08-02,Mouse,West,21,25,0.1,472.5
2025-08-02,Mouse,North,29,25,0.0,725.0
2025-08-02,Mouse,South,28,25,0.0,700.0
2025-08-02,Mouse,East,30,25,0.15,637.5
2025-08-02,Headset,West,10,60,0.1,540.0
2025-08-02,Headset,North,11,60,0.1,594.0
2025-08-02,Headset,South,8,60,0.0,480.0
2025-08-02,Headset,East,18,60,0.0,1080.0
2025-08-02,Printer,West,6,180,0.05,1026.0
2025-08-02,Printer,North,9,180,0.0,1620.0
2025-08-02,Printer,South,7,180,0.0,1260.0
2025-08-02,Printer,East,3,180,0.0,540.0
2025-08-02,Router,West,15,80,0.05,1140.0
2025-08-02,Router,North,11,80,0.1,792.0
2025-08-02,Router,South,13,80,0.0,1040.0
2025-08-02,Router,East,18,80,0.0,1440.0
2025-08-02,Webcam,West,15,55,0.15,701.25
2025-08-02,Webcam,North,7,55,0.05,365.75
2025-08-02,Webcam,South,4,55,0.0,220.0
2025-08-02,Webcam,East,9,55,0.05,470.25
2025-08-03,Laptop,West,6,650,0.05,3705.0
2025-08-03,Laptop,North,6,650,0.15,3315.0
2025-08-03,Laptop,South,2,650,0.0,1300.0
2025-08-03,Laptop,East,2,650,0.0,1300.0
2025-08-03,Monitor,West,9,220,0.0,1980.0
2025-08-03,Monitor,North,10,220,0.05,2090.0
2025-08-03,Monitor,South,5,220,0.15,935.0
2025-08-03,Monitor,East,9,220,0.0,1980.0
2025-08-03,Keyboard,West,20,45,0.0,900.0
2025-08-03,Keyboard,North,19,45,0.1,769.5
2025-08-03,Keyboard,South,15,45,0.0,675.0
2025-08-03,Keyboard,East,19,45,0.0,855.0
2025-08-03,Mouse,West,18,25,0.15,382.5
2025-08-03,Mouse,North,21,25,0.0,525.0
2025-08-03,Mouse,South,16,25,0.0,400.0
2025-08-03,Mouse,East,26,25,0.1,585.0
2025-08-03,Headset,West,12,60,0.0,720.0
2025-08-03,Headset,North,13,60,0.0,780.0
2025-08-03,Headset,South,15,60,0.0,900.0
2025-08-03,Headset,East,11,60,0.0,660.0
2025-08-03,Printer,West,10,180,0.05,1710.0
2025-08-03,Printer,North,8,180,0.05,1368.0
2025-08-03,Printer,South,6,180,0.05,1026.0
2025-08-03,Printer,East,5,180,0.0,900.0
2025-08-03,Router,West,15,80,0.1,1080.0
2025-08-03,Router,North,13,80,0.0,1040.0
2025-08-03,Router,South,13,80,0.05,988.0
2025-08-03,Router,East,19,80,0.0,1520.0
2025-08-03,Webcam,West,8,55,0.05,418.0
2025-08-03,Webcam,North,4,55,0.1,198.0
2025-08-03,Webcam,South,6,55,0.0,330.0
2025-08-03,Webcam,East,5,55,0.0,275.0
2025-08-04,Laptop,West,7,650,0.05,4322.5
2025-08-04,Laptop,North,4,650,0.0,2600.0
2025-08-04,Laptop,South,7,650,0.0,4550.0
2025-08-04,Laptop,East,4,650,0.0,2600.0
2025-08-04,Monitor,West,3,220,0.0,660.0
2025-08-04,Monitor,North,10,220,0.05,2090.0
2025-08-04,Monitor,South,5,220,0.05,1045.0
2025-08-04,Monitor,East,8,220,0.05,1672.0
2025-08-04,Keyboard,West,16,45,0.1,648.0
2025-08-04,Keyboard,North,16,45,0.1,648.0
2025-08-04,Keyboard,South,14,45,0.1,567.0
2025-08-04,Keyboard,East,14,45,0.1,567.0
2025-08-04,Mouse,West,20,25,0.0,500.0
2025-08-04,Mouse,North,20,25,0.0,500.0
2025-08-04,Mouse,South,14,25,0.05,332.5
2025-08-04,Mouse,East,26,25,0.05,617.5
2025-08-04,Headset,West,17,60,0.05,969.0
2025-08-04,Headset,North,11,60,0.05,627.0
2025-08-04,Headset,South,12,60,0.05,684.0
2025-08-04,Headset,East,11,60,0.0,660.0
2025-08-04,Printer,West,7,180,0.05,1197.0
2025-08-04,Printer,North,4,180,0.0,720.0
2025-08-04,Printer,South,5,180,0.05,855.0
2025-08-04,Printer,East,6,180,0.0,1080.0
2025-08-04,Router,West,15,80,0.1,1080.0
2025-08-04,Router,North,9,80,0.0,720.0
2025-08-04,Router,South,17,80,0.0,1360.0
2025-08-04,Router,East,17,80,0.0,1360.0
2025-08-04,Webcam,West,9,55,0.05,470.25
2025-08-04,Webcam,North,10,55,0.1,495.0
2025-08-04,Webcam,South,5,55,0.15,233.75
2025-08-04,Webcam,East,13,55,0.0,715.0
2025-08-05,Laptop,West,10,650,0.0,6500.0
2025-08-05,Laptop,North,9,650,0.0,5850.0
2025-08-05,Laptop,South,8,650,0.05,4940.0
2025-08-05,Laptop,East,12,650,0.05,7410.0
2025-08-05,Monitor,West,11,220,0.05,2299.0
2025-08-05,Monitor,North,10,220,0.05,2090.0
2025-08-05,Monitor,South,10,220,0.05,2090.0
2025-08-05,Monitor,East,8,220,0.0,1760.0
2025-08-05,Keyboard,West,14,45,0.0,630.0
2025-08-05,Keyboard,North,18,45,0.05,769.5
2025-08-05,Keyboard,South,8,45,0.0,360.0
2025-08-05,Keyboard,East,17,45,0.1,688.5
2025-08-05,Mouse,West,26,25,0.0,650.0
2025-08-05,Mouse,North,14,25,0.1,315.0
2025-08-05,Mouse,South,11,25,0.1,247.5
2025-08-05,Mouse,East,28,25,0.0,700.0
2025-08-05,Headset,West,17,60,0.0,1020.0
2025-08-05,Headset,North,10,60,0.0,600.0
2025-08-05,Headset,South,13,60,0.05,741.0
2025-08-05,Headset,East,7,60,0.05,399.0
2025-08-05,Printer,West,3,180,0.05,513.0
2025-08-05,Printer,North,4,180,0.0,720.0
2025-08-05,Printer,South,6,180,0.0,1080.0
2025-08-05,Printer,East,8,180,0.05,1368.0
2025-08-05,Router,West,18,80,0.0,1440.0
2025-08-05,Router,North,19,80,0.0,1520.0
2025-08-05,Router,South,9,80,0.0,720.0
2025-08-05,Router,East,21,80,0.0,1680.0
2025-08-05,Webcam,West,14,55,0.1,693.0
2025-08-05,Webcam,North,12,55,0.0,660.0
2025-08-05,Webcam,South,3,55,0.1,148.5
2025-08-05,Webcam,East,11,55,0.0,605.0
2025-08-06,Laptop,West,3,650,0.0,1950.0
2025-08-06,Laptop,North,7,650,0.0,4550.0
2025-08-06,Laptop,South,10,650,0.0,6500.0
2025-08-06,Laptop,East,9,650,0.1,5265.0
2025-08-06,Monitor,West,13,220,0.15,2431.0
2025-08-06,Monitor,North,11,220,0.0,2420.0
2025-08-06,Monitor,South,7,220,0.05,1463.0
2025-08-06,Monitor,East,8,220,0.05,1672.0
2025-08-06,Keyboard,West,20,45,0.0,900.0
2025-08-06,Keyboard,North,16,45,0.1,648.0
2025-08-06,Keyboard,South,10,45,0.0,450.0
2025-08-06,Keyboard,East,14,45,0.0,630.0
2025-08-06,Mouse,West,32,25,0.1,720.0
2025-08-06,Mouse,North,22,25,0.05,522.5
2025-08-06,Mouse,South,30,25,0.1,675.0
2025-08-06,Mouse,East,19,25,0.1,427.5
2025-08-06,Headset,West,13,60,0.05,741.0
2025-08-06,Headset,North,14,60,0.0,840.0
2025-08-06,Headset,South,11,60,0.0,660.0
2025-08-06,Headset,East,9,60,0.05,513.0
2025-08-06,Printer,West,2,180,0.05,342.0
2025-08-06,Printer,North,6,180,0.0,1080.0
2025-08-06,Printer,South,4,180,0.05,684.0
2025-08-06,Printer,East,8,180,0.05,1368.0
2025-08-06,Router,West,13,80,0.0,1040.0
2025-08-06,Router,North,15,80,0.0,1200.0
2025-08-06,Router,South,15,80,0.0,1200.0
2025-08-06,Router,East,6,80,0.05,456.0
2025-08-06,Webcam,West,12,55,0.15,561.0
2025-08-06,Webcam,North,4,55,0.0,220.0
2025-08-06,Webcam,South,10,55,0.0,550.0
2025-08-06,Webcam,East,8,55,0.05,418.0
2025-08-07,Laptop,West,7,650,0.1,4095.0
2025-08-07,Laptop,North,6,650,0.05,3705.0
2025-08-07,Laptop,South,2,650,0.0,1300.0
2025-08-07,Laptop,East,8,650,0.05,4940.0
2025-08-07,Monitor,West,11,220,0.05,2299.0
2025-08-07,Monitor,North,10,220,0.05,2090.0
2025-08-07,Monitor,South,3,220,0.05,627.0
2025-08-07,Monitor,East,10,220,0.05,2090.0
2025-08-07,Keyboard,West,12,45,0.1,486.0
2025-08-07,Keyboard,North,11,45,0.05,470.25
2025-08-07,Keyboard,South,12,45,0.1,486.0
2025-08-07,Keyboard,East,11,45,0.15,420.75
2025-08-07,Mouse,West,38,25,0.0,950.0
2025-08-07,Mouse,North,24,25,0.1,540.0
2025-08-07,Mouse,South,24,25,0.0,600.0
2025-08-07,Mouse,East,26,25,0.0,650.0
2025-08-07,Headset,West,12,60,0.1,648.0
2025-08-07,Headset,North,15,60,0.0,900.0
2025-08-07,Headset,South,11,60,0.15,561.0
2025-08-07,Headset,East,7,60,0.0,420.0
2025-08-07,Printer,West,10,180,0.15,1530.0
2025-08-07,Printer,North,9,180,0.05,1539.0
2025-08-07,Printer,South,3,180,0.0,540.0
2025-08-07,Printer,East,9,180,0.05,1539.0
2025-08-07,Router,West,14,80,0.05,1064.0
2025-08-07,Router,North,11,80,0.15,748.0
2025-08-07,Router,South,9,80,0.0,720.0
2025-08-07,Router,East,10,80,0.0,800.0
2025-08-07,Webcam,West,13,55,0.05,679.25
2025-08-07,Webcam,North,9,55,0.05,470.25
2025-08-07,Webcam,South,6,55,0.0,330.0
2025-08-07,Webcam,East,7,55,0.0,385.0
2025-08-08,Laptop,West,1,650,0.0,650.0
2025-08-08,Laptop,North,3,650,0.05,1852.5
2025-08-08,Laptop,South,3,650,0.0,1950.0
2025-08-08,Laptop,East,4,650,0.0,2600.0
2025-08-08,Monitor,West,11,220,0.1,2178.0
2025-08-08,Monitor,North,11,220,0.05,2299.0
2025-08-08,Monitor,South,7,220,0.0,1540.0
2025-08-08,Monitor,East,9,220,0.05,1881.0
2025-08-08,Keyboard,West,13,45,0.0,585.0
2025-08-08,Keyboard,North,16,45,0.0,720.0
2025-08-08,Keyboard,South,13,45,0.05,555.75
2025-08-08,Keyboard,East,13,45,0.1,526.5
2025-08-08,Mouse,West,26,25,0.0,650.0
2025-08-08,Mouse,North,26,25,0.1,585.0
2025-08-08,Mouse,South,21,25,0.05,498.75
2025-08-08,Mouse,East,29,25,0.1,652.5
2025-08-08,Headset,West,7,60,0.0,420.0
2025-08-08,Headset,North,7,60,0.05,399.0
2025-08-08,Headset,South,14,60,0.0,840.0
2025-08-08,Headset,East,15,60,0.15,765.0
2025-08-08,Printer,West,6,180,0.0,1080.0
2025-08-08,Printer,North,3,180,0.05,513.0
2025-08-08,Printer,South,2,180,0.05,342.0
2025-08-08,Printer,East,10,180,0.0,1800.0
2025-08-08,Router,West,15,80,0.0,1200.0
2025-08-08,Router,North,18,80,0.0,1440.0
2025-08-08,Router,South,17,80,0.05,1292.0
2025-08-08,Router,East,17,80,0.0,1360.0
2025-08-08,Webcam,West,6,55,0.0,330.0
2025-08-08,Webcam,North,17,55,0.1,841.5
2025-08-08,Webcam,South,10,55,0.05,522.5
2025-08-08,Webcam,East,10,55,0.1,495.0
2025-08-09,Laptop,West,4,650,0.1,2340.0
2025-08-09,Laptop,North,8,650,0.0,5200.0
2025-08-09,Laptop,South,10,650,0.05,6175.0
2025-08-09,Laptop,East,6,650,0.05,3705.0
2025-08-09,Monitor,West,16,220,0.1,3168.0
2025-08-09,Monitor,North,8,220,0.05,1672.0
2025-08-09,Monitor,South,6,220,0.1,1188.0
2025-08-09,Monitor,East,7,220,0.05,1463.0
2025-08-09,Keyboard,West,21,45,0.05,897.75
2025-08-09,Keyboard,North,11,45,0.1,445.5
2025-08-09,Keyboard,South,13,45,0.0,585.0
2025-08-09,Keyboard,East,12,45,0.1,486.0
2025-08-09,Mouse,West,23,25,0.1,517.5
2025-08-09,Mouse,North,24,25,0.15,510.0
2025-08-09,Mouse,South,15,25,0.1,337.5
2025-08-09,Mouse,East,20,25,0.0,500.0
2025-08-09,Headset,West,9,60,0.0,540.0
2025-08-09,Headset,North,12,60,0.0,720.0
2025-08-09,Headset,South,8,60,0.1,432.0
2025-08-09,Headset,East,11,60,0.0,660.0
2025-08-09,Printer,West,8,180,0.0,1440.0
2025-08-09,Printer,North,1,180,0.0,180.0
2025-08-09,Printer,South,6,180,0.0,1080.0
2025-08-09,Printer,East,4,180,0.0,720.0
2025-08-09,Router,West,12,80,0.1,864.0
2025-08-09,Router,North,9,80,0.05,684.0
2025-08-09,Router,South,9,80,0.0,720.0
2025-08-09,Router,East,16,80,0.0,1280.0
2025-08-09,Webcam,West,6,55,0.05,313.5
2025-08-09,Webcam,North,10,55,0.0,550.0
2025-08-09,Webcam,South,12,55,0.0,660.0
2025-08-09,Webcam,East,4,55,0.15,187.0
2025-08-10,Laptop,West,8,650,0.0,5200.0
2025-08-10,Laptop,North,5,650,0.1,2925.0
2025-08-10,Laptop,South,7,650,0.0,4550.0
2025-08-10,Laptop,East,10,650,0.1,5850.0
2025-08-10,Monitor,West,9,220,0.0,1980.0
2025-08-10,Monitor,North,6,220,0.05,1254.0
2025-08-10,Monitor,South,8,220,0.0,1760.0
2025-08-10,Monitor,East,3,220,0.05,627.0
2025-08-10,Keyboard,West,22,45,0.05,940.5
2025-08-10,Keyboard,North,18,45,0.0,810.0
2025-08-10,Keyboard,South,16,45,0.0,720.0
2025-08-10,Keyboard,East,17,45,0.05,726.75
2025-08-10,Mouse,West,26,25,0.0,650.0
2025-08-10,Mouse,North,26,25,0.05,617.5
2025-08-10,Mouse,South,14,25,0.0,350.0
2025-08-10,Mouse,East,31,25,0.0,775.0
2025-08-10,Headset,West,15,60,0.05,855.0
2025-08-10,Headset,North,10,60,0.0,600.0
2025-08-10,Headset,South,8,60,0.1,432.0
2025-08-10,Headset,East,11,60,0.0,660.0
2025-08-10,Printer,West,7,180,0.0,1260.0
2025-08-10,Printer,North,8,180,0.1,1296.0
2025-08-10,Printer,South,3,180,0.05,513.0
2025-08-10,Printer,East,6,180,0.05,1026.0
2025-08-10,Router,West,19,80,0.0,1520.0
2025-08-10,Router,North,14,80,0.0,1120.0
2025-08-10,Router,South,9,80,0.15,612.0
2025-08-10,Router,East,8,80,0.0,640.0
2025-08-10,Webcam,West,6,55,0.05,313.5
2025-08-10,Webcam,North,9,55,0.0,495.0
2025-08-10,Webcam,South,5,55,0.0,275.0
2025-08-10,Webcam,East,8,55,0.1,396.0
2025-08-11,Laptop,West,7,650,0.1,4095.0
2025-08-11,Laptop,North,9,650,0.05,5557.5
2025-08-11,Laptop,South,6,650,0.05,3705.0
2025-08-11,Laptop,East,6,650,0.05,3705.0
2025-08-11,Monitor,West,13,220,0.0,2860.0
2025-08-11,Monitor,North,7,220,0.0,1540.0
2025-08-11,Monitor,South,17,220,0.0,3740.0
2025-08-11,Monitor,East,7,220,0.05,1463.0
2025-08-11,Keyboard,West,17,45,0.1,688.5
2025-08-11,Keyboard,North,16,45,0.05,684.0
2025-08-11,Keyboard,South,16,45,0.1,648.0
2025-08-11,Keyboard,East,18,45,0.0,810.0
2025-08-11,Mouse,West,23,25,0.0,575.0
2025-08-11,Mouse,North,24,25,0.1,540.0
2025-08-11,Mouse,South,23,25,0.0,575.0
2025-08-11,Mouse,East,18,25,0.05,427.5
2025-08-11,Headset,West,9,60,0.1,486.0
2025-08-11,Headset,North,15,60,0.1,810.0
2025-08-11,Headset,South,9,60,0.15,459.0
2025-08-11,Headset,East,12,60,0.0,720.0
2025-08-11,Printer,West,8,180,0.1,1296.0
2025-08-11,Printer,North,6,180,0.0,1080.0
2025-08-11,Printer,South,2,180,0.05,342.0
2025-08-11,Printer,East,5,180,0.0,900.0
2025-08-11,Router,West,15,80,0.0,1200.0
2025-08-11,Router,North,13,80,0.0,1040.0
2025-08-11,Router,South,15,80,0.0,1200.0
2025-08-11,Router,East,8,80,0.05,608.0
2025-08-11,Webcam,West,10,55,0.1,495.0
2025-08-11,Webcam,North,9,55,0.05,470.25
2025-08-11,Webcam,South,6,55,0.0,330.0
2025-08-11,Webcam,East,2,55,0.15,93.5
2025-08-12,Laptop,West,10,650,0.0,6500.0
2025-08-12,Laptop,North,9,650,0.0,5850.0
2025-08-12,Laptop,South,8,650,0.1,4680.0
2025-08-12,Laptop,East,5,650,0.05,3087.5
2025-08-12,Monitor,West,12,220,0.1,2376.0
2025-08-12,Monitor,North,6,220,0.05,1254.0
2025-08-12,Monitor,South,10,220,0.0,2200.0
2025-08-12,Monitor,East,13,220,0.1,2574.0
2025-08-12,Keyboard,West,19,45,0.0,855.0
2025-08-12,Keyboard,North,17,45,0.0,765.0
2025-08-12,Keyboard,South,20,45,0.0,900.0
2025-08-12,Keyboard,East,21,45,0.1,850.5
2025-08-12,Mouse,West,24,25,0.0,600.0
2025-08-12,Mouse,North,26,25,0.05,617.5
2025-08-12,Mouse,South,19,25,0.05,451.25
2025-08-12,Mouse,East,22,25,0.05,522.5
2025-08-12,Headset,West,10,60,0.15,510.0
2025-08-12,Headset,North,13,60,0.0,780.0
2025-08-12,Headset,South,11,60,0.0,660.0
2025-08-12,Headset,East,14,60,0.1,756.0
2025-08-12,Printer,West,1,180,0.05,171.0
2025-08-12,Printer,North,5,180,0.05,855.0
2025-08-12,Printer,South,6,180,0.1,972.0
2025-08-12,Printer,East,4,180,0.0,720.0
2025-08-12,Router,West,11,80,0.1,792.0
2025-08-12,Router,North,17,80,0.05,1292.0
2025-08-12,Router,South,8,80,0.1,576.0
2025-08-12,Router,East,15,80,0.15,1020.0
2025-08-12,Webcam,West,16,55,0.0,880.0
2025-08-12,Webcam,North,4,55,0.05,209.0
2025-08-12,Webcam,South,4,55,0.0,220.0
2025-08-12,Webcam,East,12,55,0.1,594.0
2025-08-13,Laptop,West,5,650,0.0,3250.0
2025-08-13,Laptop,North,14,650,0.05,8645.0
2025-08-13,Laptop,South,6,650,0.05,3705.0
2025-08-13,Laptop,East,6,650,0.0,3900.0
2025-08-13,Monitor,West,15,220,0.0,3300.0
2025-08-13,Monitor,North,15,220,0.1,2970.0
2025-08-13,Monitor,South,12,220,0.0,2640.0
2025-08-13,Monitor,East,8,220,0.05,1672.0
2025-08-13,Keyboard,West,13,45,0.0,585.0
2025-08-13,Keyboard,North,13,45,0.05,555.75
2025-08-13,Keyboard,South,14,45,0.1,567.0
2025-08-13,Keyboard,East,17,45,0.0,765.0
2025-08-13,Mouse,West,21,25,0.05,498.75
2025-08-13,Mouse,North,22,25,0.05,522.5
2025-08-13,Mouse,South,16,25,0.05,380.0
2025-08-13,Mouse,East,32,25,0.05,760.0
2025-08-13,Headset,West,11,60,0.1,594.0
2025-08-13,Headset,North,10,60,0.0,600.0
2025-08-13,Headset,South,5,60,0.0,300.0
2025-08-13,Headset,East,14,60,0.05,798.0
2025-08-13,Printer,West,7,180,0.0,1260.0
2025-08-13,Printer,North,5,180,0.0,900.0
2025-08-13,Printer,South,3,180,0.0,540.0
2025-08-13,Printer,East,5,180,0.0,900.0
2025-08-13,Router,West,11,80,0.0,880.0
2025-08-13,Router,North,9,80,0.0,720.0
2025-08-13,Router,South,8,80,0.0,640.0
2025-08-13,Router,East,13,80,0.05,988.0
2025-08-13,Webcam,West,3,55,0.0,165.0
2025-08-13,Webcam,North,8,55,0.0,440.0
2025-08-13,Webcam,South,6,55,0.0,330.0
2025-08-13,Webcam,East,11,55,0.0,605.0
2025-08-14,Laptop,West,8,650,0.0,5200.0
2025-08-14,Laptop,North,13,650,0.0,8450.0
2025-08-14,Laptop,South,5,650,0.05,3087.5
2025-08-14,Laptop,East,4,650,0.05,2470.0
2025-08-14,Monitor,West,14,220,0.0,3080.0
2025-08-14,Monitor,North,12,220,0.1,2376.0
2025-08-14,Monitor,South,5,220,0.0,1100.0
2025-08-14,Monitor,East,8,220,0.1,1584.0
2025-08-14,Keyboard,West,18,45,0.05,769.5
2025-08-14,Keyboard,North,14,45,0.05,598.5
2025-08-14,Keyboard,South,17,45,0.0,765.0
2025-08-14,Keyboard,East,13,45,0.0,585.0
2025-08-14,Mouse,West,19,25,0.0,475.0
2025-08-14,Mouse,North,18,25,0.0,450.0
2025-08-14,Mouse,South,20,25,0.0,500.0
2025-08-14,Mouse,East,30,25,0.05,712.5
2025-08-14,Headset,West,15,60,0.05,855.0
2025-08-14,Headset,North,12,60,0.0,720.0
2025-08-14,Headset,South,8,60,0.0,480.0
2025-08-14,Headset,East,13,60,0.05,741.0
2025-08-14,Printer,West,3,180,0.0,540.0
2025-08-14,Printer,North,6,180,0.0,1080.0
2025-08-14,Printer,South,5,180,0.0,900.0
2025-08-14,Printer,East,6,180,0.1,972.0
2025-08-14,Router,West,12,80,0.0,960.0
2025-08-14,Router,North,12,80,0.1,864.0
2025-08-14,Router,South,11,80,0.0,880.0
2025-08-14,Router,East,17,80,0.0,1360.0
2025-08-14,Webcam,West,7,55,0.15,327.25
2025-08-14,Webcam,North,8,55,0.1,396.0
2025-08-14,Webcam,South,7,55,0.0,385.0
2025-08-14,Webcam,East,8,55,0.0,440.0
2025-08-15,Laptop,West,7,650,0.1,4095.0
2025-08-15,Laptop,North,7,650,0.0,4550.0
2025-08-15,Laptop,South,6,650,0.1,3510.0
2025-08-15,Laptop,East,11,650,0.0,7150.0
2025-08-15,Monitor,West,11,220,0.0,2420.0
2025-08-15,Monitor,North,3,220,0.0,660.0
2025-08-15,Monitor,South,10,220,0.0,2200.0
2025-08-15,Monitor,East,9,220,0.0,1980.0
2025-08-15,Keyboard,West,24,45,0.05,1026.0
2025-08-15,Keyboard,North,19,45,0.0,855.0
2025-08-15,Keyboard,South,17,45,0.0,765.0
2025-08-15,Keyboard,East,9,45,0.05,384.75
2025-08-15,Mouse,West,28,25,0.15,595.0
2025-08-15,Mouse,North,12,25,0.05,285.0
2025-08-15,Mouse,South,18,25,0.0,450.0
2025-08-15,Mouse,East,25,25,0.0,625.0
2025-08-15,Headset,West,12,60,0.05,684.0
2025-08-15,Headset,North,7,60,0.1,378.0
2025-08-15,Headset,South,6,60,0.0,360.0
2025-08-15,Headset,East,9,60,0.0,540.0
2025-08-15,Printer,West,10,180,0.0,1800.0
2025-08-15,Printer,North,5,180,0.1,810.0
2025-08-15,Printer,South,10,180,0.0,1800.0
2025-08-15,Printer,East,6,180,0.0,1080.0
2025-08-15,Router,West,25,80,0.0,2000.0
2025-08-15,Router,North,6,80,0.0,480.0
2025-08-15,Router,South,12,80,0.0,960.0
2025-08-15,Router,East,12,80,0.15,816.0
2025-08-15,Webcam,West,12,55,0.05,627.0
2025-08-15,Webcam,North,7,55,0.0,385.0
2025-08-15,Webcam,South,10,55,0.0,550.0
2025-08-15,Webcam,East,4,55,0.05,209.0
2025-08-16,Laptop,West,4,650,0.05,2470.0
2025-08-16,Laptop,North,13,650,0.0,8450.0
2025-08-16,Laptop,South,6,650,0.0,3900.0
2025-08-16,Laptop,East,9,650,0.05,5557.5
2025-08-16,Monitor,West,6,220,0.1,1188.0
2025-08-16,Monitor,North,9,220,0.05,1881.0
2025-08-16,Monitor,South,7,220,0.0,1540.0
2025-08-16,Monitor,East,13,220,0.05,2717.0
2025-08-16,Keyboard,West,15,45,0.1,607.5
2025-08-16,Keyboard,North,16,45,0.1,648.0
2025-08-16,Keyboard,South,11,45,0.05,470.25
2025-08-16,Keyboard,East,13,45,0.0,585.0
2025-08-16,Mouse,West,17,25,0.15,361.25
2025-08-16,Mouse,North,20,25,0.05,475.0
2025-08-16,Mouse,South,22,25,0.0,550.0
2025-08-16,Mouse,East,23,25,0.0,575.0
2025-08-16,Headset,West,12,60,0.05,684.0
2025-08-16,Headset,North,12,60,0.0,720.0
2025-08-16,Headset,South,9,60,0.05,513.0
2025-08-16,Headset,East,12,60,0.1,648.0
2025-08-16,Printer,West,8,180,0.0,1440.0
2025-08-16,Printer,North,1,180,0.0,180.0
2025-08-16,Printer,South,3,180,0.0,540.0
2025-08-16,Printer,East,8,180,0.0,1440.0
2025-08-16,Router,West,15,80,0.1,1080.0
2025-08-16,Router,North,9,80,0.0,720.0
2025-08-16,Router,South,12,80,0.1,864.0
2025-08-16,Router,East,16,80,0.0,1280.0
2025-08-16,Webcam,West,16,55,0.0,880.0
2025-08-16,Webcam,North,5,55,0.05,261.25
2025-08-16,Webcam,South,10,55,0.0,550.0
2025-08-16,Webcam,East,13,55,0.0,715.0
2025-08-17,Laptop,West,9,650,0.05,5557.5
2025-08-17,Laptop,North,3,650,0.05,1852.5
2025-08-17,Laptop,South,12,650,0.05,7410.0
2025-08-17,Laptop,East,8,650,0.1,4680.0
2025-08-17,Monitor,West,12,220,0.0,2640.0
2025-08-17,Monitor,North,14,220,0.05,2926.0
2025-08-17,Monitor,South,5,220,0.0,1100.0
2025-08-17,Monitor,East,7,220,0.05,1463.0
2025-08-17,Keyboard,West,15,45,0.15,573.75
2025-08-17,Keyboard,North,6,45,0.0,270.0
2025-08-17,Keyboard,South,13,45,0.05,555.75
2025-08-17,Keyboard,East,24,45,0.0,1080.0
2025-08-17,Mouse,West,29,25,0.0,725.0
2025-08-17,Mouse,North,24,25,0.1,540.0
2025-08-17,Mouse,South,11,25,0.05,261.25
2025-08-17,Mouse,East,19,25,0.0,475.0
2025-08-17,Headset,West,16,60,0.0,960.0
2025-08-17,Headset,North,15,60,0.1,810.0
2025-08-17,Headset,South,7,60,0.0,420.0
2025-08-17,Headset,East,9,60,0.1,486.0
2025-08-17,Printer,West,5,180,0.05,855.0
2025-08-17,Printer,North,5,180,0.0,900.0
2025-08-17,Printer,South,3,180,0.0,540.0
2025-08-17,Printer,East,7,180,0.05,1197.0
2025-08-17,Router,West,12,80,0.1,864.0
2025-08-17,Router,North,15,80,0.0,1200.0
2025-08-17,Router,South,15,80,0.0,1200.0
2025-08-17,Router,East,17,80,0.05,1292.0
2025-08-17,Webcam,West,10,55,0.0,550.0
2025-08-17,Webcam,North,4,55,0.1,198.0
2025-08-17,Webcam,South,5,55,0.05,261.25
2025-08-17,Webcam,East,8,55,0.0,440.0
2025-08-18,Laptop,West,8,650,0.05,4940.0
2025-08-18,Laptop,North,8,650,0.0,5200.0
2025-08-18,Laptop,South,4,650,0.05,2470.0
2025-08-18,Laptop,East,8,650,0.0,5200.0
2025-08-18,Monitor,West,8,220,0.1,1584.0
2025-08-18,Monitor,North,11,220,0.1,2178.0
2025-08-18,Monitor,South,13,220,0.05,2717.0
2025-08-18,Monitor,East,6,220,0.0,1320.0
2025-08-18,Keyboard,West,13,45,0.05,555.75
2025-08-18,Keyboard,North,15,45,0.0,675.0
2025-08-18,Keyboard,South,11,45,0.1,445.5
2025-08-18,Keyboard,East,21,45,0.1,850.5
2025-08-18,Mouse,West,22,25,0.15,467.5
2025-08-18,Mouse,North,22,25,0.1,495.0
2025-08-18,Mouse,South,18,25,0.05,427.5
2025-08-18,Mouse,East,18,25,0.05,427.5
2025-08-18,Headset,West,7,60,0.0,420.0
2025-08-18,Headset,North,11,60,0.15,561.0
2025-08-18,Headset,South,5,60,0.0,300.0
2025-08-18,Headset,East,11,60,0.05,627.0
2025-08-18,Printer,West,5,180,0.1,810.0
2025-08-18,Printer,North,7,180,0.0,1260.0
2025-08-18,Printer,South,3,180,0.05,513.0
2025-08-18,Printer,East,10,180,0.0,1800.0
2025-08-18,Router,West,12,80,0.0,960.0
2025-08-18,Router,North,16,80,0.05,1216.0
2025-08-18,Router,South,11,80,0.05,836.0
2025-08-18,Router,East,14,80,0.0,1120.0
2025-08-18,Webcam,West,8,55,0.05,418.0
2025-08-18,Webcam,North,5,55,0.1,247.5
2025-08-18,Webcam,South,9,55,0.0,495.0
2025-08-18,Webcam,East,9,55,0.0,495.0
2025-08-19,Laptop,West,8,650,0.0,5200.0
2025-08-19,Laptop,North,6,650,0.0,3900.0
2025-08-19,Laptop,South,5,650,0.1,2925.0
2025-08-19,Laptop,East,8,650,0.0,5200.0
2025-08-19,Monitor,West,4,220,0.0,880.0
2025-08-19,Monitor,North,10,220,0.0,2200.0
2025-08-19,Monitor,South,6,220,0.1,1188.0
2025-08-19,Monitor,East,7,220,0.05,1463.0
2025-08-19,Keyboard,West,15,45,0.05,641.25
2025-08-19,Keyboard,North,21,45,0.0,945.0
2025-08-19,Keyboard,South,8,45,0.1,324.0
2025-08-19,Keyboard,East,24,45,0.05,1026.0
2025-08-19,Mouse,West,31,25,0.0,775.0
2025-08-19,Mouse,North,19,25,0.05,451.25
2025-08-19,Mouse,South,19,25,0.05,451.25
2025-08-19,Mouse,East,30,25,0.05,712.5
2025-08-19,Headset,West,10,60,0.05,570.0
2025-08-19,Headset,North,9,60,0.0,540.0
2025-08-19,Headset,South,11,60,0.1,594.0
2025-08-19,Headset,East,12,60,0.1,648.0
2025-08-19,Printer,West,12,180,0.1,1944.0
2025-08-19,Printer,North,7,180,0.1,1134.0
2025-08-19,Printer,South,2,180,0.0,360.0
2025-08-19,Printer,East,3,180,0.1,486.0
2025-08-19,Router,West,12,80,0.0,960.0
2025-08-19,Router,North,10,80,0.1,720.0
2025-08-19,Router,South,11,80,0.1,792.0
2025-08-19,Router,East,9,80,0.0,720.0
2025-08-19,Webcam,West,9,55,0.1,445.5
2025-08-19,Webcam,North,9,55,0.1,445.5
2025-08-19,Webcam,South,8,55,0.1,396.0
2025-08-19,Webcam,East,3,55,0.05,156.75
2025-08-20,Laptop,West,5,650,0.1,2925.0
2025-08-20,Laptop,North,3,650,0.05,1852.5
2025-08-20,Laptop,South,5,650,0.0,3250.0
2025-08-20,Laptop,East,9,650,0.05,5557.5
2025-08-20,Monitor,West,14,220,0.1,2772.0
2025-08-20,Monitor,North,10,220,0.1,1980.0
2025-08-20,Monitor,South,8,220,0.1,1584.0
2025-08-20,Monitor,East,8,220,0.05,1672.0
2025-08-20,Keyboard,West,15,45,0.1,607.5
2025-08-20,Keyboard,North,16,45,0.05,684.0
2025-08-20,Keyboard,South,11,45,0.15,420.75
2025-08-20,Keyboard,East,18,45,0.0,810.0
2025-08-20,Mouse,West,24,25,0.0,600.0
2025-08-20,Mouse,North,19,25,0.0,475.0
2025-08-20,Mouse,South,20,25,0.0,500.0
2025-08-20,Mouse,East,15,25,0.0,375.0
2025-08-20,Headset,West,12,60,0.05,684.0
2025-08-20,Headset,North,11,60,0.0,660.0
2025-08-20,Headset,South,9,60,0.0,540.0
2025-08-20,Headset,East,7,60,0.1,378.0
2025-08-20,Printer,West,9,180,0.1,1458.0
2025-08-20,Printer,North,4,180,0.0,720.0
2025-08-20,Printer,South,5,180,0.05,855.0
2025-08-20,Printer,East,5,180,0.05,855.0
2025-08-20,Router,West,16,80,0.0,1280.0
2025-08-20,Router,North,14,80,0.1,1008.0
2025-08-20,Router,South,9,80,0.1,648.0
2025-08-20,Router,East,18,80,0.1,1296.0
2025-08-20,Webcam,West,17,55,0.0,935.0
2025-08-20,Webcam,North,7,55,0.1,346.5
2025-08-20,Webcam,South,6,55,0.0,330.0
2025-08-20,Webcam,East,4,55,0.05,209.0
2025-08-21,Laptop,West,6,650,0.05,3705.0
2025-08-21,Laptop,North,7,650,0.0,4550.0
2025-08-21,Laptop,South,5,650,0.0,3250.0
2025-08-21,Laptop,East,10,650,0.0,6500.0
2025-08-21,Monitor,West,8,220,0.0,1760.0
2025-08-21,Monitor,North,9,220,0.1,1782.0
2025-08-21,Monitor,South,5,220,0.05,1045.0
2025-08-21,Monitor,East,11,220,0.0,2420.0
2025-08-21,Keyboard,West,14,45,0.05,598.5
2025-08-21,Keyboard,North,13,45,0.0,585.0
2025-08-21,Keyboard,South,16,45,0.05,684.0
2025-08-21,Keyboard,East,20,45,0.15,765.0
2025-08-21,Mouse,West,14,25,0.0,350.0
2025-08-21,Mouse,North,25,25,0.0,625.0
2025-08-21,Mouse,South,16,25,0.15,340.0
2025-08-21,Mouse,East,21,25,0.05,498.75
2025-08-21,Headset,West,10,60,0.05,570.0
2025-08-21,Headset,North,17,60,0.0,1020.0
2025-08-21,Headset,South,14,60,0.1,756.0
2025-08-21,Headset,East,14,60,0.0,840.0
2025-08-21,Printer,West,8,180,0.1,1296.0
2025-08-21,Printer,North,8,180,0.1,1296.0
2025-08-21,Printer,South,2,180,0.05,342.0
2025-08-21,Printer,East,5,180,0.0,900.0
2025-08-21,Router,West,16,80,0.05,1216.0
2025-08-21,Router,North,13,80,0.0,1040.0
2025-08-21,Router,South,13,80,0.05,988.0
2025-08-21,Router,East,13,80,0.0,1040.0
2025-08-21,Webcam,West,10,55,0.05,522.5
2025-08-21,Webcam,North,7,55,0.0,385.0
2025-08-21,Webcam,South,7,55,0.05,365.75
2025-08-21,Webcam,East,9,55,0.05,470.25
2025-08-22,Laptop,West,5,650,0.0,3250.0
2025-08-22,Laptop,North,4,650,0.1,2340.0
2025-08-22,Laptop,South,6,650,0.0,3900.0
2025-08-22,Laptop,East,9,650,0.15,4972.5
2025-08-22,Monitor,West,6,220,0.0,1320.0
2025-08-22,Monitor,North,11,220,0.0,2420.0
2025-08-22,Monitor,South,10,220,0.0,2200.0
2025-08-22,Monitor,East,12,220,0.0,2640.0
2025-08-22,Keyboard,West,19,45,0.05,812.25
2025-08-22,Keyboard,North,19,45,0.15,726.75
2025-08-22,Keyboard,South,20,45,0.0,900.0
2025-08-22,Keyboard,East,14,45,0.0,630.0
2025-08-22,Mouse,West,24,25,0.0,600.0
2025-08-22,Mouse,North,14,25,0.05,332.5
2025-08-22,Mouse,South,17,25,0.0,425.0
2025-08-22,Mouse,East,31,25,0.05,736.25
2025-08-22,Headset,West,9,60,0.0,540.0
2025-08-22,Headset,North,18,60,0.0,1080.0
2025-08-22,Headset,South,15,60,0.0,900.0
2025-08-22,Headset,East,8,60,0.0,480.0
2025-08-22,Printer,West,2,180,0.0,360.0
2025-08-22,Printer,North,9,180,0.0,1620.0
2025-08-22,Printer,South,5,180,0.0,900.0
2025-08-22,Printer,East,3,180,0.15,459.0
2025-08-22,Router,West,19,80,0.05,1444.0
2025-08-22,Router,North,11,80,0.05,836.0
2025-08-22,Router,South,6,80,0.1,432.0
2025-08-22,Router,East,15,80,0.1,1080.0
2025-08-22,Webcam,West,9,55,0.15,420.75
2025-08-22,Webcam,North,10,55,0.05,522.5
2025-08-22,Webcam,South,10,55,0.05,522.5
2025-08-22,Webcam,East,6,55,0.0,330.0
2025-08-23,Laptop,West,15,650,0.05,9262.5
2025-08-23,Laptop,North,10,650,0.1,5850.0
2025-08-23,Laptop,South,11,650,0.0,7150.0
2025-08-23,Laptop,East,10,650,0.0,6500.0
2025-08-23,Monitor,West,12,220,0.0,2640.0
2025-08-23,Monitor,North,11,220,0.05,2299.0
2025-08-23,Monitor,South,9,220,0.05,1881.0
2025-08-23,Monitor,East,7,220,0.0,1540.0
2025-08-23,Keyboard,West,24,45,0.15,918.0
2025-08-23,Keyboard,North,12,45,0.0,540.0
2025-08-23,Keyboard,South,9,45,0.05,384.75
2025-08-23,Keyboard,East,14,45,0.0,630.0
2025-08-23,Mouse,West,24,25,0.0,600.0
2025-08-23,Mouse,North,17,25,0.05,403.75
2025-08-23,Mouse,South,14,25,0.0,350.0
2025-08-23,Mouse,East,16,25,0.0,400.0
2025-08-23,Headset,West,9,60,0.0,540.0
2025-08-23,Headset,North,6,60,0.05,342.0
2025-08-23,Headset,South,5,60,0.05,285.0
2025-08-23,Headset,East,12,60,0.1,648.0
2025-08-23,Printer,West,6,180,0.0,1080.0
2025-08-23,Printer,North,7,180,0.05,1197.0
2025-08-23,Printer,South,3,180,0.1,486.0
2025-08-23,Printer,East,3,180,0.0,540.0
2025-08-23,Router,West,14,80,0.05,1064.0
2025-08-23,Router,North,14,80,0.0,1120.0
2025-08-23,Router,South,12,80,0.0,960.0
2025-08-23,Router,East,11,80,0.0,880.0
2025-08-23,Webcam,West,12,55,0.0,660.0
2025-08-23,Webcam,North,8,55,0.1,396.0
2025-08-23,Webcam,South,9,55,0.1,445.5
2025-08-23,Webcam,East,10,55,0.1,495.0
2025-08-24,Laptop,West,8,650,0.0,5200.0
2025-08-24,Laptop,North,6,650,0.0,3900.0
2025-08-24,Laptop,South,7,650,0.05,4322.5
2025-08-24,Laptop,East,7,650,0.05,4322.5
2025-08-24,Monitor,West,11,220,0.1,2178.0
2025-08-24,Monitor,North,11,220,0.0,2420.0
2025-08-24,Monitor,South,12,220,0.15,2244.0
2025-08-24,Monitor,East,10,220,0.1,1980.0
2025-08-24,Keyboard,West,19,45,0.0,855.0
2025-08-24,Keyboard,North,18,45,0.0,810.0
2025-08-24,Keyboard,South,12,45,0.1,486.0
2025-08-24,Keyboard,East,19,45,0.1,769.5
2025-08-24,Mouse,West,19,25,0.05,451.25
2025-08-24,Mouse,North,13,25,0.05,308.75
2025-08-24,Mouse,South,17,25,0.05,403.75
2025-08-24,Mouse,East,21,25,0.0,525.0
2025-08-24,Headset,West,12,60,0.1,648.0
2025-08-24,Headset,North,14,60,0.1,756.0
2025-08-24,Headset,South,6,60,0.0,360.0
2025-08-24,Headset,East,9,60,0.0,540.0
2025-08-24,Printer,West,4,180,0.05,684.0
2025-08-24,Printer,North,4,180,0.05,684.0
2025-08-24,Printer,South,1,180,0.05,171.0
2025-08-24,Printer,East,9,180,0.05,1539.0
2025-08-24,Router,West,12,80,0.15,816.0
2025-08-24,Router,North,9,80,0.05,684.0
2025-08-24,Router,South,9,80,0.0,720.0
2025-08-24,Router,East,6,80,0.0,480.0
2025-08-24,Webcam,West,6,55,0.1,297.0
2025-08-24,Webcam,North,8,55,0.0,440.0
2025-08-24,Webcam,South,5,55,0.1,247.5
2025-08-24,Webcam,East,8,55,0.0,440.0
2025-08-25,Laptop,West,11,650,0.1,6435.0
2025-08-25,Laptop,North,5,650,0.0,3250.0
2025-08-25,Laptop,South,2,650,0.05,1235.0
2025-08-25,Laptop,East,7,650,0.1,4095.0
2025-08-25,Monitor,West,8,220,0.0,1760.0
2025-08-25,Monitor,North,9,220,0.05,1881.0
2025-08-25,Monitor,South,7,220,0.0,1540.0
2025-08-25,Monitor,East,6,220,0.1,1188.0
2025-08-25,Keyboard,West,21,45,0.0,945.0
2025-08-25,Keyboard,North,7,45,0.0,315.0
2025-08-25,Keyboard,South,15,45,0.0,675.0
2025-08-25,Keyboard,East,21,45,0.0,945.0
2025-08-25,Mouse,West,26,25,0.0,650.0
2025-08-25,Mouse,North,20,25,0.0,500.0
2025-08-25,Mouse,South,15,25,0.1,337.5
2025-08-25,Mouse,East,30,25,0.0,750.0
2025-08-25,Headset,West,12,60,0.0,720.0
2025-08-25,Headset,North,14,60,0.05,798.0
2025-08-25,Headset,South,8,60,0.0,480.0
2025-08-25,Headset,East,10,60,0.0,600.0
2025-08-25,Printer,West,4,180,0.1,648.0
2025-08-25,Printer,North,5,180,0.1,810.0
2025-08-25,Printer,South,3,180,0.0,540.0
2025-08-25,Printer,East,6,180,0.1,972.0
2025-08-25,Router,West,21,80,0.15,1428.0
2025-08-25,Router,North,10,80,0.05,760.0
2025-08-25,Router,South,9,80,0.05,684.0
2025-08-25,Router,East,9,80,0.05,684.0
2025-08-25,Webcam,West,12,55,0.05,627.0
2025-08-25,Webcam,North,6,55,0.05,313.5
2025-08-25,Webcam,South,8,55,0.0,440.0
2025-08-25,Webcam,East,9,55,0.05,470.25
2025-08-26,Laptop,West,8,650,0.0,5200.0
2025-08-26,Laptop,North,8,650,0.0,5200.0
2025-08-26,Laptop,South,3,650,0.0,1950.0
2025-08-26,Laptop,East,10,650,0.0,6500.0
2025-08-26,Monitor,West,13,220,0.0,2860.0
2025-08-26,Monitor,North,5,220,0.05,1045.0
2025-08-26,Monitor,South,9,220,0.0,1980.0
2025-08-26,Monitor,East,11,220,0.05,2299.0
2025-08-26,Keyboard,West,20,45,0.0,900.0
2025-08-26,Keyboard,North,19,45,0.1,769.5
2025-08-26,Keyboard,South,10,45,0.0,450.0
2025-08-26,Keyboard,East,15,45,0.1,607.5
2025-08-26,Mouse,West,16,25,0.0,400.0
2025-08-26,Mouse,North,22,25,0.05,522.5
2025-08-26,Mouse,South,13,25,0.05,308.75
2025-08-26,Mouse,East,21,25,0.1,472.5
2025-08-26,Headset,West,7,60,0.05,399.0
2025-08-26,Headset,North,10,60,0.05,570.0
2025-08-26,Headset,South,9,60,0.05,513.0
2025-08-26,Headset,East,10,60,0.05,570.0
2025-08-26,Printer,West,4,180,0.05,684.0
2025-08-26,Printer,North,3,180,0.0,540.0
2025-08-26,Printer,South,7,180,0.0,1260.0
2025-08-26,Printer,East,4,180,0.0,720.0
2025-08-26,Router,West,14,80,0.0,1120.0
2025-08-26,Router,North,19,80,0.1,1368.0
2025-08-26,Router,South,11,80,0.0,880.0
2025-08-26,Router,East,16,80,0.0,1280.0
2025-08-26,Webcam,West,5,55,0.05,261.25
2025-08-26,Webcam,North,7,55,0.1,346.5
2025-08-26,Webcam,South,5,55,0.05,261.25
2025-08-26,Webcam,East,10,55,0.05,522.5
2025-08-27,Laptop,West,9,650,0.05,5557.5
2025-08-27,Laptop,North,9,650,0.1,5265.0
2025-08-27,Laptop,South,9,650,0.05,5557.5
2025-08-27,Laptop,East,6,650,0.0,3900.0
2025-08-27,Monitor,West,12,220,0.0,2640.0
2025-08-27,Monitor,North,5,220,0.0,1100.0
2025-08-27,Monitor,South,7,220,0.05,1463.0
2025-08-27,Monitor,East,12,220,0.05,2508.0
2025-08-27,Keyboard,West,6,45,0.05,256.5
2025-08-27,Keyboard,North,17,45,0.1,688.5
2025-08-27,Keyboard,South,9,45,0.0,405.0
2025-08-27,Keyboard,East,19,45,0.0,855.0
2025-08-27,Mouse,West,23,25,0.0,575.0
2025-08-27,Mouse,North,27,25,0.0,675.0
2025-08-27,Mouse,South,17,25,0.1,382.5
2025-08-27,Mouse,East,22,25,0.0,550.0
2025-08-27,Headset,West,12,60,0.0,720.0
2025-08-27,Headset,North,13,60,0.0,780.0
2025-08-27,Headset,South,10,60,0.05,570.0
2025-08-27,Headset,East,13,60,0.0,780.0
2025-08-27,Printer,West,4,180,0.1,648.0
2025-08-27,Printer,North,5,180,0.0,900.0
2025-08-27,Printer,South,4,180,0.1,648.0
2025-08-27,Printer,East,9,180,0.0,1620.0
2025-08-27,Router,West,23,80,0.0,1840.0
2025-08-27,Router,North,10,80,0.0,800.0
2025-08-27,Router,South,11,80,0.0,880.0
2025-08-27,Router,East,17,80,0.0,1360.0
2025-08-27,Webcam,West,8,55,0.0,440.0
2025-08-27,Webcam,North,5,55,0.0,275.0
2025-08-27,Webcam,South,2,55,0.0,110.0
2025-08-27,Webcam,East,4,55,0.05,209.0
2025-08-28,Laptop,West,11,650,0.05,6792.5
2025-08-28,Laptop,North,8,650,0.0,5200.0
2025-08-28,Laptop,South,6,650,0.1,3510.0
2025-08-28,Laptop,East,5,650,0.0,3250.0
2025-08-28,Monitor,West,8,220,0.05,1672.0
2025-08-28,Monitor,North,10,220,0.0,2200.0
2025-08-28,Monitor,South,11,220,0.0,2420.0
2025-08-28,Monitor,East,10,220,0.0,2200.0
2025-08-28,Keyboard,West,20,45,0.0,900.0
2025-08-28,Keyboard,North,15,45,0.05,641.25
2025-08-28,Keyboard,South,8,45,0.0,360.0
2025-08-28,Keyboard,East,10,45,0.0,450.0
2025-08-28,Mouse,West,26,25,0.0,650.0
2025-08-28,Mouse,North,19,25,0.1,427.5
2025-08-28,Mouse,South,14,25,0.1,315.0
2025-08-28,Mouse,East,20,25,0.0,500.0
2025-08-28,Headset,West,7,60,0.0,420.0
2025-08-28,Headset,North,8,60,0.05,456.0
2025-08-28,Headset,South,11,60,0.15,561.0
2025-08-28,Headset,East,14,60,0.0,840.0
2025-08-28,Printer,West,5,180,0.0,900.0
2025-08-28,Printer,North,5,180,0.05,855.0
2025-08-28,Printer,South,7,180,0.05,1197.0
2025-08-28,Printer,East,8,180,0.0,1440.0
2025-08-28,Router,West,12,80,0.0,960.0
2025-08-28,Router,North,10,80,0.0,800.0
2025-08-28,Router,South,7,80,0.0,560.0
2025-08-28,Router,East,13,80,0.0,1040.0
2025-08-28,Webcam,West,13,55,0.0,715.0
2025-08-28,Webcam,North,7,55,0.05,365.75
2025-08-28,Webcam,South,1,55,0.05,52.25
2025-08-28,Webcam,East,11,55,0.15,514.25
2025-08-29,Laptop,West,5,650,0.15,2762.5
2025-08-29,Laptop,North,6,650,0.1,3510.0
2025-08-29,Laptop,South,3,650,0.05,1852.5
2025-08-29,Laptop,East,6,650,0.0,3900.0
2025-08-29,Monitor,West,11,220,0.05,2299.0
2025-08-29,Monitor,North,8,220,0.05,1672.0
2025-08-29,Monitor,South,3,220,0.0,660.0
2025-08-29,Monitor,East,9,220,0.05,1881.0
2025-08-29,Keyboard,West,22,45,0.0,990.0
2025-08-29,Keyboard,North,20,45,0.05,855.0
2025-08-29,Keyboard,South,16,45,0.05,684.0
2025-08-29,Keyboard,East,16,45,0.05,684.0
2025-08-29,Mouse,West,24,25,0.0,600.0
2025-08-29,Mouse,North,15,25,0.05,356.25
2025-08-29,Mouse,South,15,25,0.05,356.25
2025-08-29,Mouse,East,13,25,0.05,308.75
2025-08-29,Headset,West,10,60,0.0,600.0
2025-08-29,Headset,North,14,60,0.0,840.0
2025-08-29,Headset,South,15,60,0.15,765.0
2025-08-29,Headset,East,9,60,0.05,513.0
2025-08-29,Printer,West,5,180,0.1,810.0
2025-08-29,Printer,North,2,180,0.1,324.0
2025-08-29,Printer,South,4,180,0.0,720.0
2025-08-29,Printer,East,3,180,0.05,513.0
2025-08-29,Router,West,15,80,0.1,1080.0
2025-08-29,Router,North,12,80,0.0,960.0
2025-08-29,Router,South,12,80,0.05,912.0
2025-08-29,Router,East,17,80,0.1,1224.0
2025-08-29,Webcam,West,7,55,0.0,385.0
2025-08-29,Webcam,North,3,55,0.05,156.75
2025-08-29,Webcam,South,6,55,0.15,280.5
2025-08-29,Webcam,East,8,55,0.0,440.0
2025-08-30,Laptop,West,6,650,0.0,3900.0
2025-08-30,Laptop,North,5,650,0.0,3250.0
2025-08-30,Laptop,South,6,650,0.0,3900.0
2025-08-30,Laptop,East,6,650,0.0,3900.0
2025-08-30,Monitor,West,12,220,0.1,2376.0
2025-08-30,Monitor,North,13,220,0.1,2574.0
2025-08-30,Monitor,South,10,220,0.0,2200.0
2025-08-30,Monitor,East,9,220,0.05,1881.0
2025-08-30,Keyboard,West,16,45,0.1,648.0
2025-08-30,Keyboard,North,18,45,0.1,729.0
2025-08-30,Keyboard,South,18,45,0.0,810.0
2025-08-30,Keyboard,East,18,45,0.0,810.0
2025-08-30,Mouse,West,20,25,0.05,475.0
2025-08-30,Mouse,North,18,25,0.1,405.0
2025-08-30,Mouse,South,19,25,0.0,475.0
2025-08-30,Mouse,East,20,25,0.1,450.0
2025-08-30,Headset,West,13,60,0.0,780.0
2025-08-30,Headset,North,11,60,0.0,660.0
2025-08-30,Headset,South,11,60,0.0,660.0
2025-08-30,Headset,East,14,60,0.0,840.0
2025-08-30,Printer,West,4,180,0.1,648.0
2025-08-30,Printer,North,4,180,0.1,648.0
2025-08-30,Printer,South,1,180,0.0,180.0
2025-08-30,Printer,East,5,180,0.0,900.0
2025-08-30,Router,West,20,80,0.05,1520.0
2025-08-30,Router,North,13,80,0.0,1040.0
2025-08-30,Router,South,15,80,0.05,1140.0
2025-08-30,Router,East,11,80,0.0,880.0
2025-08-30,Webcam,West,11,55,0.0,605.0
2025-08-30,Webcam,North,11,55,0.1,544.5
2025-08-30,Webcam,South,7,55,0.0,385.0
2025-08-30,Webcam,East,6,55,0.0,330.0
2025-08-31,Laptop,West,11,650,0.1,6435.0
2025-08-31,Laptop,North,5,650,0.05,3087.5
2025-08-31,Laptop,South,8,650,0.05,4940.0
2025-08-31,Laptop,East,3,650,0.1,1755.0
2025-08-31,Monitor,West,10,220,0.05,2090.0
2025-08-31,Monitor,North,5,220,0.0,1100.0
2025-08-31,Monitor,South,8,220,0.0,1760.0
2025-08-31,Monitor,East,9,220,0.05,1881.0
2025-08-31,Keyboard,West,26,45,0.0,1170.0
2025-08-31,Keyboard,North,7,45,0.0,315.0
2025-08-31,Keyboard,South,13,45,0.0,585.0
2025-08-31,Keyboard,East,19,45,0.0,855.0
2025-08-31,Mouse,West,21,25,0.1,472.5
2025-08-31,Mouse,North,17,25,0.1,382.5
2025-08-31,Mouse,South,21,25,0.05,498.75
2025-08-31,Mouse,East,28,25,0.0,700.0
2025-08-31,Headset,West,9,60,0.0,540.0
2025-08-31,Headset,North,13,60,0.05,741.0
2025-08-31,Headset,South,11,60,0.1,594.0
2025-08-31,Headset,East,13,60,0.05,741.0
2025-08-31,Printer,West,5,180,0.0,900.0
2025-08-31,Printer,North,6,180,0.0,1080.0
2025-08-31,Printer,South,5,180,0.0,900.0
2025-08-31,Printer,East,7,180,0.0,1260.0
2025-08-31,Router,West,8,80,0.05,608.0
2025-08-31,Router,North,14,80,0.05,1064.0
2025-08-31,Router,South,8,80,0.1,576.0
2025-08-31,Router,East,16,80,0.0,1280.0
2025-08-31,Webcam,West,9,55,0.05,470.25
2025-08-31,Webcam,North,4,55,0.0,220.0
2025-08-31,Webcam,South,5,55,0.1,247.5
2025-08-31,Webcam,East,7,55,0.1,346.5
2025-09-01,Laptop,West,10,650,0.0,6500.0
2025-09-01,Laptop,North,8,650,0.05,4940.0
2025-09-01,Laptop,South,5,650,0.0,3250.0
2025-09-01,Laptop,East,6,650,0.0,3900.0
2025-09-01,Monitor,West,8,220,0.1,1584.0
2025-09-01,Monitor,North,11,220,0.05,2299.0
2025-09-01,Monitor,South,5,220,0.05,1045.0
2025-09-01,Monitor,East,8,220,0.0,1760.0
2025-09-01,Keyboard,West,23,45,0.0,1035.0
2025-09-01,Keyboard,North,17,45,0.0,765.0
2025-09-01,Keyboard,South,13,45,0.05,555.75
2025-09-01,Keyboard,East,17,45,0.05,726.75
2025-09-01,Mouse,West,20,25,0.0,500.0
2025-09-01,Mouse,North,17,25,0.05,403.75
2025-09-01,Mouse,South,15,25,0.05,356.25
2025-09-01,Mouse,East,16,25,0.05,380.0
2025-09-01,Headset,West,10,60,0.05,570.0
2025-09-01,Headset,North,15,60,0.05,855.0
2025-09-01,Headset,South,9,60,0.0,540.0
2025-09-01,Headset,East,9,60,0.05,513.0
2025-09-01,Printer,West,5,180,0.0,900.0
2025-09-01,Printer,North,7,180,0.0,1260.0
2025-09-01,Printer,South,4,180,0.0,720.0
2025-09-01,Printer,East,4,180,0.0,720.0
2025-09-01,Router,West,16,80,0.15,1088.0
2025-09-01,Router,North,14,80,0.0,1120.0
2025-09-01,Router,South,11,80,0.0,880.0
2025-09-01,Router,East,13,80,0.05,988.0
2025-09-01,Webcam,West,5,55,0.1,247.5
2025-09-01,Webcam,North,8,55,0.0,440.0
2025-09-01,Webcam,South,13,55,0.0,715.0
2025-09-01,Webcam,East,11,55,0.0,605.0
2025-09-02,Laptop,West,5,650,0.05,3087.5
2025-09-02,Laptop,North,9,650,0.0,5850.0
2025-09-02,Laptop,South,8,650,0.1,4680.0
2025-09-02,Laptop,East,4,650,0.05,2470.0
2025-09-02,Monitor,West,20,220,0.0,4400.0
2025-09-02,Monitor,North,5,220,0.05,1045.0
2025-09-02,Monitor,South,8,220,0.0,1760.0
2025-09-02,Monitor,East,9,220,0.0,1980.0
2025-09-02,Keyboard,West,24,45,0.0,1080.0
2025-09-02,Keyboard,North,13,45,0.0,585.0
2025-09-02,Keyboard,South,7,45,0.1,283.5
2025-09-02,Keyboard,East,15,45,0.0,675.0
2025-09-02,Mouse,West,24,25,0.05,570.0
2025-09-02,Mouse,North,16,25,0.0,400.0
2025-09-02,Mouse,South,15,25,0.0,375.0
2025-09-02,Mouse,East,16,25,0.0,400.0
2025-09-02,Headset,West,9,60,0.05,513.0
2025-09-02,Headset,North,16,60,0.05,912.0
2025-09-02,Headset,South,7,60,0.15,357.0
2025-09-02,Headset,East,12,60,0.05,684.0
2025-09-02,Printer,West,6,180,0.0,1080.0
2025-09-02,Printer,North,10,180,0.1,1620.0
2025-09-02,Printer,South,5,180,0.05,855.0
2025-09-02,Printer,East,3,180,0.05,513.0
2025-09-02,Router,West,12,80,0.1,864.0
2025-09-02,Router,North,15,80,0.1,1080.0
2025-09-02,Router,South,8,80,0.0,640.0
2025-09-02,Router,East,12,80,0.05,912.0
2025-09-02,Webcam,West,4,55,0.05,209.0
2025-09-02,Webcam,North,6,55,0.1,297.0
2025-09-02,Webcam,South,7,55,0.1,346.5
2025-09-02,Webcam,East,9,55,0.05,470.25
2025-09-03,Laptop,West,8,650,0.0,5200.0
2025-09-03,Laptop,North,7,650,0.1,4095.0
2025-09-03,Laptop,South,7,650,0.05,4322.5
2025-09-03,Laptop,East,7,650,0.0,4550.0
2025-09-03,Monitor,West,10,220,0.05,2090.0
2025-09-03,Monitor,North,7,220,0.0,1540.0
2025-09-03,Monitor,South,9,220,0.0,1980.0
2025-09-03,Monitor,East,14,220,0.05,2926.0
2025-09-03,Keyboard,West,19,45,0.0,855.0
2025-09-03,Keyboard,North,12,45,0.1,486.0
2025-09-03,Keyboard,South,11,45,0.0,495.0
2025-09-03,Keyboard,East,11,45,0.0,495.0
2025-09-03,Mouse,West,24,25,0.05,570.0
2025-09-03,Mouse,North,19,25,0.15,403.75
2025-09-03,Mouse,South,18,25,0.0,450.0
2025-09-03,Mouse,East,15,25,0.05,356.25
2025-09-03,Headset,West,12,60,0.1,648.0
2025-09-03,Headset,North,6,60,0.05,342.0
2025-09-03,Headset,South,11,60,0.0,660.0
2025-09-03,Headset,East,9,60,0.1,486.0
2025-09-03,Printer,West,9,180,0.1,1458.0
2025-09-03,Printer,North,5,180,0.0,900.0
2025-09-03,Printer,South,3,180,0.0,540.0
2025-09-03,Printer,East,4,180,0.0,720.0
2025-09-03,Router,West,22,80,0.05,1672.0
2025-09-03,Router,North,8,80,0.0,640.0
2025-09-03,Router,South,13,80,0.05,988.0
2025-09-03,Router,East,16,80,0.0,1280.0
2025-09-03,Webcam,West,11,55,0.0,605.0
2025-09-03,Webcam,North,6,55,0.0,330.0
2025-09-03,Webcam,South,9,55,0.0,495.0
2025-09-03,Webcam,East,7,55,0.1,346.5
2025-09-04,Laptop,West,10,650,0.0,6500.0
2025-09-04,Laptop,North,9,650,0.0,5850.0
2025-09-04,Laptop,South,2,650,0.05,1235.0
2025-09-04,Laptop,East,10,650,0.0,6500.0
2025-09-04,Monitor,West,9,220,0.15,1683.0
2025-09-04,Monitor,North,7,220,0.05,1463.0
2025-09-04,Monitor,South,8,220,0.1,1584.0
2025-09-04,Monitor,East,9,220,0.0,1980.0
2025-09-04,Keyboard,West,19,45,0.05,812.25
2025-09-04,Keyboard,North,14,45,0.05,598.5
2025-09-04,Keyboard,South,13,45,0.0,585.0
2025-09-04,Keyboard,East,21,45,0.1,850.5
2025-09-04,Mouse,West,27,25,0.0,675.0
2025-09-04,Mouse,North,32,25,0.05,760.0
2025-09-04,Mouse,South,23,25,0.0,575.0
2025-09-04,Mouse,East,26,25,0.1,585.0
2025-09-04,Headset,West,13,60,0.0,780.0
2025-09-04,Headset,North,10,60,0.0,600.0
2025-09-04,Headset,South,12,60,0.05,684.0
2025-09-04,Headset,East,11,60,0.0,660.0
2025-09-04,Printer,West,7,180,0.05,1197.0
2025-09-04,Printer,North,4,180,0.0,720.0
2025-09-04,Printer,South,5,180,0.0,900.0
2025-09-04,Printer,East,7,180,0.05,1197.0
2025-09-04,Router,West,11,80,0.0,880.0
2025-09-04,Router,North,12,80,0.1,864.0
2025-09-04,Router,South,14,80,0.1,1008.0
2025-09-04,Router,East,13,80,0.05,988.0
2025-09-04,Webcam,West,3,55,0.05,156.75
2025-09-04,Webcam,North,15,55,0.05,783.75
2025-09-04,Webcam,South,11,55,0.0,605.0
2025-09-04,Webcam,East,10,55,0.0,550.0
2025-09-05,Laptop,West,7,650,0.05,4322.5
2025-09-05,Laptop,North,12,650,0.05,7410.0
2025-09-05,Laptop,South,8,650,0.0,5200.0
2025-09-05,Laptop,East,7,650,0.1,4095.0
2025-09-05,Monitor,West,9,220,0.0,1980.0
2025-09-05,Monitor,North,8,220,0.05,1672.0
2025-09-05,Monitor,South,5,220,0.0,1100.0
2025-09-05,Monitor,East,8,220,0.05,1672.0
2025-09-05,Keyboard,West,14,45,0.0,630.0
2025-09-05,Keyboard,North,14,45,0.05,598.5
2025-09-05,Keyboard,South,14,45,0.05,598.5
2025-09-05,Keyboard,East,13,45,0.0,585.0
2025-09-05,Mouse,West,29,25,0.0,725.0
2025-09-05,Mouse,North,14,25,0.1,315.0
2025-09-05,Mouse,South,18,25,0.1,405.0
2025-09-05,Mouse,East,27,25,0.0,675.0
2025-09-05,Headset,West,12,60,0.05,684.0
2025-09-05,Headset,North,4,60,0.05,228.0
2025-09-05,Headset,South,4,60,0.0,240.0
2025-09-05,Headset,East,10,60,0.05,570.0
2025-09-05,Printer,West,5,180,0.15,765.0
2025-09-05,Printer,North,5,180,0.0,900.0
2025-09-05,Printer,South,2,180,0.1,324.0
2025-09-05,Printer,East,6,180,0.05,1026.0
2025-09-05,Router,West,11,80,0.0,880.0
2025-09-05,Router,North,5,80,0.05,380.0
2025-09-05,Router,South,7,80,0.1,504.0
2025-09-05,Router,East,18,80,0.15,1224.0
2025-09-05,Webcam,West,10,55,0.05,522.5
2025-09-05,Webcam,North,11,55,0.05,574.75
2025-09-05,Webcam,South,9,55,0.05,470.25
2025-09-05,Webcam,East,8,55,0.05,418.0
2025-09-06,Laptop,West,4,650,0.0,2600.0
2025-09-06,Laptop,North,3,650,0.0,1950.0
2025-09-06,Laptop,South,5,650,0.05,3087.5
2025-09-06,Laptop,East,6,650,0.0,3900.0
2025-09-06,Monitor,West,6,220,0.0,1320.0
2025-09-06,Monitor,North,9,220,0.05,1881.0
2025-09-06,Monitor,South,4,220,0.1,792.0
2025-09-06,Monitor,East,11,220,0.0,2420.0
2025-09-06,Keyboard,West,25,45,0.1,1012.5
2025-09-06,Keyboard,North,17,45,0.05,726.75
2025-09-06,Keyboard,South,13,45,0.0,585.0
2025-09-06,Keyboard,East,19,45,0.05,812.25
2025-09-06,Mouse,West,26,25,0.05,617.5
2025-09-06,Mouse,North,14,25,0.0,350.0
2025-09-06,Mouse,South,19,25,0.1,427.5
2025-09-06,Mouse,East,15,25,0.1,337.5
2025-09-06,Headset,West,18,60,0.05,1026.0
2025-09-06,Headset,North,13,60,0.05,741.0
2025-09-06,Headset,South,11,60,0.05,627.0
2025-09-06,Headset,East,10,60,0.05,570.0
2025-09-06,Printer,West,4,180,0.05,684.0
2025-09-06,Printer,North,7,180,0.0,1260.0
2025-09-06,Printer,South,11,180,0.1,1782.0
2025-09-06,Printer,East,8,180,0.0,1440.0
2025-09-06,Router,West,12,80,0.1,864.0
2025-09-06,Router,North,11,80,0.1,792.0
2025-09-06,Router,South,11,80,0.0,880.0
2025-09-06,Router,East,11,80,0.0,880.0
2025-09-06,Webcam,West,11,55,0.1,544.5
2025-09-06,Webcam,North,4,55,0.05,209.0
2025-09-06,Webcam,South,6,55,0.05,313.5
2025-09-06,Webcam,East,9,55,0.1,445.5
2025-09-07,Laptop,West,6,650,0.0,3900.0
2025-09-07,Laptop,North,5,650,0.0,3250.0
2025-09-07,Laptop,South,7,650,0.05,4322.5
2025-09-07,Laptop,East,6,650,0.0,3900.0
2025-09-07,Monitor,West,10,220,0.0,2200.0
2025-09-07,Monitor,North,11,220,0.0,2420.0
2025-09-07,Monitor,South,6,220,0.0,1320.0
2025-09-07,Monitor,East,13,220,0.0,2860.0
2025-09-07,Keyboard,West,10,45,0.1,405.0
2025-09-07,Keyboard,North,17,45,0.0,765.0
2025-09-07,Keyboard,South,13,45,0.1,526.5
2025-09-07,Keyboard,East,11,45,0.1,445.5
2025-09-07,Mouse,West,22,25,0.1,495.0
2025-09-07,Mouse,North,30,25,0.0,750.0
2025-09-07,Mouse,South,21,25,0.0,525.0
2025-09-07,Mouse,East,25,25,0.0,625.0
2025-09-07,Headset,West,10,60,0.05,570.0
2025-09-07,Headset,North,17,60,0.05,969.0
2025-09-07,Headset,South,7,60,0.0,420.0
2025-09-07,Headset,East,9,60,0.1,486.0
2025-09-07,Printer,West,9,180,0.0,1620.0
2025-09-07,Printer,North,7,180,0.0,1260.0
2025-09-07,Printer,South,3,180,0.0,540.0
2025-09-07,Printer,East,4,180,0.0,720.0
2025-09-07,Router,West,7,80,0.0,560.0
2025-09-07,Router,North,14,80,0.0,1120.0
2025-09-07,Router,South,11,80,0.0,880.0
2025-09-07,Router,East,14,80,0.0,1120.0
2025-09-07,Webcam,West,9,55,0.05,470.25
2025-09-07,Webcam,North,7,55,0.1,346.5
2025-09-07,Webcam,South,5,55,0.0,275.0
2025-09-07,Webcam,East,7,55,0.1,346.5
2025-09-08,Laptop,West,6,650,0.15,3315.0
2025-09-08,Laptop,North,6,650,0.1,3510.0
2025-09-08,Laptop,South,6,650,0.05,3705.0
2025-09-08,Laptop,East,4,650,0.0,2600.0
2025-09-08,Monitor,West,13,220,0.05,2717.0
2025-09-08,Monitor,North,8,220,0.05,1672.0
2025-09-08,Monitor,South,12,220,0.0,2640.0
2025-09-08,Monitor,East,6,220,0.0,1320.0
2025-09-08,Keyboard,West,16,45,0.0,720.0
2025-09-08,Keyboard,North,18,45,0.0,810.0
2025-09-08,Keyboard,South,16,45,0.05,684.0
2025-09-08,Keyboard,East,15,45,0.05,641.25
2025-09-08,Mouse,West,13,25,0.05,308.75
2025-09-08,Mouse,North,15,25,0.0,375.0
2025-09-08,Mouse,South,19,25,0.0,475.0
2025-09-08,Mouse,East,24,25,0.1,540.0
2025-09-08,Headset,West,21,60,0.05,1197.0
2025-09-08,Headset,North,8,60,0.0,480.0
2025-09-08,Headset,South,5,60,0.1,270.0
2025-09-08,Headset,East,6,60,0.0,360.0
2025-09-08,Printer,West,8,180,0.0,1440.0
2025-09-08,Printer,North,5,180,0.0,900.0
2025-09-08,Printer,South,3,180,0.0,540.0
2025-09-08,Printer,East,5,180,0.05,855.0
2025-09-08,Router,West,15,80,0.0,1200.0
2025-09-08,Router,North,9,80,0.05,684.0
2025-09-08,Router,South,10,80,0.05,760.0
2025-09-08,Router,East,10,80,0.05,760.0
2025-09-08,Webcam,West,9,55,0.0,495.0
2025-09-08,Webcam,North,4,55,0.0,220.0
2025-09-08,Webcam,South,6,55,0.0,330.0
2025-09-08,Webcam,East,6,55,0.15,280.5
2025-09-09,Laptop,West,6,650,0.0,3900.0
2025-09-09,Laptop,North,5,650,0.05,3087.5
2025-09-09,Laptop,South,6,650,0.05,3705.0
2025-09-09,Laptop,East,9,650,0.0,5850.0
2025-09-09,Monitor,West,8,220,0.05,1672.0
2025-09-09,Monitor,North,15,220,0.05,3135.0
2025-09-09,Monitor,South,5,220,0.05,1045.0
2025-09-09,Monitor,East,12,220,0.0,2640.0
2025-09-09,Keyboard,West,14,45,0.0,630.0
2025-09-09,Keyboard,North,12,45,0.0,540.0
2025-09-09,Keyboard,South,17,45,0.0,765.0
2025-09-09,Keyboard,East,13,45,0.0,585.0
2025-09-09,Mouse,West,27,25,0.05,641.25
2025-09-09,Mouse,North,26,25,0.0,650.0
2025-09-09,Mouse,South,24,25,0.1,540.0
2025-09-09,Mouse,East,27,25,0.05,641.25
2025-09-09,Headset,West,7,60,0.0,420.0
2025-09-09,Headset,North,11,60,0.1,594.0
2025-09-09,Headset,South,7,60,0.05,399.0
2025-09-09,Headset,East,11,60,0.05,627.0
2025-09-09,Printer,West,6,180,0.0,1080.0
2025-09-09,Printer,North,5,180,0.05,855.0
2025-09-09,Printer,South,5,180,0.0,900.0
2025-09-09,Printer,East,4,180,0.05,684.0
2025-09-09,Router,West,13,80,0.1,936.0
2025-09-09,Router,North,9,80,0.0,720.0
2025-09-09,Router,South,8,80,0.0,640.0
2025-09-09,Router,East,13,80,0.1,936.0
2025-09-09,Webcam,West,8,55,0.05,418.0
2025-09-09,Webcam,North,6,55,0.0,330.0
2025-09-09,Webcam,South,10,55,0.0,550.0
2025-09-09,Webcam,East,9,55,0.0,495.0
2025-09-10,Laptop,West,10,650,0.05,6175.0
2025-09-10,Laptop,North,9,650,0.05,5557.5
2025-09-10,Laptop,South,8,650,0.1,4680.0
2025-09-10,Laptop,East,9,650,0.1,5265.0
2025-09-10,Monitor,West,9,220,0.0,1980.0
2025-09-10,Monitor,North,7,220,0.15,1309.0
2025-09-10,Monitor,South,5,220,0.05,1045.0
2025-09-10,Monitor,East,7,220,0.0,1540.0
2025-09-10,Keyboard,West,16,45,0.1,648.0
2025-09-10,Keyboard,North,11,45,0.1,445.5
2025-09-10,Keyboard,South,14,45,0.05,598.5
2025-09-10,Keyboard,East,13,45,0.05,555.75
2025-09-10,Mouse,West,30,25,0.0,750.0
2025-09-10,Mouse,North,17,25,0.1,382.5
2025-09-10,Mouse,South,13,25,0.0,325.0
2025-09-10,Mouse,East,19,25,0.05,451.25
2025-09-10,Headset,West,13,60,0.0,780.0
2025-09-10,Headset,North,12,60,0.0,720.0
2025-09-10,Headset,South,8,60,0.1,432.0
2025-09-10,Headset,East,13,60,0.0,780.0
2025-09-10,Printer,West,8,180,0.0,1440.0
2025-09-10,Printer,North,2,180,0.15,306.0
2025-09-10,Printer,South,2,180,0.0,360.0
2025-09-10,Printer,East,6,180,0.05,1026.0
2025-09-10,Router,West,14,80,0.1,1008.0
2025-09-10,Router,North,14,80,0.0,1120.0
2025-09-10,Router,South,8,80,0.0,640.0
2025-09-10,Router,East,5,80,0.0,400.0
2025-09-10,Webcam,West,6,55,0.05,313.5
2025-09-10,Webcam,North,9,55,0.0,495.0
2025-09-10,Webcam,South,7,55,0.0,385.0
2025-09-10,Webcam,East,5,55,0.0,275.0
2025-09-11,Laptop,West,8,650,0.05,4940.0
2025-09-11,Laptop,North,12,650,0.0,7800.0
2025-09-11,Laptop,South,7,650,0.1,4095.0
2025-09-11,Laptop,East,11,650,0.05,6792.5
2025-09-11,Monitor,West,4,220,0.1,792.0
2025-09-11,Monitor,North,7,220,0.05,1463.0
2025-09-11,Monitor,South,5,220,0.05,1045.0
2025-09-11,Monitor,East,7,220,0.0,1540.0
2025-09-11,Keyboard,West,15,45,0.05,641.25
2025-09-11,Keyboard,North,8,45,0.1,324.0
2025-09-11,Keyboard,South,15,45,0.0,675.0
2025-09-11,Keyboard,East,17,45,0.0,765.0
2025-09-11,Mouse,West,23,25,0.05,546.25
2025-09-11,Mouse,North,23,25,0.0,575.0
2025-09-11,Mouse,South,28,25,0.0,700.0
2025-09-11,Mouse,East,19,25,0.1,427.5
2025-09-11,Headset,West,14,60,0.05,798.0
2025-09-11,Headset,North,8,60,0.1,432.0
2025-09-11,Headset,South,10,60,0.0,600.0
2025-09-11,Headset,East,9,60,0.0,540.0
2025-09-11,Printer,West,3,180,0.0,540.0
2025-09-11,Printer,North,8,180,0.05,1368.0
2025-09-11,Printer,South,10,180,0.05,1710.0
2025-09-11,Printer,East,2,180,0.0,360.0
2025-09-11,Router,West,8,80,0.0,640.0
2025-09-11,Router,North,12,80,0.05,912.0
2025-09-11,Router,South,9,80,0.1,648.0
2025-09-11,Router,East,14,80,0.0,1120.0
2025-09-11,Webcam,West,13,55,0.0,715.0
2025-09-11,Webcam,North,7,55,0.0,385.0
2025-09-11,Webcam,South,5,55,0.05,261.25
2025-09-11,Webcam,East,8,55,0.0,440.0
2025-09-12,Laptop,West,6,650,0.05,3705.0
2025-09-12,Laptop,North,5,650,0.0,3250.0
2025-09-12,Laptop,South,5,650,0.0,3250.0
2025-09-12,Laptop,East,10,650,0.1,5850.0
2025-09-12,Monitor,West,11,220,0.0,2420.0
2025-09-12,Monitor,North,7,220,0.05,1463.0
2025-09-12,Monitor,South,9,220,0.0,1980.0
2025-09-12,Monitor,East,10,220,0.0,2200.0
2025-09-12,Keyboard,West,14,45,0.15,535.5
2025-09-12,Keyboard,North,13,45,0.1,526.5
2025-09-12,Keyboard,South,12,45,0.0,540.0
2025-09-12,Keyboard,East,11,45,0.1,445.5
2025-09-12,Mouse,West,26,25,0.1,585.0
2025-09-12,Mouse,North,27,25,0.05,641.25
2025-09-12,Mouse,South,17,25,0.0,425.0
2025-09-12,Mouse,East,23,25,0.0,575.0
2025-09-12,Headset,West,16,60,0.05,912.0
2025-09-12,Headset,North,14,60,0.0,840.0
2025-09-12,Headset,South,11,60,0.0,660.0
2025-09-12,Headset,East,8,60,0.0,480.0
2025-09-12,Printer,West,6,180,0.1,972.0
2025-09-12,Printer,North,3,180,0.0,540.0
2025-09-12,Printer,South,3,180,0.05,513.0
2025-09-12,Printer,East,6,180,0.1,972.0
2025-09-12,Router,West,16,80,0.05,1216.0
2025-09-12,Router,North,10,80,0.05,760.0
2025-09-12,Router,South,10,80,0.05,760.0
2025-09-12,Router,East,12,80,0.05,912.0
2025-09-12,Webcam,West,10,55,0.05,522.5
2025-09-12,Webcam,North,10,55,0.1,495.0
2025-09-12,Webcam,South,5,55,0.05,261.25
2025-09-12,Webcam,East,2,55,0.1,99.0
2025-09-13,Laptop,West,6,650,0.0,3900.0
2025-09-13,Laptop,North,4,650,0.05,2470.0
2025-09-13,Laptop,South,4,650,0.0,2600.0
2025-09-13,Laptop,East,6,650,0.05,3705.0
2025-09-13,Monitor,West,14,220,0.05,2926.0
2025-09-13,Monitor,North,10,220,0.0,2200.0
2025-09-13,Monitor,South,3,220,0.05,627.0
2025-09-13,Monitor,East,11,220,0.05,2299.0
2025-09-13,Keyboard,West,16,45,0.1,648.0
2025-09-13,Keyboard,North,15,45,0.0,675.0
2025-09-13,Keyboard,South,10,45,0.05,427.5
2025-09-13,Keyboard,East,19,45,0.0,855.0
2025-09-13,Mouse,West,30,25,0.0,750.0
2025-09-13,Mouse,North,26,25,0.05,617.5
2025-09-13,Mouse,South,20,25,0.0,500.0
2025-09-13,Mouse,East,21,25,0.1,472.5
2025-09-13,Headset,West,15,60,0.0,900.0
2025-09-13,Headset,North,9,60,0.1,486.0
2025-09-13,Headset,South,6,60,0.1,324.0
2025-09-13,Headset,East,9,60,0.0,540.0
2025-09-13,Printer,West,5,180,0.05,855.0
2025-09-13,Printer,North,6,180,0.0,1080.0
2025-09-13,Printer,South,2,180,0.0,360.0
2025-09-13,Printer,East,4,180,0.15,612.0
2025-09-13,Router,West,9,80,0.05,684.0
2025-09-13,Router,North,15,80,0.0,1200.0
2025-09-13,Router,South,12,80,0.0,960.0
2025-09-13,Router,East,15,80,0.0,1200.0
2025-09-13,Webcam,West,10,55,0.15,467.5
2025-09-13,Webcam,North,9,55,0.0,495.0
2025-09-13,Webcam,South,3,55,0.1,148.5
2025-09-13,Webcam,East,8,55,0.05,418.0
2025-09-14,Laptop,West,8,650,0.0,5200.0
2025-09-14,Laptop,North,3,650,0.1,1755.0
2025-09-14,Laptop,South,2,650,0.05,1235.0
2025-09-14,Laptop,East,7,650,0.0,4550.0
2025-09-14,Monitor,West,13,220,0.05,2717.0
2025-09-14,Monitor,North,8,220,0.0,1760.0
2025-09-14,Monitor,South,14,220,0.0,3080.0
2025-09-14,Monitor,East,9,220,0.0,1980.0
2025-09-14,Keyboard,West,25,45,0.05,1068.75
2025-09-14,Keyboard,North,15,45,0.05,641.25
2025-09-14,Keyboard,South,16,45,0.0,720.0
2025-09-14,Keyboard,East,11,45,0.15,420.75
2025-09-14,Mouse,West,26,25,0.0,650.0
2025-09-14,Mouse,North,21,25,0.1,472.5
2025-09-14,Mouse,South,24,25,0.15,510.0
2025-09-14,Mouse,East,27,25,0.05,641.25
2025-09-14,Headset,West,10,60,0.0,600.0
2025-09-14,Headset,North,7,60,0.0,420.0
2025-09-14,Headset,South,7,60,0.05,399.0
2025-09-14,Headset,East,6,60,0.0,360.0
2025-09-14,Printer,West,10,180,0.15,1530.0
2025-09-14,Printer,North,4,180,0.0,720.0
2025-09-14,Printer,South,3,180,0.0,540.0
2025-09-14,Printer,East,4,180,0.1,648.0
2025-09-14,Router,West,9,80,0.05,684.0
2025-09-14,Router,North,14,80,0.0,1120.0
2025-09-14,Router,South,8,80,0.1,576.0
2025-09-14,Router,East,10,80,0.0,800.0
2025-09-14,Webcam,West,8,55,0.1,396.0
2025-09-14,Webcam,North,8,55,0.0,440.0
2025-09-14,Webcam,South,9,55,0.05,470.25
2025-09-14,Webcam,East,8,55,0.15,374.0
2025-09-15,Laptop,West,6,650,0.1,3510.0
2025-09-15,Laptop,North,6,650,0.1,3510.0
2025-09-15,Laptop,South,4,650,0.0,2600.0
2025-09-15,Laptop,East,6,650,0.0,3900.0
2025-09-15,Monitor,West,9,220,0.0,1980.0
2025-09-15,Monitor,North,6,220,0.0,1320.0
2025-09-15,Monitor,South,2,220,0.0,440.0
2025-09-15,Monitor,East,6,220,0.0,1320.0
2025-09-15,Keyboard,West,18,45,0.05,769.5
2025-09-15,Keyboard,North,15,45,0.1,607.5
2025-09-15,Keyboard,South,12,45,0.1,486.0
2025-09-15,Keyboard,East,16,45,0.0,720.0
2025-09-15,Mouse,West,23,25,0.05,546.25
2025-09-15,Mouse,North,31,25,0.15,658.75
2025-09-15,Mouse,South,12,25,0.05,285.0
2025-09-15,Mouse,East,24,25,0.1,540.0
2025-09-15,Headset,West,6,60,0.05,342.0
2025-09-15,Headset,North,12,60,0.05,684.0
2025-09-15,Headset,South,12,60,0.1,648.0
2025-09-15,Headset,East,8,60,0.05,456.0
2025-09-15,Printer,West,6,180,0.0,1080.0
2025-09-15,Printer,North,4,180,0.05,684.0
2025-09-15,Printer,South,3,180,0.0,540.0
2025-09-15,Printer,East,1,180,0.1,162.0
2025-09-15,Router,West,9,80,0.05,684.0
2025-09-15,Router,North,18,80,0.1,1296.0
2025-09-15,Router,South,9,80,0.1,648.0
2025-09-15,Router,East,15,80,0.1,1080.0
2025-09-15,Webcam,West,8,55,0.0,440.0
2025-09-15,Webcam,North,8,55,0.0,440.0
2025-09-15,Webcam,South,3,55,0.05,156.75
2025-09-15,Webcam,East,9,55,0.1,445.5
2025-09-16,Laptop,West,5,650,0.0,3250.0
2025-09-16,Laptop,North,9,650,0.0,5850.0
2025-09-16,Laptop,South,7,650,0.0,4550.0
2025-09-16,Laptop,East,5,650,0.0,3250.0
2025-09-16,Monitor,West,9,220,0.05,1881.0
2025-09-16,Monitor,North,9,220,0.05,1881.0
2025-09-16,Monitor,South,14,220,0.0,3080.0
2025-09-16,Monitor,East,11,220,0.15,2057.0
2025-09-16,Keyboard,West,15,45,0.1,607.5
2025-09-16,Keyboard,North,11,45,0.0,495.0
2025-09-16,Keyboard,South,10,45,0.1,405.0
2025-09-16,Keyboard,East,17,45,0.1,688.5
2025-09-16,Mouse,West,24,25,0.0,600.0
2025-09-16,Mouse,North,22,25,0.0,550.0
2025-09-16,Mouse,South,20,25,0.1,450.0
2025-09-16,Mouse,East,22,25,0.05,522.5
2025-09-16,Headset,West,16,60,0.05,912.0
2025-09-16,Headset,North,12,60,0.05,684.0
2025-09-16,Headset,South,18,60,0.0,1080.0
2025-09-16,Headset,East,10,60,0.1,540.0
2025-09-16,Printer,West,6,180,0.0,1080.0
2025-09-16,Printer,North,4,180,0.05,684.0
2025-09-16,Printer,South,4,180,0.15,612.0
2025-09-16,Printer,East,4,180,0.1,648.0
2025-09-16,Router,West,18,80,0.05,1368.0
2025-09-16,Router,North,16,80,0.0,1280.0
2025-09-16,Router,South,12,80,0.15,816.0
2025-09-16,Router,East,12,80,0.0,960.0
2025-09-16,Webcam,West,10,55,0.0,550.0
2025-09-16,Webcam,North,5,55,0.0,275.0
2025-09-16,Webcam,South,5,55,0.0,275.0
2025-09-16,Webcam,East,4,55,0.1,198.0
2025-09-17,Laptop,West,7,650,0.05,4322.5
2025-09-17,Laptop,North,9,650,0.15,4972.5
2025-09-17,Laptop,South,5,650,0.1,2925.0
2025-09-17,Laptop,East,10,650,0.05,6175.0
2025-09-17,Monitor,West,8,220,0.0,1760.0
2025-09-17,Monitor,North,7,220,0.0,1540.0
2025-09-17,Monitor,South,6,220,0.0,1320.0
2025-09-17,Monitor,East,7,220,0.05,1463.0
2025-09-17,Keyboard,West,14,45,0.05,598.5
2025-09-17,Keyboard,North,19,45,0.05,812.25
2025-09-17,Keyboard,South,15,45,0.1,607.5
2025-09-17,Keyboard,East,18,45,0.05,769.5
2025-09-17,Mouse,West,25,25,0.0,625.0
2025-09-17,Mouse,North,26,25,0.0,650.0
2025-09-17,Mouse,South,5,25,0.0,125.0
2025-09-17,Mouse,East,20,25,0.0,500.0
2025-09-17,Headset,West,8,60,0.15,408.0
2025-09-17,Headset,North,10,60,0.05,570.0
2025-09-17,Headset,South,7,60,0.0,420.0
2025-09-17,Headset,East,9,60,0.0,540.0
2025-09-17,Printer,West,7,180,0.05,1197.0
2025-09-17,Printer,North,4,180,0.0,720.0
2025-09-17,Printer,South,2,180,0.05,342.0
2025-09-17,Printer,East,5,180,0.05,855.0
2025-09-17,Router,West,19,80,0.0,1520.0
2025-09-17,Router,North,10,80,0.1,720.0
2025-09-17,Router,South,15,80,0.0,1200.0
2025-09-17,Router,East,15,80,0.1,1080.0
2025-09-17,Webcam,West,11,55,0.0,605.0
2025-09-17,Webcam,North,6,55,0.1,297.0
2025-09-17,Webcam,South,7,55,0.0,385.0
2025-09-17,Webcam,East,7,55,0.05,365.75
2025-09-18,Laptop,West,6,650,0.05,3705.0
2025-09-18,Laptop,North,7,650,0.1,4095.0
2025-09-18,Laptop,South,12,650,0.0,7800.0
2025-09-18,Laptop,East,6,650,0.0,3900.0
2025-09-18,Monitor,West,8,220,0.05,1672.0
2025-09-18,Monitor,North,6,220,0.0,1320.0
2025-09-18,Monitor,South,5,220,0.05,1045.0
2025-09-18,Monitor,East,3,220,0.1,594.0
2025-09-18,Keyboard,West,13,45,0.05,555.75
2025-09-18,Keyboard,North,15,45,0.0,675.0
2025-09-18,Keyboard,South,7,45,0.0,315.0
2025-09-18,Keyboard,East,15,45,0.0,675.0
2025-09-18,Mouse,West,36,25,0.0,900.0
2025-09-18,Mouse,North,28,25,0.15,595.0
2025-09-18,Mouse,South,7,25,0.0,175.0
2025-09-18,Mouse,East,21,25,0.0,525.0
2025-09-18,Headset,West,5,60,0.0,300.0
2025-09-18,Headset,North,10,60,0.05,570.0
2025-09-18,Headset,South,9,60,0.05,513.0
2025-09-18,Headset,East,12,60,0.1,648.0
2025-09-18,Printer,West,4,180,0.05,684.0
2025-09-18,Printer,North,5,180,0.0,900.0
2025-09-18,Printer,South,6,180,0.0,1080.0
2025-09-18,Printer,East,4,180,0.05,684.0
2025-09-18,Router,West,9,80,0.0,720.0
2025-09-18,Router,North,19,80,0.1,1368.0
2025-09-18,Router,South,11,80,0.0,880.0
2025-09-18,Router,East,8,80,0.0,640.0
2025-09-18,Webcam,West,8,55,0.0,440.0
2025-09-18,Webcam,North,6,55,0.0,330.0
2025-09-18,Webcam,South,4,55,0.1,198.0
2025-09-18,Webcam,East,6,55,0.05,313.5
2025-09-19,Laptop,West,9,650,0.0,5850.0
2025-09-19,Laptop,North,7,650,0.05,4322.5
2025-09-19,Laptop,South,5,650,0.0,3250.0
2025-09-19,Laptop,East,8,650,0.0,5200.0
2025-09-19,Monitor,West,8,220,0.0,1760.0
2025-09-19,Monitor,North,9,220,0.0,1980.0
2025-09-19,Monitor,South,8,220,0.0,1760.0
2025-09-19,Monitor,East,9,220,0.1,1782.0
2025-09-19,Keyboard,West,17,45,0.0,765.0
2025-09-19,Keyboard,North,11,45,0.0,495.0
2025-09-19,Keyboard,South,13,45,0.0,585.0
2025-09-19,Keyboard,East,19,45,0.0,855.0
2025-09-19,Mouse,West,25,25,0.0,625.0
2025-09-19,Mouse,North,15,25,0.05,356.25
2025-09-19,Mouse,South,21,25,0.0,525.0
2025-09-19,Mouse,East,27,25,0.05,641.25
2025-09-19,Headset,West,18,60,0.0,1080.0
2025-09-19,Headset,North,9,60,0.05,513.0
2025-09-19,Headset,South,4,60,0.0,240.0
2025-09-19,Headset,East,7,60,0.0,420.0
2025-09-19,Printer,West,11,180,0.0,1980.0
2025-09-19,Printer,North,4,180,0.0,720.0
2025-09-19,Printer,South,3,180,0.1,486.0
2025-09-19,Printer,East,5,180,0.05,855.0
2025-09-19,Router,West,16,80,0.0,1280.0
2025-09-19,Router,North,13,80,0.1,936.0
2025-09-19,Router,South,8,80,0.1,576.0
2025-09-19,Router,East,9,80,0.1,648.0
2025-09-19,Webcam,West,6,55,0.0,330.0
2025-09-19,Webcam,North,9,55,0.0,495.0
2025-09-19,Webcam,South,9,55,0.0,495.0
2025-09-19,Webcam,East,8,55,0.0,440.0
2025-09-20,Laptop,West,10,650,0.0,6500.0
2025-09-20,Laptop,North,11,650,0.1,6435.0
2025-09-20,Laptop,South,4,650,0.0,2600.0
2025-09-20,Laptop,East,6,650,0.0,3900.0
2025-09-20,Monitor,West,11,220,0.0,2420.0
2025-09-20,Monitor,North,4,220,0.15,748.0
2025-09-20,Monitor,South,5,220,0.0,1100.0
2025-09-20,Monitor,East,10,220,0.1,1980.0
2025-09-20,Keyboard,West,15,45,0.0,675.0
2025-09-20,Keyboard,North,11,45,0.05,470.25
2025-09-20,Keyboard,South,12,45,0.1,486.0
2025-09-20,Keyboard,East,15,45,0.05,641.25
2025-09-20,Mouse,West,26,25,0.0,650.0
2025-09-20,Mouse,North,15,25,0.1,337.5
2025-09-20,Mouse,South,14,25,0.1,315.0
2025-09-20,Mouse,East,24,25,0.0,600.0
2025-09-20,Headset,West,15,60,0.05,855.0
2025-09-20,Headset,North,15,60,0.05,855.0
2025-09-20,Headset,South,8,60,0.05,456.0
2025-09-20,Headset,East,16,60,0.1,864.0
2025-09-20,Printer,West,9,180,0.0,1620.0
2025-09-20,Printer,North,3,180,0.0,540.0
2025-09-20,Printer,South,5,180,0.05,855.0
2025-09-20,Printer,East,5,180,0.0,900.0
2025-09-20,Router,West,9,80,0.0,720.0
2025-09-20,Router,North,14,80,0.05,1064.0
2025-09-20,Router,South,7,80,0.05,532.0
2025-09-20,Router,East,13,80,0.0,1040.0
2025-09-20,Webcam,West,9,55,0.05,470.25
2025-09-20,Webcam,North,11,55,0.0,605.0
2025-09-20,Webcam,South,8,55,0.0,440.0
2025-09-20,Webcam,East,5,55,0.15,233.75
2025-09-21,Laptop,West,9,650,0.0,5850.0
2025-09-21,Laptop,North,9,650,0.0,5850.0
2025-09-21,Laptop,South,1,650,0.1,585.0
2025-09-21,Laptop,East,7,650,0.05,4322.5
2025-09-21,Monitor,West,10,220,0.05,2090.0
2025-09-21,Monitor,North,10,220,0.0,2200.0
2025-09-21,Monitor,South,2,220,0.05,418.0
2025-09-21,Monitor,East,3,220,0.0,660.0
2025-09-21,Keyboard,West,18,45,0.15,688.5
2025-09-21,Keyboard,North,21,45,0.1,850.5
2025-09-21,Keyboard,South,12,45,0.0,540.0
2025-09-21,Keyboard,East,13,45,0.0,585.0
2025-09-21,Mouse,West,22,25,0.1,495.0
2025-09-21,Mouse,North,15,25,0.1,337.5
2025-09-21,Mouse,South,25,25,0.05,593.75
2025-09-21,Mouse,East,15,25,0.1,337.5
2025-09-21,Headset,West,9,60,0.0,540.0
2025-09-21,Headset,North,12,60,0.05,684.0
2025-09-21,Headset,South,9,60,0.0,540.0
2025-09-21,Headset,East,8,60,0.05,456.0
2025-09-21,Printer,West,5,180,0.0,900.0
2025-09-21,Printer,North,5,180,0.0,900.0
2025-09-21,Printer,South,6,180,0.1,972.0
2025-09-21,Printer,East,1,180,0.05,171.0
2025-09-21,Router,West,10,80,0.05,760.0
2025-09-21,Router,North,9,80,0.1,648.0
2025-09-21,Router,South,9,80,0.0,720.0
2025-09-21,Router,East,7,80,0.15,476.0
2025-09-21,Webcam,West,6,55,0.0,330.0
2025-09-21,Webcam,North,6,55,0.1,297.0
2025-09-21,Webcam,South,4,55,0.05,209.0
2025-09-21,Webcam,East,12,55,0.0,660.0
2025-09-22,Laptop,West,5,650,0.0,3250.0
2025-09-22,Laptop,North,5,650,0.1,2925.0
2025-09-22,Laptop,South,8,650,0.0,5200.0
2025-09-22,Laptop,East,5,650,0.0,3250.0
2025-09-22,Monitor,West,10,220,0.0,2200.0
2025-09-22,Monitor,North,8,220,0.0,1760.0
2025-09-22,Monitor,South,9,220,0.0,1980.0
2025-09-22,Monitor,East,7,220,0.05,1463.0
2025-09-22,Keyboard,West,15,45,0.1,607.5
2025-09-22,Keyboard,North,10,45,0.0,450.0
2025-09-22,Keyboard,South,13,45,0.1,526.5
2025-09-22,Keyboard,East,16,45,0.0,720.0
2025-09-22,Mouse,West,19,25,0.1,427.5
2025-09-22,Mouse,North,27,25,0.15,573.75
2025-09-22,Mouse,South,22,25,0.05,522.5
2025-09-22,Mouse,East,27,25,0.0,675.0
2025-09-22,Headset,West,9,60,0.1,486.0
2025-09-22,Headset,North,8,60,0.05,456.0
2025-09-22,Headset,South,9,60,0.0,540.0
2025-09-22,Headset,East,10,60,0.0,600.0
2025-09-22,Printer,West,9,180,0.05,1539.0
2025-09-22,Printer,North,6,180,0.0,1080.0
2025-09-22,Printer,South,3,180,0.0,540.0
2025-09-22,Printer,East,6,180,0.0,1080.0
2025-09-22,Router,West,12,80,0.05,912.0
2025-09-22,Router,North,6,80,0.0,480.0
2025-09-22,Router,South,12,80,0.05,912.0
2025-09-22,Router,East,12,80,0.0,960.0
2025-09-22,Webcam,West,11,55,0.0,605.0
2025-09-22,Webcam,North,10,55,0.05,522.5
2025-09-22,Webcam,South,4,55,0.0,220.0
2025-09-22,Webcam,East,1,55,0.0,55.0
2025-09-23,Laptop,West,8,650,0.05,4940.0
2025-09-23,Laptop,North,16,650,0.0,10400.0
2025-09-23,Laptop,South,7,650,0.0,4550.0
2025-09-23,Laptop,East,9,650,0.0,5850.0
2025-09-23,Monitor,West,9,220,0.05,1881.0
2025-09-23,Monitor,North,9,220,0.0,1980.0
2025-09-23,Monitor,South,4,220,0.0,880.0
2025-09-23,Monitor,East,12,220,0.05,2508.0
2025-09-23,Keyboard,West,21,45,0.05,897.75
2025-09-23,Keyboard,North,18,45,0.1,729.0
2025-09-23,Keyboard,South,13,45,0.05,555.75
2025-09-23,Keyboard,East,15,45,0.0,675.0
2025-09-23,Mouse,West,30,25,0.0,750.0
2025-09-23,Mouse,North,20,25,0.05,475.0
2025-09-23,Mouse,South,17,25,0.05,403.75
2025-09-23,Mouse,East,27,25,0.0,675.0
2025-09-23,Headset,West,16,60,0.0,960.0
2025-09-23,Headset,North,11,60,0.05,627.0
2025-09-23,Headset,South,12,60,0.1,648.0
2025-09-23,Headset,East,9,60,0.0,540.0
2025-09-23,Printer,West,2,180,0.05,342.0
2025-09-23,Printer,North,5,180,0.0,900.0
2025-09-23,Printer,South,4,180,0.05,684.0
2025-09-23,Printer,East,6,180,0.05,1026.0
2025-09-23,Router,West,14,80,0.0,1120.0
2025-09-23,Router,North,12,80,0.05,912.0
2025-09-23,Router,South,12,80,0.05,912.0
2025-09-23,Router,East,11,80,0.05,836.0
2025-09-23,Webcam,West,8,55,0.05,418.0
2025-09-23,Webcam,North,6,55,0.05,313.5
2025-09-23,Webcam,South,9,55,0.0,495.0
2025-09-23,Webcam,East,5,55,0.05,261.25
2025-09-24,Laptop,West,7,650,0.05,4322.5
2025-09-24,Laptop,North,8,650,0.05,4940.0
2025-09-24,Laptop,South,4,650,0.15,2210.0
2025-09-24,Laptop,East,11,650,0.0,7150.0
2025-09-24,Monitor,West,8,220,0.0,1760.0
2025-09-24,Monitor,North,7,220,0.05,1463.0
2025-09-24,Monitor,South,5,220,0.1,990.0
2025-09-24,Monitor,East,11,220,0.1,2178.0
2025-09-24,Keyboard,West,22,45,0.05,940.5
2025-09-24,Keyboard,North,7,45,0.0,315.0
2025-09-24,Keyboard,South,14,45,0.0,630.0
2025-09-24,Keyboard,East,17,45,0.0,765.0
2025-09-24,Mouse,West,26,25,0.1,585.0
2025-09-24,Mouse,North,14,25,0.15,297.5
2025-09-24,Mouse,South,21,25,0.0,525.0
2025-09-24,Mouse,East,15,25,0.0,375.0
2025-09-24,Headset,West,11,60,0.15,561.0
2025-09-24,Headset,North,7,60,0.05,399.0
2025-09-24,Headset,South,10,60,0.05,570.0
2025-09-24,Headset,East,12,60,0.1,648.0
2025-09-24,Printer,West,9,180,0.1,1458.0
2025-09-24,Printer,North,5,180,0.05,855.0
2025-09-24,Printer,South,6,180,0.0,1080.0
2025-09-24,Printer,East,4,180,0.05,684.0
2025-09-24,Router,West,6,80,0.05,456.0
2025-09-24,Router,North,9,80,0.05,684.0
2025-09-24,Router,South,7,80,0.0,560.0
2025-09-24,Router,East,12,80,0.1,864.0
2025-09-24,Webcam,West,6,55,0.0,330.0
2025-09-24,Webcam,North,10,55,0.05,522.5
2025-09-24,Webcam,South,7,55,0.05,365.75
2025-09-24,Webcam,East,2,55,0.1,99.0
2025-09-25,Laptop,West,10,650,0.15,5525.0
2025-09-25,Laptop,North,7,650,0.0,4550.0
2025-09-25,Laptop,South,5,650,0.15,2762.5
2025-09-25,Laptop,East,7,650,0.05,4322.5
2025-09-25,Monitor,West,9,220,0.0,1980.0
2025-09-25,Monitor,North,9,220,0.0,1980.0
2025-09-25,Monitor,South,7,220,0.0,1540.0
2025-09-25,Monitor,East,11,220,0.1,2178.0
2025-09-25,Keyboard,West,11,45,0.15,420.75
2025-09-25,Keyboard,North,8,45,0.1,324.0
2025-09-25,Keyboard,South,17,45,0.05,726.75
2025-09-25,Keyboard,East,17,45,0.0,765.0
2025-09-25,Mouse,West,21,25,0.0,525.0
2025-09-25,Mouse,North,17,25,0.0,425.0
2025-09-25,Mouse,South,18,25,0.1,405.0
2025-09-25,Mouse,East,27,25,0.0,675.0
2025-09-25,Headset,West,2,60,0.0,120.0
2025-09-25,Headset,North,13,60,0.0,780.0
2025-09-25,Headset,South,8,60,0.0,480.0
2025-09-25,Headset,East,14,60,0.0,840.0
2025-09-25,Printer,West,8,180,0.0,1440.0
2025-09-25,Printer,North,3,180,0.0,540.0
2025-09-25,Printer,South,3,180,0.0,540.0
2025-09-25,Printer,East,4,180,0.05,684.0
2025-09-25,Router,West,8,80,0.0,640.0
2025-09-25,Router,North,10,80,0.1,720.0
2025-09-25,Router,South,8,80,0.05,608.0
2025-09-25,Router,East,22,80,0.05,1672.0
2025-09-25,Webcam,West,7,55,0.1,346.5
2025-09-25,Webcam,North,10,55,0.0,550.0
2025-09-25,Webcam,South,8,55,0.05,418.0
2025-09-25,Webcam,East,7,55,0.0,385.0
2025-09-26,Laptop,West,10,650,0.05,6175.0
2025-09-26,Laptop,North,4,650,0.0,2600.0
2025-09-26,Laptop,South,5,650,0.05,3087.5
2025-09-26,Laptop,East,9,650,0.0,5850.0
2025-09-26,Monitor,West,12,220,0.05,2508.0
2025-09-26,Monitor,North,8,220,0.1,1584.0
2025-09-26,Monitor,South,10,220,0.0,2200.0
2025-09-26,Monitor,East,7,220,0.0,1540.0
2025-09-26,Keyboard,West,8,45,0.0,360.0
2025-09-26,Keyboard,North,9,45,0.0,405.0
2025-09-26,Keyboard,South,15,45,0.1,607.5
2025-09-26,Keyboard,East,16,45,0.0,720.0
2025-09-26,Mouse,West,24,25,0.1,540.0
2025-09-26,Mouse,North,27,25,0.1,607.5
2025-09-26,Mouse,South,20,25,0.05,475.0
2025-09-26,Mouse,East,16,25,0.0,400.0
2025-09-26,Headset,West,9,60,0.0,540.0
2025-09-26,Headset,North,10,60,0.05,570.0
2025-09-26,Headset,South,5,60,0.0,300.0
2025-09-26,Headset,East,9,60,0.1,486.0
2025-09-26,Printer,West,10,180,0.0,1800.0
2025-09-26,Printer,North,6,180,0.0,1080.0
2025-09-26,Printer,South,5,180,0.0,900.0
2025-09-26,Printer,East,4,180,0.1,648.0
2025-09-26,Router,West,9,80,0.05,684.0
2025-09-26,Router,North,11,80,0.0,880.0
2025-09-26,Router,South,11,80,0.15,748.0
2025-09-26,Router,East,13,80,0.0,1040.0
2025-09-26,Webcam,West,10,55,0.05,522.5
2025-09-26,Webcam,North,9,55,0.05,470.25
2025-09-26,Webcam,South,7,55,0.05,365.75
2025-09-26,Webcam,East,9,55,0.05,470.25
2025-09-27,Laptop,West,7,650,0.1,4095.0
2025-09-27,Laptop,North,6,650,0.05,3705.0
2025-09-27,Laptop,South,5,650,0.0,3250.0
2025-09-27,Laptop,East,10,650,0.0,6500.0
2025-09-27,Monitor,West,11,220,0.1,2178.0
2025-09-27,Monitor,North,4,220,0.15,748.0
2025-09-27,Monitor,South,15,220,0.05,3135.0
2025-09-27,Monitor,East,7,220,0.05,1463.0
2025-09-27,Keyboard,West,21,45,0.05,897.75
2025-09-27,Keyboard,North,9,45,0.05,384.75
2025-09-27,Keyboard,South,12,45,0.0,540.0
2025-09-27,Keyboard,East,16,45,0.0,720.0
2025-09-27,Mouse,West,19,25,0.0,475.0
2025-09-27,Mouse,North,23,25,0.0,575.0
2025-09-27,Mouse,South,17,25,0.1,382.5
2025-09-27,Mouse,East,31,25,0.05,736.25
2025-09-27,Headset,West,12,60,0.0,720.0
2025-09-27,Headset,North,11,60,0.0,660.0
2025-09-27,Headset,South,2,60,0.05,114.0
2025-09-27,Headset,East,9,60,0.0,540.0
2025-09-27,Printer,West,3,180,0.05,513.0
2025-09-27,Printer,North,7,180,0.15,1071.0
2025-09-27,Printer,South,2,180,0.0,360.0
2025-09-27,Printer,East,8,180,0.0,1440.0
2025-09-27,Router,West,16,80,0.0,1280.0
2025-09-27,Router,North,9,80,0.1,648.0
2025-09-27,Router,South,8,80,0.1,576.0
2025-09-27,Router,East,10,80,0.0,800.0
2025-09-27,Webcam,West,2,55,0.0,110.0
2025-09-27,Webcam,North,7,55,0.0,385.0
2025-09-27,Webcam,South,8,55,0.1,396.0
2025-09-27,Webcam,East,7,55,0.0,385.0
2025-09-28,Laptop,West,7,650,0.0,4550.0
2025-09-28,Laptop,North,12,650,0.0,7800.0
2025-09-28,Laptop,South,4,650,0.05,2470.0
2025-09-28,Laptop,East,6,650,0.1,3510.0
2025-09-28,Monitor,West,12,220,0.1,2376.0
2025-09-28,Monitor,North,17,220,0.1,3366.0
2025-09-28,Monitor,South,4,220,0.05,836.0
2025-09-28,Monitor,East,8,220,0.0,1760.0
2025-09-28,Keyboard,West,15,45,0.0,675.0
2025-09-28,Keyboard,North,19,45,0.0,855.0
2025-09-28,Keyboard,South,18,45,0.0,810.0
2025-09-28,Keyboard,East,16,45,0.0,720.0
2025-09-28,Mouse,West,21,25,0.0,525.0
2025-09-28,Mouse,North,20,25,0.05,475.0
2025-09-28,Mouse,South,26,25,0.0,650.0
2025-09-28,Mouse,East,22,25,0.0,550.0
2025-09-28,Headset,West,11,60,0.0,660.0
2025-09-28,Headset,North,9,60,0.0,540.0
2025-09-28,Headset,South,13,60,0.1,702.0
2025-09-28,Headset,East,5,60,0.1,270.0
2025-09-28,Printer,West,4,180,0.0,720.0
2025-09-28,Printer,North,1,180,0.0,180.0
2025-09-28,Printer,South,5,180,0.05,855.0
2025-09-28,Printer,East,5,180,0.05,855.0
2025-09-28,Router,West,15,80,0.05,1140.0
2025-09-28,Router,North,12,80,0.0,960.0
2025-09-28,Router,South,11,80,0.05,836.0
2025-09-28,Router,East,10,80,0.0,800.0
2025-09-28,Webcam,West,10,55,0.05,522.5
2025-09-28,Webcam,North,7,55,0.0,385.0
2025-09-28,Webcam,South,6,55,0.05,313.5
2025-09-28,Webcam,East,5,55,0.05,261.25
2025-09-29,Laptop,West,6,650,0.05,3705.0
2025-09-29,Laptop,North,6,650,0.1,3510.0
2025-09-29,Laptop,South,11,650,0.0,7150.0
2025-09-29,Laptop,East,6,650,0.0,3900.0
2025-09-29,Monitor,West,7,220,0.0,1540.0
2025-09-29,Monitor,North,14,220,0.05,2926.0
2025-09-29,Monitor,South,8,220,0.0,1760.0
2025-09-29,Monitor,East,13,220,0.0,2860.0
2025-09-29,Keyboard,West,13,45,0.0,585.0
2025-09-29,Keyboard,North,22,45,0.15,841.5
2025-09-29,Keyboard,South,12,45,0.0,540.0
2025-09-29,Keyboard,East,21,45,0.05,897.75
2025-09-29,Mouse,West,28,25,0.0,700.0
2025-09-29,Mouse,North,22,25,0.0,550.0
2025-09-29,Mouse,South,20,25,0.1,450.0
2025-09-29,Mouse,East,29,25,0.05,688.75
2025-09-29,Headset,West,11,60,0.0,660.0
2025-09-29,Headset,North,7,60,0.05,399.0
2025-09-29,Headset,South,12,60,0.1,648.0
2025-09-29,Headset,East,17,60,0.1,918.0
2025-09-29,Printer,West,2,180,0.0,360.0
2025-09-29,Printer,North,7,180,0.1,1134.0
2025-09-29,Printer,South,2,180,0.05,342.0
2025-09-29,Printer,East,5,180,0.0,900.0
2025-09-29,Router,West,18,80,0.1,1296.0
2025-09-29,Router,North,8,80,0.1,576.0
2025-09-29,Router,South,9,80,0.05,684.0
2025-09-29,Router,East,9,80,0.05,684.0
2025-09-29,Webcam,West,14,55,0.1,693.0
2025-09-29,Webcam,North,7,55,0.0,385.0
2025-09-29,Webcam,South,6,55,0.05,313.5
2025-09-29,Webcam,East,7,55,0.1,346.5
2025-09-30,Laptop,West,7,650,0.1,4095.0
2025-09-30,Laptop,North,7,650,0.05,4322.5
2025-09-30,Laptop,South,8,650,0.0,5200.0
2025-09-30,Laptop,East,5,650,0.05,3087.5
2025-09-30,Monitor,West,9,220,0.0,1980.0
2025-09-30,Monitor,North,21,220,0.05,4389.0
2025-09-30,Monitor,South,6,220,0.1,1188.0
2025-09-30,Monitor,East,13,220,0.0,2860.0
2025-09-30,Keyboard,West,13,45,0.0,585.0
2025-09-30,Keyboard,North,18,45,0.0,810.0
2025-09-30,Keyboard,South,18,45,0.0,810.0
2025-09-30,Keyboard,East,8,45,0.0,360.0
2025-09-30,Mouse,West,21,25,0.0,525.0
2025-09-30,Mouse,North,16,25,0.0,400.0
2025-09-30,Mouse,South,13,25,0.15,276.25
2025-09-30,Mouse,East,23,25,0.1,517.5
2025-09-30,Headset,West,13,60,0.05,741.0
2025-09-30,Headset,North,11,60,0.1,594.0
2025-09-30,Headset,South,8,60,0.1,432.0
2025-09-30,Headset,East,12,60,0.1,648.0
2025-09-30,Printer,West,5,180,0.05,855.0
2025-09-30,Printer,North,7,180,0.05,1197.0
2025-09-30,Printer,South,3,180,0.05,513.0
2025-09-30,Printer,East,6,180,0.0,1080.0
2025-09-30,Router,West,9,80,0.0,720.0
2025-09-30,Router,North,14,80,0.0,1120.0
2025-09-30,Router,South,9,80,0.0,720.0
2025-09-30,Router,East,15,80,0.0,1200.0
2025-09-30,Webcam,West,11,55,0.05,574.75
2025-09-30,Webcam,North,11,55,0.05,574.75
2025-09-30,Webcam,South,5,55,0.05,261.25
2025-09-30,Webcam,East,13,55,0.0,715.0
2025-10-01,Laptop,West,12,650,0.0,7800.0
2025-10-01,Laptop,North,4,650,0.0,2600.0
2025-10-01,Laptop,South,6,650,0.05,3705.0
2025-10-01,Laptop,East,8,650,0.05,4940.0
2025-10-01,Monitor,West,10,220,0.05,2090.0
2025-10-01,Monitor,North,10,220,0.15,1870.0
2025-10-01,Monitor,South,9,220,0.1,1782.0
2025-10-01,Monitor,East,9,220,0.05,1881.0
2025-10-01,Keyboard,West,20,45,0.05,855.0
2025-10-01,Keyboard,North,22,45,0.05,940.5
2025-10-01,Keyboard,South,17,45,0.1,688.5
2025-10-01,Keyboard,East,21,45,0.1,850.5
2025-10-01,Mouse,West,20,25,0.0,500.0
2025-10-01,Mouse,North,23,25,0.1,517.5
2025-10-01,Mouse,South,25,25,0.1,562.5
2025-10-01,Mouse,East,23,25,0.05,546.25
2025-10-01,Headset,West,11,60,0.1,594.0
2025-10-01,Headset,North,12,60,0.0,720.0
2025-10-01,Headset,South,15,60,0.05,855.0
2025-10-01,Headset,East,10,60,0.0,600.0
2025-10-01,Printer,West,6,180,0.05,1026.0
2025-10-01,Printer,North,7,180,0.15,1071.0
2025-10-01,Printer,South,4,180,0.05,684.0
2025-10-01,Printer,East,2,180,0.05,342.0
2025-10-01,Router,West,12,80,0.0,960.0
2025-10-01,Router,North,11,80,0.1,792.0
2025-10-01,Router,South,13,80,0.05,988.0
2025-10-01,Router,East,19,80,0.05,1444.0
2025-10-01,Webcam,West,9,55,0.1,445.5
2025-10-01,Webcam,North,10,55,0.1,495.0
2025-10-01,Webcam,South,3,55,0.05,156.75
2025-10-01,Webcam,East,6,55,0.05,313.5
2025-10-02,Laptop,West,10,650,0.1,5850.0
2025-10-02,Laptop,North,8,650,0.1,4680.0
2025-10-02,Laptop,South,7,650,0.05,4322.5
2025-10-02,Laptop,East,14,650,0.15,7735.0
2025-10-02,Monitor,West,10,220,0.0,2200.0
2025-10-02,Monitor,North,11,220,0.0,2420.0
2025-10-02,Monitor,South,12,220,0.0,2640.0
2025-10-02,Monitor,East,9,220,0.0,1980.0
2025-10-02,Keyboard,West,21,45,0.1,850.5
2025-10-02,Keyboard,North,25,45,0.0,1125.0
2025-10-02,Keyboard,South,17,45,0.0,765.0
2025-10-02,Keyboard,East,15,45,0.0,675.0
2025-10-02,Mouse,West,29,25,0.0,725.0
2025-10-02,Mouse,North,17,25,0.0,425.0
2025-10-02,Mouse,South,17,25,0.0,425.0
2025-10-02,Mouse,East,27,25,0.1,607.5
2025-10-02,Headset,West,15,60,0.1,810.0
2025-10-02,Headset,North,8,60,0.0,480.0
2025-10-02,Headset,South,5,60,0.0,300.0
2025-10-02,Headset,East,15,60,0.05,855.0
2025-10-02,Printer,West,8,180,0.0,1440.0
2025-10-02,Printer,North,5,180,0.05,855.0
2025-10-02,Printer,South,3,180,0.05,513.0
2025-10-02,Printer,East,16,180,0.0,2880.0
2025-10-02,Router,West,15,80,0.0,1200.0
2025-10-02,Router,North,10,80,0.1,720.0
2025-10-02,Router,South,10,80,0.1,720.0
2025-10-02,Router,East,11,80,0.1,792.0
2025-10-02,Webcam,West,10,55,0.05,522.5
2025-10-02,Webcam,North,4,55,0.05,209.0
2025-10-02,Webcam,South,3,55,0.05,156.75
2025-10-02,Webcam,East,8,55,0.05,418.0
2025-10-03,Laptop,West,7,650,0.1,4095.0
2025-10-03,Laptop,North,8,650,0.0,5200.0
2025-10-03,Laptop,South,11,650,0.0,7150.0
2025-10-03,Laptop,East,6,650,0.0,3900.0
2025-10-03,Monitor,West,20,220,0.05,4180.0
2025-10-03,Monitor,North,7,220,0.05,1463.0
2025-10-03,Monitor,South,10,220,0.05,2090.0
2025-10-03,Monitor,East,17,220,0.05,3553.0
2025-10-03,Keyboard,West,24,45,0.0,1080.0
2025-10-03,Keyboard,North,18,45,0.0,810.0
2025-10-03,Keyboard,South,18,45,0.05,769.5
2025-10-03,Keyboard,East,20,45,0.0,900.0
2025-10-03,Mouse,West,34,25,0.05,807.5
2025-10-03,Mouse,North,18,25,0.1,405.0
2025-10-03,Mouse,South,7,25,0.1,157.5
2025-10-03,Mouse,East,28,25,0.1,630.0
2025-10-03,Headset,West,15,60,0.1,810.0
2025-10-03,Headset,North,11,60,0.1,594.0
2025-10-03,Headset,South,13,60,0.1,702.0
2025-10-03,Headset,East,16,60,0.1,864.0
2025-10-03,Printer,West,8,180,0.1,1296.0
2025-10-03,Printer,North,5,180,0.15,765.0
2025-10-03,Printer,South,3,180,0.05,513.0
2025-10-03,Printer,East,11,180,0.15,1683.0
2025-10-03,Router,West,18,80,0.0,1440.0
2025-10-03,Router,North,8,80,0.1,576.0
2025-10-03,Router,South,11,80,0.1,792.0
2025-10-03,Router,East,11,80,0.05,836.0
2025-10-03,Webcam,West,11,55,0.05,574.75
2025-10-03,Webcam,North,10,55,0.0,550.0
2025-10-03,Webcam,South,9,55,0.0,495.0
2025-10-03,Webcam,East,2,55,0.0,110.0
2025-10-04,Laptop,West,10,650,0.05,6175.0
2025-10-04,Laptop,North,9,650,0.0,5850.0
2025-10-04,Laptop,South,10,650,0.0,6500.0
2025-10-04,Laptop,East,10,650,0.1,5850.0
2025-10-04,Monitor,West,10,220,0.1,1980.0
2025-10-04,Monitor,North,8,220,0.1,1584.0
2025-10-04,Monitor,South,6,220,0.05,1254.0
2025-10-04,Monitor,East,8,220,0.0,1760.0
2025-10-04,Keyboard,West,26,45,0.05,1111.5
2025-10-04,Keyboard,North,9,45,0.0,405.0
2025-10-04,Keyboard,South,15,45,0.0,675.0
2025-10-04,Keyboard,East,14,45,0.0,630.0
2025-10-04,Mouse,West,30,25,0.05,712.5
2025-10-04,Mouse,North,29,25,0.1,652.5
2025-10-04,Mouse,South,27,25,0.1,607.5
2025-10-04,Mouse,East,27,25,0.1,607.5
2025-10-04,Headset,West,12,60,0.05,684.0
2025-10-04,Headset,North,14,60,0.0,840.0
2025-10-04,Headset,South,7,60,0.0,420.0
2025-10-04,Headset,East,6,60,0.0,360.0
2025-10-04,Printer,West,8,180,0.1,1296.0
2025-10-04,Printer,North,5,180,0.05,855.0
2025-10-04,Printer,South,10,180,0.0,1800.0
2025-10-04,Printer,East,7,180,0.05,1197.0
2025-10-04,Router,West,16,80,0.05,1216.0
2025-10-04,Router,North,11,80,0.0,880.0
2025-10-04,Router,South,20,80,0.05,1520.0
2025-10-04,Router,East,11,80,0.05,836.0
2025-10-04,Webcam,West,5,55,0.05,261.25
2025-10-04,Webcam,North,6,55,0.1,297.0
2025-10-04,Webcam,South,1,55,0.0,55.0
2025-10-04,Webcam,East,9,55,0.0,495.0
2025-10-05,Laptop,West,18,650,0.0,11700.0
2025-10-05,Laptop,North,5,650,0.0,3250.0
2025-10-05,Laptop,South,4,650,0.0,2600.0
2025-10-05,Laptop,East,9,650,0.05,5557.5
2025-10-05,Monitor,West,7,220,0.05,1463.0
2025-10-05,Monitor,North,4,220,0.1,792.0
2025-10-05,Monitor,South,7,220,0.0,1540.0
2025-10-05,Monitor,East,10,220,0.0,2200.0
2025-10-05,Keyboard,West,25,45,0.05,1068.75
2025-10-05,Keyboard,North,21,45,0.0,945.0
2025-10-05,Keyboard,South,17,45,0.15,650.25
2025-10-05,Keyboard,East,20,45,0.1,810.0
2025-10-05,Mouse,West,37,25,0.0,925.0
2025-10-05,Mouse,North,24,25,0.0,600.0
2025-10-05,Mouse,South,17,25,0.0,425.0
2025-10-05,Mouse,East,23,25,0.05,546.25
2025-10-05,Headset,West,12,60,0.0,720.0
2025-10-05,Headset,North,7,60,0.0,420.0
2025-10-05,Headset,South,6,60,0.05,342.0
2025-10-05,Headset,East,9,60,0.0,540.0
2025-10-05,Printer,West,8,180,0.0,1440.0
2025-10-05,Printer,North,6,180,0.0,1080.0
2025-10-05,Printer,South,5,180,0.05,855.0
2025-10-05,Printer,East,7,180,0.1,1134.0
2025-10-05,Router,West,15,80,0.0,1200.0
2025-10-05,Router,North,8,80,0.0,640.0
2025-10-05,Router,South,11,80,0.1,792.0
2025-10-05,Router,East,15,80,0.1,1080.0
2025-10-05,Webcam,West,14,55,0.05,731.5
2025-10-05,Webcam,North,14,55,0.0,770.0
2025-10-05,Webcam,South,11,55,0.0,605.0
2025-10-05,Webcam,East,5,55,0.0,275.0
2025-10-06,Laptop,West,6,650,0.05,3705.0
2025-10-06,Laptop,North,8,650,0.0,5200.0
2025-10-06,Laptop,South,9,650,0.05,5557.5
2025-10-06,Laptop,East,8,650,0.1,4680.0
2025-10-06,Monitor,West,12,220,0.05,2508.0
2025-10-06,Monitor,North,5,220,0.0,1100.0
2025-10-06,Monitor,South,6,220,0.1,1188.0
2025-10-06,Monitor,East,13,220,0.0,2860.0
2025-10-06,Keyboard,West,18,45,0.0,810.0
2025-10-06,Keyboard,North,17,45,0.05,726.75
2025-10-06,Keyboard,South,11,45,0.05,470.25
2025-10-06,Keyboard,East,14,45,0.0,630.0
2025-10-06,Mouse,West,29,25,0.05,688.75
2025-10-06,Mouse,North,21,25,0.1,472.5
2025-10-06,Mouse,South,27,25,0.0,675.0
2025-10-06,Mouse,East,28,25,0.1,630.0
2025-10-06,Headset,West,18,60,0.05,1026.0
2025-10-06,Headset,North,9,60,0.05,513.0
2025-10-06,Headset,South,9,60,0.1,486.0
2025-10-06,Headset,East,14,60,0.0,840.0
2025-10-06,Printer,West,11,180,0.0,1980.0
2025-10-06,Printer,North,3,180,0.1,486.0
2025-10-06,Printer,South,7,180,0.05,1197.0
2025-10-06,Printer,East,4,180,0.05,684.0
2025-10-06,Router,West,19,80,0.05,1444.0
2025-10-06,Router,North,8,80,0.05,608.0
2025-10-06,Router,South,12,80,0.0,960.0
2025-10-06,Router,East,15,80,0.1,1080.0
2025-10-06,Webcam,West,10,55,0.0,550.0
2025-10-06,Webcam,North,3,55,0.05,156.75
2025-10-06,Webcam,South,3,55,0.0,165.0
2025-10-06,Webcam,East,4,55,0.05,209.0
2025-10-07,Laptop,West,7,650,0.0,4550.0
2025-10-07,Laptop,North,6,650,0.1,3510.0
2025-10-07,Laptop,South,8,650,0.0,5200.0
2025-10-07,Laptop,East,6,650,0.0,3900.0
2025-10-07,Monitor,West,9,220,0.0,1980.0
2025-10-07,Monitor,North,13,220,0.0,2860.0
2025-10-07,Monitor,South,9,220,0.1,1782.0
2025-10-07,Monitor,East,13,220,0.0,2860.0
2025-10-07,Keyboard,West,17,45,0.05,726.75
2025-10-07,Keyboard,North,5,45,0.05,213.75
2025-10-07,Keyboard,South,20,45,0.05,855.0
2025-10-07,Keyboard,East,23,45,0.0,1035.0
2025-10-07,Mouse,West,36,25,0.05,855.0
2025-10-07,Mouse,North,24,25,0.0,600.0
2025-10-07,Mouse,South,21,25,0.0,525.0
2025-10-07,Mouse,East,28,25,0.0,700.0
2025-10-07,Headset,West,15,60,0.05,855.0
2025-10-07,Headset,North,12,60,0.0,720.0
2025-10-07,Headset,South,13,60,0.05,741.0
2025-10-07,Headset,East,12,60,0.1,648.0
2025-10-07,Printer,West,11,180,0.0,1980.0
2025-10-07,Printer,North,4,180,0.15,612.0
2025-10-07,Printer,South,4,180,0.05,684.0
2025-10-07,Printer,East,2,180,0.0,360.0
2025-10-07,Router,West,18,80,0.0,1440.0
2025-10-07,Router,North,16,80,0.0,1280.0
2025-10-07,Router,South,10,80,0.0,800.0
2025-10-07,Router,East,17,80,0.1,1224.0
2025-10-07,Webcam,West,12,55,0.0,660.0
2025-10-07,Webcam,North,12,55,0.1,594.0
2025-10-07,Webcam,South,6,55,0.0,330.0
2025-10-07,Webcam,East,16,55,0.0,880.0
2025-10-08,Laptop,West,9,650,0.1,5265.0
2025-10-08,Laptop,North,7,650,0.05,4322.5
2025-10-08,Laptop,South,5,650,0.15,2762.5
2025-10-08,Laptop,East,15,650,0.05,9262.5
2025-10-08,Monitor,West,9,220,0.05,1881.0
2025-10-08,Monitor,North,9,220,0.0,1980.0
2025-10-08,Monitor,South,7,220,0.0,1540.0
2025-10-08,Monitor,East,14,220,0.05,2926.0
2025-10-08,Keyboard,West,21,45,0.05,897.75
2025-10-08,Keyboard,North,19,45,0.0,855.0
2025-10-08,Keyboard,South,11,45,0.05,470.25
2025-10-08,Keyboard,East,23,45,0.0,1035.0
2025-10-08,Mouse,West,26,25,0.05,617.5
2025-10-08,Mouse,North,24,25,0.05,570.0
2025-10-08,Mouse,South,13,25,0.0,325.0
2025-10-08,Mouse,East,17,25,0.0,425.0
2025-10-08,Headset,West,17,60,0.05,969.0
2025-10-08,Headset,North,10,60,0.05,570.0
2025-10-08,Headset,South,10,60,0.0,600.0
2025-10-08,Headset,East,11,60,0.05,627.0
2025-10-08,Printer,West,6,180,0.0,1080.0
2025-10-08,Printer,North,4,180,0.05,684.0
2025-10-08,Printer,South,4,180,0.0,720.0
2025-10-08,Printer,East,8,180,0.05,1368.0
2025-10-08,Router,West,16,80,0.15,1088.0
2025-10-08,Router,North,14,80,0.0,1120.0
2025-10-08,Router,South,14,80,0.05,1064.0
2025-10-08,Router,East,18,80,0.0,1440.0
2025-10-08,Webcam,West,12,55,0.0,660.0
2025-10-08,Webcam,North,2,55,0.15,93.5
2025-10-08,Webcam,South,4,55,0.1,198.0
2025-10-08,Webcam,East,9,55,0.0,495.0
2025-10-09,Laptop,West,12,650,0.1,7020.0
2025-10-09,Laptop,North,10,650,0.0,6500.0
2025-10-09,Laptop,South,4,650,0.0,2600.0
2025-10-09,Laptop,East,10,650,0.05,6175.0
2025-10-09,Monitor,West,13,220,0.05,2717.0
2025-10-09,Monitor,North,13,220,0.0,2860.0
2025-10-09,Monitor,South,2,220,0.05,418.0
2025-10-09,Monitor,East,10,220,0.05,2090.0
2025-10-09,Keyboard,West,15,45,0.0,675.0
2025-10-09,Keyboard,North,16,45,0.1,648.0
2025-10-09,Keyboard,South,21,45,0.0,945.0
2025-10-09,Keyboard,East,22,45,0.1,891.0
2025-10-09,Mouse,West,33,25,0.1,742.5
2025-10-09,Mouse,North,28,25,0.1,630.0
2025-10-09,Mouse,South,29,25,0.0,725.0
2025-10-09,Mouse,East,22,25,0.05,522.5
2025-10-09,Headset,West,10,60,0.1,540.0
2025-10-09,Headset,North,9,60,0.05,513.0
2025-10-09,Headset,South,10,60,0.1,540.0
2025-10-09,Headset,East,11,60,0.05,627.0
2025-10-09,Printer,West,6,180,0.0,1080.0
2025-10-09,Printer,North,7,180,0.05,1197.0
2025-10-09,Printer,South,8,180,0.05,1368.0
2025-10-09,Printer,East,5,180,0.05,855.0
2025-10-09,Router,West,18,80,0.05,1368.0
2025-10-09,Router,North,14,80,0.05,1064.0
2025-10-09,Router,South,12,80,0.05,912.0
2025-10-09,Router,East,16,80,0.1,1152.0
2025-10-09,Webcam,West,10,55,0.0,550.0
2025-10-09,Webcam,North,11,55,0.0,605.0
2025-10-09,Webcam,South,6,55,0.05,313.5
2025-10-09,Webcam,East,8,55,0.0,440.0
2025-10-10,Laptop,West,3,650,0.0,1950.0
2025-10-10,Laptop,North,13,650,0.05,8027.5
2025-10-10,Laptop,South,3,650,0.0,1950.0
2025-10-10,Laptop,East,10,650,0.0,6500.0
2025-10-10,Monitor,West,10,220,0.05,2090.0
2025-10-10,Monitor,North,10,220,0.05,2090.0
2025-10-10,Monitor,South,6,220,0.1,1188.0
2025-10-10,Monitor,East,6,220,0.05,1254.0
2025-10-10,Keyboard,West,21,45,0.05,897.75
2025-10-10,Keyboard,North,19,45,0.05,812.25
2025-10-10,Keyboard,South,13,45,0.05,555.75
2025-10-10,Keyboard,East,21,45,0.05,897.75
2025-10-10,Mouse,West,25,25,0.0,625.0
2025-10-10,Mouse,North,19,25,0.0,475.0
2025-10-10,Mouse,South,22,25,0.05,522.5
2025-10-10,Mouse,East,25,25,0.1,562.5
2025-10-10,Headset,West,11,60,0.0,660.0
2025-10-10,Headset,North,14,60,0.1,756.0
2025-10-10,Headset,South,6,60,0.05,342.0
2025-10-10,Headset,East,10,60,0.0,600.0
2025-10-10,Printer,West,3,180,0.05,513.0
2025-10-10,Printer,North,5,180,0.0,900.0
2025-10-10,Printer,South,4,180,0.1,648.0
2025-10-10,Printer,East,8,180,0.05,1368.0
2025-10-10,Router,West,17,80,0.0,1360.0
2025-10-10,Router,North,7,80,0.05,532.0
2025-10-10,Router,South,7,80,0.0,560.0
2025-10-10,Router,East,8,80,0.05,608.0
2025-10-10,Webcam,West,10,55,0.05,522.5
2025-10-10,Webcam,North,10,55,0.0,550.0
2025-10-10,Webcam,South,7,55,0.05,365.75
2025-10-10,Webcam,East,3,55,0.05,156.75
2025-10-11,Laptop,West,3,650,0.1,1755.0
2025-10-11,Laptop,North,8,650,0.0,5200.0
2025-10-11,Laptop,South,3,650,0.0,1950.0
2025-10-11,Laptop,East,6,650,0.0,3900.0
2025-10-11,Monitor,West,6,220,0.0,1320.0
2025-10-11,Monitor,North,14,220,0.05,2926.0
2025-10-11,Monitor,South,13,220,0.0,2860.0
2025-10-11,Monitor,East,11,220,0.05,2299.0
2025-10-11,Keyboard,West,21,45,0.05,897.75
2025-10-11,Keyboard,North,17,45,0.0,765.0
2025-10-11,Keyboard,South,11,45,0.0,495.0
2025-10-11,Keyboard,East,22,45,0.0,990.0
2025-10-11,Mouse,West,34,25,0.0,850.0
2025-10-11,Mouse,North,19,25,0.1,427.5
2025-10-11,Mouse,South,23,25,0.1,517.5
2025-10-11,Mouse,East,21,25,0.0,525.0
2025-10-11,Headset,West,12,60,0.0,720.0
2025-10-11,Headset,North,9,60,0.15,459.0
2025-10-11,Headset,South,11,60,0.1,594.0
2025-10-11,Headset,East,12,60,0.05,684.0
2025-10-11,Printer,West,5,180,0.05,855.0
2025-10-11,Printer,North,8,180,0.15,1224.0
2025-10-11,Printer,South,4,180,0.1,648.0
2025-10-11,Printer,East,3,180,0.05,513.0
2025-10-11,Router,West,14,80,0.15,952.0
2025-10-11,Router,North,5,80,0.05,380.0
2025-10-11,Router,South,11,80,0.0,880.0
2025-10-11,Router,East,18,80,0.05,1368.0
2025-10-11,Webcam,West,10,55,0.05,522.5
2025-10-11,Webcam,North,13,55,0.05,679.25
2025-10-11,Webcam,South,5,55,0.05,261.25
2025-10-11,Webcam,East,12,55,0.1,594.0
2025-10-12,Laptop,West,7,650,0.05,4322.5
2025-10-12,Laptop,North,6,650,0.0,3900.0
2025-10-12,Laptop,South,7,650,0.1,4095.0
2025-10-12,Laptop,East,8,650,0.0,5200.0
2025-10-12,Monitor,West,11,220,0.0,2420.0
2025-10-12,Monitor,North,6,220,0.05,1254.0
2025-10-12,Monitor,South,8,220,0.05,1672.0
2025-10-12,Monitor,East,10,220,0.0,2200.0
2025-10-12,Keyboard,West,29,45,0.05,1239.75
2025-10-12,Keyboard,North,16,45,0.05,684.0
2025-10-12,Keyboard,South,12,45,0.0,540.0
2025-10-12,Keyboard,East,21,45,0.05,897.75
2025-10-12,Mouse,West,22,25,0.05,522.5
2025-10-12,Mouse,North,19,25,0.05,451.25
2025-10-12,Mouse,South,14,25,0.1,315.0
2025-10-12,Mouse,East,14,25,0.1,315.0
2025-10-12,Headset,West,15,60,0.0,900.0
2025-10-12,Headset,North,15,60,0.1,810.0
2025-10-12,Headset,South,8,60,0.05,456.0
2025-10-12,Headset,East,12,60,0.05,684.0
2025-10-12,Printer,West,6,180,0.1,972.0
2025-10-12,Printer,North,7,180,0.0,1260.0
2025-10-12,Printer,South,6,180,0.0,1080.0
2025-10-12,Printer,East,6,180,0.0,1080.0
2025-10-12,Router,West,12,80,0.1,864.0
2025-10-12,Router,North,20,80,0.05,1520.0
2025-10-12,Router,South,17,80,0.05,1292.0
2025-10-12,Router,East,15,80,0.0,1200.0
2025-10-12,Webcam,West,9,55,0.0,495.0
2025-10-12,Webcam,North,7,55,0.0,385.0
2025-10-12,Webcam,South,6,55,0.1,297.0
2025-10-12,Webcam,East,7,55,0.1,346.5
2025-10-13,Laptop,West,12,650,0.0,7800.0
2025-10-13,Laptop,North,7,650,0.1,4095.0
2025-10-13,Laptop,South,5,650,0.1,2925.0
2025-10-13,Laptop,East,7,650,0.0,4550.0
2025-10-13,Monitor,West,19,220,0.05,3971.0
2025-10-13,Monitor,North,11,220,0.0,2420.0
2025-10-13,Monitor,South,6,220,0.05,1254.0
2025-10-13,Monitor,East,10,220,0.1,1980.0
2025-10-13,Keyboard,West,18,45,0.0,810.0
2025-10-13,Keyboard,North,16,45,0.05,684.0
2025-10-13,Keyboard,South,16,45,0.0,720.0
2025-10-13,Keyboard,East,17,45,0.05,726.75
2025-10-13,Mouse,West,22,25,0.0,550.0
2025-10-13,Mouse,North,28,25,0.0,700.0
2025-10-13,Mouse,South,30,25,0.0,750.0
2025-10-13,Mouse,East,24,25,0.05,570.0
2025-10-13,Headset,West,8,60,0.05,456.0
2025-10-13,Headset,North,14,60,0.1,756.0
2025-10-13,Headset,South,14,60,0.0,840.0
2025-10-13,Headset,East,12,60,0.05,684.0
2025-10-13,Printer,West,3,180,0.1,486.0
2025-10-13,Printer,North,6,180,0.05,1026.0
2025-10-13,Printer,South,4,180,0.0,720.0
2025-10-13,Printer,East,5,180,0.0,900.0
2025-10-13,Router,West,8,80,0.1,576.0
2025-10-13,Router,North,12,80,0.05,912.0
2025-10-13,Router,South,4,80,0.0,320.0
2025-10-13,Router,East,13,80,0.0,1040.0
2025-10-13,Webcam,West,9,55,0.1,445.5
2025-10-13,Webcam,North,10,55,0.1,495.0
2025-10-13,Webcam,South,4,55,0.0,220.0
2025-10-13,Webcam,East,3,55,0.0,165.0
2025-10-14,Laptop,West,7,650,0.05,4322.5
2025-10-14,Laptop,North,8,650,0.0,5200.0
2025-10-14,Laptop,South,5,650,0.05,3087.5
2025-10-14,Laptop,East,3,650,0.0,1950.0
2025-10-14,Monitor,West,14,220,0.0,3080.0
2025-10-14,Monitor,North,8,220,0.15,1496.0
2025-10-14,Monitor,South,12,220,0.05,2508.0
2025-10-14,Monitor,East,6,220,0.05,1254.0
2025-10-14,Keyboard,West,21,45,0.05,897.75
2025-10-14,Keyboard,North,9,45,0.05,384.75
2025-10-14,Keyboard,South,17,45,0.0,765.0
2025-10-14,Keyboard,East,18,45,0.0,810.0
2025-10-14,Mouse,West,26,25,0.0,650.0
2025-10-14,Mouse,North,24,25,0.05,570.0
2025-10-14,Mouse,South,29,25,0.1,652.5
2025-10-14,Mouse,East,26,25,0.0,650.0
2025-10-14,Headset,West,12,60,0.1,648.0
2025-10-14,Headset,North,9,60,0.15,459.0
2025-10-14,Headset,South,9,60,0.1,486.0
2025-10-14,Headset,East,11,60,0.0,660.0
2025-10-14,Printer,West,5,180,0.1,810.0
2025-10-14,Printer,North,5,180,0.15,765.0
2025-10-14,Printer,South,4,180,0.05,684.0
2025-10-14,Printer,East,4,180,0.05,684.0
2025-10-14,Router,West,11,80,0.05,836.0
2025-10-14,Router,North,15,80,0.1,1080.0
2025-10-14,Router,South,15,80,0.05,1140.0
2025-10-14,Router,East,12,80,0.1,864.0
2025-10-14,Webcam,West,12,55,0.0,660.0
2025-10-14,Webcam,North,12,55,0.0,660.0
2025-10-14,Webcam,South,12,55,0.0,660.0
2025-10-14,Webcam,East,9,55,0.1,445.5
2025-10-15,Laptop,West,9,650,0.0,5850.0
2025-10-15,Laptop,North,10,650,0.0,6500.0
2025-10-15,Laptop,South,8,650,0.05,4940.0
2025-10-15,Laptop,East,6,650,0.0,3900.0
2025-10-15,Monitor,West,5,220,0.15,935.0
2025-10-15,Monitor,North,5,220,0.0,1100.0
2025-10-15,Monitor,South,8,220,0.05,1672.0
2025-10-15,Monitor,East,16,220,0.0,3520.0
2025-10-15,Keyboard,West,28,45,0.0,1260.0
2025-10-15,Keyboard,North,19,45,0.0,855.0
2025-10-15,Keyboard,South,12,45,0.0,540.0
2025-10-15,Keyboard,East,12,45,0.1,486.0
2025-10-15,Mouse,West,29,25,0.05,688.75
2025-10-15,Mouse,North,22,25,0.1,495.0
2025-10-15,Mouse,South,18,25,0.0,450.0
2025-10-15,Mouse,East,22,25,0.05,522.5
2025-10-15,Headset,West,10,60,0.1,540.0
2025-10-15,Headset,North,7,60,0.1,378.0
2025-10-15,Headset,South,8,60,0.05,456.0
2025-10-15,Headset,East,18,60,0.1,972.0
2025-10-15,Printer,West,6,180,0.0,1080.0
2025-10-15,Printer,North,5,180,0.0,900.0
2025-10-15,Printer,South,6,180,0.1,972.0
2025-10-15,Printer,East,4,180,0.0,720.0
2025-10-15,Router,West,9,80,0.0,720.0
2025-10-15,Router,North,13,80,0.05,988.0
2025-10-15,Router,South,14,80,0.05,1064.0
2025-10-15,Router,East,18,80,0.0,1440.0
2025-10-15,Webcam,West,6,55,0.0,330.0
2025-10-15,Webcam,North,14,55,0.15,654.5
2025-10-15,Webcam,South,9,55,0.05,470.25
2025-10-15,Webcam,East,2,55,0.05,104.5
2025-10-16,Laptop,West,7,650,0.0,4550.0
2025-10-16,Laptop,North,8,650,0.0,5200.0
2025-10-16,Laptop,South,9,650,0.0,5850.0
2025-10-16,Laptop,East,10,650,0.05,6175.0
2025-10-16,Monitor,West,11,220,0.1,2178.0
2025-10-16,Monitor,North,12,220,0.15,2244.0
2025-10-16,Monitor,South,8,220,0.0,1760.0
2025-10-16,Monitor,East,13,220,0.0,2860.0
2025-10-16,Keyboard,West,23,45,0.0,1035.0
2025-10-16,Keyboard,North,24,45,0.05,1026.0
2025-10-16,Keyboard,South,19,45,0.05,812.25
2025-10-16,Keyboard,East,17,45,0.1,688.5
2025-10-16,Mouse,West,20,25,0.05,475.0
2025-10-16,Mouse,North,28,25,0.1,630.0
2025-10-16,Mouse,South,19,25,0.05,451.25
2025-10-16,Mouse,East,24,25,0.15,510.0
2025-10-16,Headset,West,11,60,0.0,660.0
2025-10-16,Headset,North,15,60,0.0,900.0
2025-10-16,Headset,South,13,60,0.0,780.0
2025-10-16,Headset,East,13,60,0.1,702.0
2025-10-16,Printer,West,4,180,0.05,684.0
2025-10-16,Printer,North,4,180,0.1,648.0
2025-10-16,Printer,South,6,180,0.05,1026.0
2025-10-16,Printer,East,6,180,0.1,972.0
2025-10-16,Router,West,17,80,0.0,1360.0
2025-10-16,Router,North,13,80,0.05,988.0
2025-10-16,Router,South,13,80,0.05,988.0
2025-10-16,Router,East,15,80,0.0,1200.0
2025-10-16,Webcam,West,5,55,0.0,275.0
2025-10-16,Webcam,North,2,55,0.0,110.0
2025-10-16,Webcam,South,4,55,0.05,209.0
2025-10-16,Webcam,East,6,55,0.1,297.0
2025-10-17,Laptop,West,4,650,0.1,2340.0
2025-10-17,Laptop,North,8,650,0.1,4680.0
2025-10-17,Laptop,South,5,650,0.05,3087.5
2025-10-17,Laptop,East,9,650,0.0,5850.0
2025-10-17,Monitor,West,13,220,0.05,2717.0
2025-10-17,Monitor,North,11,220,0.0,2420.0
2025-10-17,Monitor,South,10,220,0.0,2200.0
2025-10-17,Monitor,East,10,220,0.1,1980.0
2025-10-17,Keyboard,West,21,45,0.05,897.75
2025-10-17,Keyboard,North,19,45,0.1,769.5
2025-10-17,Keyboard,South,15,45,0.1,607.5
2025-10-17,Keyboard,East,14,45,0.1,567.0
2025-10-17,Mouse,West,33,25,0.0,825.0
2025-10-17,Mouse,North,23,25,0.0,575.0
2025-10-17,Mouse,South,18,25,0.0,450.0
2025-10-17,Mouse,East,30,25,0.05,712.5
2025-10-17,Headset,West,14,60,0.0,840.0
2025-10-17,Headset,North,15,60,0.0,900.0
2025-10-17,Headset,South,7,60,0.0,420.0
2025-10-17,Headset,East,10,60,0.05,570.0
2025-10-17,Printer,West,5,180,0.05,855.0
2025-10-17,Printer,North,4,180,0.05,684.0
2025-10-17,Printer,South,4,180,0.0,720.0
2025-10-17,Printer,East,3,180,0.0,540.0
2025-10-17,Router,West,13,80,0.1,936.0
2025-10-17,Router,North,18,80,0.05,1368.0
2025-10-17,Router,South,20,80,0.1,1440.0
2025-10-17,Router,East,12,80,0.0,960.0
2025-10-17,Webcam,West,11,55,0.1,544.5
2025-10-17,Webcam,North,7,55,0.1,346.5
2025-10-17,Webcam,South,12,55,0.05,627.0
2025-10-17,Webcam,East,14,55,0.05,731.5
2025-10-18,Laptop,West,11,650,0.0,7150.0
2025-10-18,Laptop,North,8,650,0.15,4420.0
2025-10-18,Laptop,South,12,650,0.1,7020.0
2025-10-18,Laptop,East,9,650,0.05,5557.5
2025-10-18,Monitor,West,12,220,0.05,2508.0
2025-10-18,Monitor,North,11,220,0.0,2420.0
2025-10-18,Monitor,South,9,220,0.0,1980.0
2025-10-18,Monitor,East,10,220,0.05,2090.0
2025-10-18,Keyboard,West,21,45,0.05,897.75
2025-10-18,Keyboard,North,23,45,0.0,1035.0
2025-10-18,Keyboard,South,12,45,0.0,540.0
2025-10-18,Keyboard,East,23,45,0.0,1035.0
2025-10-18,Mouse,West,29,25,0.0,725.0
2025-10-18,Mouse,North,31,25,0.05,736.25
2025-10-18,Mouse,South,22,25,0.0,550.0
2025-10-18,Mouse,East,26,25,0.1,585.0
2025-10-18,Headset,West,10,60,0.05,570.0
2025-10-18,Headset,North,4,60,0.0,240.0
2025-10-18,Headset,South,15,60,0.1,810.0
2025-10-18,Headset,East,4,60,0.1,216.0
2025-10-18,Printer,West,7,180,0.0,1260.0
2025-10-18,Printer,North,5,180,0.05,855.0
2025-10-18,Printer,South,1,180,0.1,162.0
2025-10-18,Printer,East,12,180,0.0,2160.0
2025-10-18,Router,West,17,80,0.0,1360.0
2025-10-18,Router,North,17,80,0.05,1292.0
2025-10-18,Router,South,16,80,0.05,1216.0
2025-10-18,Router,East,7,80,0.05,532.0
2025-10-18,Webcam,West,7,55,0.0,385.0
2025-10-18,Webcam,North,9,55,0.0,495.0
2025-10-18,Webcam,South,9,55,0.0,495.0
2025-10-18,Webcam,East,10,55,0.0,550.0
2025-10-19,Laptop,West,9,650,0.0,5850.0
2025-10-19,Laptop,North,8,650,0.0,5200.0
2025-10-19,Laptop,South,3,650,0.05,1852.5
2025-10-19,Laptop,East,10,650,0.0,6500.0
2025-10-19,Monitor,West,7,220,0.0,1540.0
2025-10-19,Monitor,North,11,220,0.05,2299.0
2025-10-19,Monitor,South,11,220,0.0,2420.0
2025-10-19,Monitor,East,9,220,0.1,1782.0
2025-10-19,Keyboard,West,20,45,0.0,900.0
2025-10-19,Keyboard,North,11,45,0.1,445.5
2025-10-19,Keyboard,South,15,45,0.0,675.0
2025-10-19,Keyboard,East,27,45,0.05,1154.25
2025-10-19,Mouse,West,28,25,0.15,595.0
2025-10-19,Mouse,North,14,25,0.1,315.0
2025-10-19,Mouse,South,25,25,0.05,593.75
2025-10-19,Mouse,East,28,25,0.0,700.0
2025-10-19,Headset,West,10,60,0.0,600.0
2025-10-19,Headset,North,10,60,0.0,600.0
2025-10-19,Headset,South,8,60,0.0,480.0
2025-10-19,Headset,East,13,60,0.0,780.0
2025-10-19,Printer,West,3,180,0.0,540.0
2025-10-19,Printer,North,4,180,0.05,684.0
2025-10-19,Printer,South,6,180,0.1,972.0
2025-10-19,Printer,East,4,180,0.05,684.0
2025-10-19,Router,West,11,80,0.05,836.0
2025-10-19,Router,North,11,80,0.0,880.0
2025-10-19,Router,South,12,80,0.05,912.0
2025-10-19,Router,East,11,80,0.05,836.0
2025-10-19,Webcam,West,10,55,0.05,522.5
2025-10-19,Webcam,North,7,55,0.1,346.5
2025-10-19,Webcam,South,8,55,0.0,440.0
2025-10-19,Webcam,East,10,55,0.1,495.0
2025-10-20,Laptop,West,10,650,0.0,6500.0
2025-10-20,Laptop,North,5,650,0.0,3250.0
2025-10-20,Laptop,South,7,650,0.0,4550.0
2025-10-20,Laptop,East,8,650,0.05,4940.0
2025-10-20,Monitor,West,8,220,0.05,1672.0
2025-10-20,Monitor,North,8,220,0.0,1760.0
2025-10-20,Monitor,South,8,220,0.0,1760.0
2025-10-20,Monitor,East,16,220,0.0,3520.0
2025-10-20,Keyboard,West,23,45,0.05,983.25
2025-10-20,Keyboard,North,19,45,0.0,855.0
2025-10-20,Keyboard,South,12,45,0.05,513.0
2025-10-20,Keyboard,East,26,45,0.0,1170.0
2025-10-20,Mouse,West,30,25,0.0,750.0
2025-10-20,Mouse,North,31,25,0.1,697.5
2025-10-20,Mouse,South,16,25,0.05,380.0
2025-10-20,Mouse,East,24,25,0.0,600.0
2025-10-20,Headset,West,16,60,0.05,912.0
2025-10-20,Headset,North,7,60,0.05,399.0
2025-10-20,Headset,South,8,60,0.0,480.0
2025-10-20,Headset,East,12,60,0.1,648.0
2025-10-20,Printer,West,10,180,0.1,1620.0
2025-10-20,Printer,North,11,180,0.0,1980.0
2025-10-20,Printer,South,3,180,0.15,459.0
2025-10-20,Printer,East,8,180,0.0,1440.0
2025-10-20,Router,West,10,80,0.05,760.0
2025-10-20,Router,North,13,80,0.0,1040.0
2025-10-20,Router,South,12,80,0.0,960.0
2025-10-20,Router,East,18,80,0.0,1440.0
2025-10-20,Webcam,West,10,55,0.05,522.5
2025-10-20,Webcam,North,17,55,0.0,935.0
2025-10-20,Webcam,South,8,55,0.1,396.0
2025-10-20,Webcam,East,9,55,0.0,495.0
2025-10-21,Laptop,West,11,650,0.0,7150.0
2025-10-21,Laptop,North,6,650,0.0,3900.0
2025-10-21,Laptop,South,11,650,0.0,7150.0
2025-10-21,Laptop,East,7,650,0.05,4322.5
2025-10-21,Monitor,West,8,220,0.05,1672.0
2025-10-21,Monitor,North,16,220,0.0,3520.0
2025-10-21,Monitor,South,9,220,0.05,1881.0
2025-10-21,Monitor,East,7,220,0.0,1540.0
2025-10-21,Keyboard,West,18,45,0.0,810.0
2025-10-21,Keyboard,North,15,45,0.1,607.5
2025-10-21,Keyboard,South,14,45,0.0,630.0
2025-10-21,Keyboard,East,30,45,0.15,1147.5
2025-10-21,Mouse,West,33,25,0.1,742.5
2025-10-21,Mouse,North,13,25,0.0,325.0
2025-10-21,Mouse,South,20,25,0.05,475.0
2025-10-21,Mouse,East,27,25,0.15,573.75
2025-10-21,Headset,West,16,60,0.0,960.0
2025-10-21,Headset,North,7,60,0.05,399.0
2025-10-21,Headset,South,12,60,0.15,612.0
2025-10-21,Headset,East,11,60,0.1,594.0
2025-10-21,Printer,West,10,180,0.05,1710.0
2025-10-21,Printer,North,8,180,0.0,1440.0
2025-10-21,Printer,South,1,180,0.05,171.0
2025-10-21,Printer,East,3,180,0.05,513.0
2025-10-21,Router,West,17,80,0.0,1360.0
2025-10-21,Router,North,11,80,0.0,880.0
2025-10-21,Router,South,9,80,0.0,720.0
2025-10-21,Router,East,17,80,0.0,1360.0
2025-10-21,Webcam,West,5,55,0.05,261.25
2025-10-21,Webcam,North,9,55,0.1,445.5
2025-10-21,Webcam,South,8,55,0.05,418.0
2025-10-21,Webcam,East,6,55,0.15,280.5
2025-10-22,Laptop,West,14,650,0.0,9100.0
2025-10-22,Laptop,North,10,650,0.0,6500.0
2025-10-22,Laptop,South,6,650,0.0,3900.0
2025-10-22,Laptop,East,12,650,0.0,7800.0
2025-10-22,Monitor,West,16,220,0.0,3520.0
2025-10-22,Monitor,North,11,220,0.0,2420.0
2025-10-22,Monitor,South,12,220,0.0,2640.0
2025-10-22,Monitor,East,7,220,0.05,1463.0
2025-10-22,Keyboard,West,24,45,0.1,972.0
2025-10-22,Keyboard,North,14,45,0.05,598.5
2025-10-22,Keyboard,South,20,45,0.1,810.0
2025-10-22,Keyboard,East,17,45,0.05,726.75
2025-10-22,Mouse,West,23,25,0.0,575.0
2025-10-22,Mouse,North,19,25,0.0,475.0
2025-10-22,Mouse,South,22,25,0.1,495.0
2025-10-22,Mouse,East,25,25,0.0,625.0
2025-10-22,Headset,West,10,60,0.0,600.0
2025-10-22,Headset,North,12,60,0.1,648.0
2025-10-22,Headset,South,20,60,0.1,1080.0
2025-10-22,Headset,East,14,60,0.0,840.0
2025-10-22,Printer,West,12,180,0.1,1944.0
2025-10-22,Printer,North,2,180,0.0,360.0
2025-10-22,Printer,South,7,180,0.0,1260.0
2025-10-22,Printer,East,2,180,0.05,342.0
2025-10-22,Router,West,12,80,0.0,960.0
2025-10-22,Router,North,14,80,0.15,952.0
2025-10-22,Router,South,13,80,0.05,988.0
2025-10-22,Router,East,16,80,0.05,1216.0
2025-10-22,Webcam,West,11,55,0.1,544.5
2025-10-22,Webcam,North,9,55,0.05,470.25
2025-10-22,Webcam,South,11,55,0.0,605.0
2025-10-22,Webcam,East,8,55,0.0,440.0
2025-10-23,Laptop,West,8,650,0.05,4940.0
2025-10-23,Laptop,North,6,650,0.1,3510.0
2025-10-23,Laptop,South,5,650,0.0,3250.0
2025-10-23,Laptop,East,7,650,0.0,4550.0
2025-10-23,Monitor,West,9,220,0.0,1980.0
2025-10-23,Monitor,North,9,220,0.05,1881.0
2025-10-23,Monitor,South,8,220,0.0,1760.0
2025-10-23,Monitor,East,4,220,0.0,880.0
2025-10-23,Keyboard,West,22,45,0.05,940.5
2025-10-23,Keyboard,North,16,45,0.0,720.0
2025-10-23,Keyboard,South,10,45,0.0,450.0
2025-10-23,Keyboard,East,15,45,0.0,675.0
2025-10-23,Mouse,West,31,25,0.15,658.75
2025-10-23,Mouse,North,23,25,0.05,546.25
2025-10-23,Mouse,South,20,25,0.1,450.0
2025-10-23,Mouse,East,25,25,0.1,562.5
2025-10-23,Headset,West,16,60,0.0,960.0
2025-10-23,Headset,North,16,60,0.0,960.0
2025-10-23,Headset,South,12,60,0.0,720.0
2025-10-23,Headset,East,15,60,0.1,810.0
2025-10-23,Printer,West,9,180,0.0,1620.0
2025-10-23,Printer,North,3,180,0.05,513.0
2025-10-23,Printer,South,3,180,0.0,540.0
2025-10-23,Printer,East,10,180,0.0,1800.0
2025-10-23,Router,West,17,80,0.05,1292.0
2025-10-23,Router,North,15,80,0.0,1200.0
2025-10-23,Router,South,8,80,0.05,608.0
2025-10-23,Router,East,9,80,0.1,648.0
2025-10-23,Webcam,West,12,55,0.0,660.0
2025-10-23,Webcam,North,7,55,0.05,365.75
2025-10-23,Webcam,South,7,55,0.05,365.75
2025-10-23,Webcam,East,6,55,0.0,330.0
2025-10-24,Laptop,West,8,650,0.05,4940.0
2025-10-24,Laptop,North,7,650,0.1,4095.0
2025-10-24,Laptop,South,8,650,0.0,5200.0
2025-10-24,Laptop,East,4,650,0.0,2600.0
2025-10-24,Monitor,West,11,220,0.1,2178.0
2025-10-24,Monitor,North,11,220,0.05,2299.0
2025-10-24,Monitor,South,11,220,0.05,2299.0
2025-10-24,Monitor,East,8,220,0.15,1496.0
2025-10-24,Keyboard,West,16,45,0.0,720.0
2025-10-24,Keyboard,North,19,45,0.1,769.5
2025-10-24,Keyboard,South,13,45,0.05,555.75
2025-10-24,Keyboard,East,20,45,0.1,810.0
2025-10-24,Mouse,West,19,25,0.05,451.25
2025-10-24,Mouse,North,23,25,0.05,546.25
2025-10-24,Mouse,South,20,25,0.0,500.0
2025-10-24,Mouse,East,27,25,0.1,607.5
2025-10-24,Headset,West,16,60,0.0,960.0
2025-10-24,Headset,North,6,60,0.05,342.0
2025-10-24,Headset,South,18,60,0.0,1080.0
2025-10-24,Headset,East,16,60,0.0,960.0
2025-10-24,Printer,West,8,180,0.0,1440.0
2025-10-24,Printer,North,4,180,0.1,648.0
2025-10-24,Printer,South,9,180,0.05,1539.0
2025-10-24,Printer,East,4,180,0.0,720.0
2025-10-24,Router,West,19,80,0.0,1520.0
2025-10-24,Router,North,19,80,0.0,1520.0
2025-10-24,Router,South,9,80,0.0,720.0
2025-10-24,Router,East,8,80,0.0,640.0
2025-10-24,Webcam,West,8,55,0.0,440.0
2025-10-24,Webcam,North,9,55,0.0,495.0
2025-10-24,Webcam,South,8,55,0.15,374.0
2025-10-24,Webcam,East,4,55,0.0,220.0
2025-10-25,Laptop,West,6,650,0.05,3705.0
2025-10-25,Laptop,North,8,650,0.0,5200.0
2025-10-25,Laptop,South,7,650,0.05,4322.5
2025-10-25,Laptop,East,10,650,0.1,5850.0
2025-10-25,Monitor,West,14,220,0.1,2772.0
2025-10-25,Monitor,North,10,220,0.1,1980.0
2025-10-25,Monitor,South,14,220,0.0,3080.0
2025-10-25,Monitor,East,8,220,0.05,1672.0
2025-10-25,Keyboard,West,21,45,0.1,850.5
2025-10-25,Keyboard,North,17,45,0.0,765.0
2025-10-25,Keyboard,South,11,45,0.0,495.0
2025-10-25,Keyboard,East,20,45,0.0,900.0
2025-10-25,Mouse,West,30,25,0.1,675.0
2025-10-25,Mouse,North,24,25,0.05,570.0
2025-10-25,Mouse,South,27,25,0.0,675.0
2025-10-25,Mouse,East,23,25,0.0,575.0
2025-10-25,Headset,West,5,60,0.0,300.0
2025-10-25,Headset,North,9,60,0.05,513.0
2025-10-25,Headset,South,13,60,0.0,780.0
2025-10-25,Headset,East,8,60,0.1,432.0
2025-10-25,Printer,West,9,180,0.0,1620.0
2025-10-25,Printer,North,7,180,0.1,1134.0
2025-10-25,Printer,South,7,180,0.05,1197.0
2025-10-25,Printer,East,9,180,0.05,1539.0
2025-10-25,Router,West,16,80,0.05,1216.0
2025-10-25,Router,North,13,80,0.05,988.0
2025-10-25,Router,South,12,80,0.05,912.0
2025-10-25,Router,East,16,80,0.1,1152.0
2025-10-25,Webcam,West,18,55,0.1,891.0
2025-10-25,Webcam,North,12,55,0.1,594.0
2025-10-25,Webcam,South,7,55,0.0,385.0
2025-10-25,Webcam,East,5,55,0.0,275.0
2025-10-26,Laptop,West,10,650,0.0,6500.0
2025-10-26,Laptop,North,10,650,0.15,5525.0
2025-10-26,Laptop,South,4,650,0.0,2600.0
2025-10-26,Laptop,East,11,650,0.1,6435.0
2025-10-26,Monitor,West,12,220,0.0,2640.0
2025-10-26,Monitor,North,12,220,0.0,2640.0
2025-10-26,Monitor,South,10,220,0.15,1870.0
2025-10-26,Monitor,East,13,220,0.0,2860.0
2025-10-26,Keyboard,West,15,45,0.05,641.25
2025-10-26,Keyboard,North,17,45,0.1,688.5
2025-10-26,Keyboard,South,16,45,0.05,684.0
2025-10-26,Keyboard,East,16,45,0.0,720.0
2025-10-26,Mouse,West,18,25,0.05,427.5
2025-10-26,Mouse,North,29,25,0.1,652.5
2025-10-26,Mouse,South,19,25,0.05,451.25
2025-10-26,Mouse,East,22,25,0.0,550.0
2025-10-26,Headset,West,17,60,0.1,918.0
2025-10-26,Headset,North,12,60,0.1,648.0
2025-10-26,Headset,South,12,60,0.0,720.0
2025-10-26,Headset,East,8,60,0.0,480.0
2025-10-26,Printer,West,8,180,0.15,1224.0
2025-10-26,Printer,North,3,180,0.1,486.0
2025-10-26,Printer,South,6,180,0.05,1026.0
2025-10-26,Printer,East,4,180,0.0,720.0
2025-10-26,Router,West,11,80,0.0,880.0
2025-10-26,Router,North,13,80,0.05,988.0
2025-10-26,Router,South,19,80,0.0,1520.0
2025-10-26,Router,East,11,80,0.1,792.0
2025-10-26,Webcam,West,9,55,0.1,445.5
2025-10-26,Webcam,North,9,55,0.0,495.0
2025-10-26,Webcam,South,4,55,0.05,209.0
2025-10-26,Webcam,East,10,55,0.0,550.0
2025-10-27,Laptop,West,5,650,0.05,3087.5
2025-10-27,Laptop,North,15,650,0.05,9262.5
2025-10-27,Laptop,South,5,650,0.0,3250.0
2025-10-27,Laptop,East,10,650,0.1,5850.0
2025-10-27,Monitor,West,11,220,0.05,2299.0
2025-10-27,Monitor,North,10,220,0.0,2200.0
2025-10-27,Monitor,South,7,220,0.0,1540.0
2025-10-27,Monitor,East,6,220,0.1,1188.0
2025-10-27,Keyboard,West,27,45,0.05,1154.25
2025-10-27,Keyboard,North,14,45,0.0,630.0
2025-10-27,Keyboard,South,19,45,0.15,726.75
2025-10-27,Keyboard,East,18,45,0.0,810.0
2025-10-27,Mouse,West,21,25,0.0,525.0
2025-10-27,Mouse,North,30,25,0.0,750.0
2025-10-27,Mouse,South,21,25,0.0,525.0
2025-10-27,Mouse,East,35,25,0.0,875.0
2025-10-27,Headset,West,11,60,0.0,660.0
2025-10-27,Headset,North,11,60,0.0,660.0
2025-10-27,Headset,South,14,60,0.05,798.0
2025-10-27,Headset,East,20,60,0.1,1080.0
2025-10-27,Printer,West,1,180,0.05,171.0
2025-10-27,Printer,North,9,180,0.0,1620.0
2025-10-27,Printer,South,8,180,0.0,1440.0
2025-10-27,Printer,East,3,180,0.1,486.0
2025-10-27,Router,West,9,80,0.15,612.0
2025-10-27,Router,North,8,80,0.1,576.0
2025-10-27,Router,South,14,80,0.15,952.0
2025-10-27,Router,East,17,80,0.0,1360.0
2025-10-27,Webcam,West,6,55,0.1,297.0
2025-10-27,Webcam,North,13,55,0.0,715.0
2025-10-27,Webcam,South,6,55,0.0,330.0
2025-10-27,Webcam,East,9,55,0.05,470.25
2025-10-28,Laptop,West,15,650,0.0,9750.0
2025-10-28,Laptop,North,13,650,0.05,8027.5
2025-10-28,Laptop,South,6,650,0.0,3900.0
2025-10-28,Laptop,East,7,650,0.1,4095.0
2025-10-28,Monitor,West,9,220,0.0,1980.0
2025-10-28,Monitor,North,10,220,0.1,1980.0
2025-10-28,Monitor,South,10,220,0.0,2200.0
2025-10-28,Monitor,East,13,220,0.0,2860.0
2025-10-28,Keyboard,West,23,45,0.0,1035.0
2025-10-28,Keyboard,North,20,45,0.0,900.0
2025-10-28,Keyboard,South,20,45,0.0,900.0
2025-10-28,Keyboard,East,18,45,0.0,810.0
2025-10-28,Mouse,West,33,25,0.0,825.0
2025-10-28,Mouse,North,26,25,0.0,650.0
2025-10-28,Mouse,South,18,25,0.0,450.0
2025-10-28,Mouse,East,28,25,0.0,700.0
2025-10-28,Headset,West,13,60,0.0,780.0
2025-10-28,Headset,North,10,60,0.0,600.0
2025-10-28,Headset,South,5,60,0.05,285.0
2025-10-28,Headset,East,19,60,0.1,1026.0
2025-10-28,Printer,West,5,180,0.0,900.0
2025-10-28,Printer,North,6,180,0.0,1080.0
2025-10-28,Printer,South,9,180,0.1,1458.0
2025-10-28,Printer,East,4,180,0.05,684.0
2025-10-28,Router,West,13,80,0.05,988.0
2025-10-28,Router,North,15,80,0.1,1080.0
2025-10-28,Router,South,12,80,0.05,912.0
2025-10-28,Router,East,13,80,0.0,1040.0
2025-10-28,Webcam,West,12,55,0.1,594.0
2025-10-28,Webcam,North,10,55,0.0,550.0
2025-10-28,Webcam,South,4,55,0.0,220.0
2025-10-28,Webcam,East,11,55,0.05,574.75
2025-10-29,Laptop,West,8,650,0.0,5200.0
2025-10-29,Laptop,North,7,650,0.05,4322.5
2025-10-29,Laptop,South,11,650,0.05,6792.5
2025-10-29,Laptop,East,6,650,0.1,3510.0
2025-10-29,Monitor,West,14,220,0.05,2926.0
2025-10-29,Monitor,North,11,220,0.05,2299.0
2025-10-29,Monitor,South,12,220,0.0,2640.0
2025-10-29,Monitor,East,9,220,0.15,1683.0
2025-10-29,Keyboard,West,14,45,0.0,630.0
2025-10-29,Keyboard,North,20,45,0.0,900.0
2025-10-29,Keyboard,South,18,45,0.05,769.5
2025-10-29,Keyboard,East,21,45,0.15,803.25
2025-10-29,Mouse,West,27,25,0.0,675.0
2025-10-29,Mouse,North,24,25,0.1,540.0
2025-10-29,Mouse,South,23,25,0.05,546.25
2025-10-29,Mouse,East,19,25,0.0,475.0
2025-10-29,Headset,West,16,60,0.0,960.0
2025-10-29,Headset,North,13,60,0.0,780.0
2025-10-29,Headset,South,13,60,0.0,780.0
2025-10-29,Headset,East,16,60,0.1,864.0
2025-10-29,Printer,West,8,180,0.1,1296.0
2025-10-29,Printer,North,3,180,0.05,513.0
2025-10-29,Printer,South,2,180,0.05,342.0
2025-10-29,Printer,East,2,180,0.0,360.0
2025-10-29,Router,West,16,80,0.0,1280.0
2025-10-29,Router,North,16,80,0.0,1280.0
2025-10-29,Router,South,11,80,0.1,792.0
2025-10-29,Router,East,12,80,0.0,960.0
2025-10-29,Webcam,West,8,55,0.05,418.0
2025-10-29,Webcam,North,10,55,0.0,550.0
2025-10-29,Webcam,South,3,55,0.05,156.75
2025-10-29,Webcam,East,10,55,0.0,550.0
2025-10-30,Laptop,West,4,650,0.1,2340.0
2025-10-30,Laptop,North,6,650,0.1,3510.0
2025-10-30,Laptop,South,7,650,0.05,4322.5
2025-10-30,Laptop,East,3,650,0.0,1950.0
2025-10-30,Monitor,West,11,220,0.05,2299.0
2025-10-30,Monitor,North,7,220,0.0,1540.0
2025-10-30,Monitor,South,6,220,0.05,1254.0
2025-10-30,Monitor,East,14,220,0.05,2926.0
2025-10-30,Keyboard,West,19,45,0.0,855.0
2025-10-30,Keyboard,North,19,45,0.1,769.5
2025-10-30,Keyboard,South,17,45,0.0,765.0
2025-10-30,Keyboard,East,25,45,0.05,1068.75
2025-10-30,Mouse,West,22,25,0.0,550.0
2025-10-30,Mouse,North,29,25,0.05,688.75
2025-10-30,Mouse,South,30,25,0.0,750.0
2025-10-30,Mouse,East,20,25,0.1,450.0
2025-10-30,Headset,West,18,60,0.05,1026.0
2025-10-30,Headset,North,17,60,0.0,1020.0
2025-10-30,Headset,South,12,60,0.05,684.0
2025-10-30,Headset,East,10,60,0.05,570.0
2025-10-30,Printer,West,4,180,0.1,648.0
2025-10-30,Printer,North,3,180,0.05,513.0
2025-10-30,Printer,South,2,180,0.05,342.0
2025-10-30,Printer,East,10,180,0.05,1710.0
2025-10-30,Router,West,15,80,0.05,1140.0
2025-10-30,Router,North,10,80,0.0,800.0
2025-10-30,Router,South,15,80,0.0,1200.0
2025-10-30,Router,East,14,80,0.1,1008.0
2025-10-30,Webcam,West,10,55,0.0,550.0
2025-10-30,Webcam,North,12,55,0.05,627.0
2025-10-30,Webcam,South,4,55,0.0,220.0
2025-10-30,Webcam,East,7,55,0.0,385.0
2025-10-31,Laptop,West,13,650,0.0,8450.0
2025-10-31,Laptop,North,12,650,0.05,7410.0
2025-10-31,Laptop,South,6,650,0.1,3510.0
2025-10-31,Laptop,East,9,650,0.0,5850.0
2025-10-31,Monitor,West,11,220,0.0,2420.0
2025-10-31,Monitor,North,10,220,0.0,2200.0
2025-10-31,Monitor,South,12,220,0.0,2640.0
2025-10-31,Monitor,East,14,220,0.0,3080.0
2025-10-31,Keyboard,West,18,45,0.1,729.0
2025-10-31,Keyboard,North,15,45,0.0,675.0
2025-10-31,Keyboard,South,12,45,0.0,540.0
2025-10-31,Keyboard,East,17,45,0.0,765.0
2025-10-31,Mouse,West,19,25,0.05,451.25
2025-10-31,Mouse,North,32,25,0.1,720.0
2025-10-31,Mouse,South,18,25,0.1,405.0
2025-10-31,Mouse,East,30,25,0.05,712.5
2025-10-31,Headset,West,9,60,0.1,486.0
2025-10-31,Headset,North,7,60,0.15,357.0
2025-10-31,Headset,South,9,60,0.05,513.0
2025-10-31,Headset,East,16,60,0.1,864.0
2025-10-31,Printer,West,8,180,0.05,1368.0
2025-10-31,Printer,North,3,180,0.0,540.0
2025-10-31,Printer,South,5,180,0.0,900.0
2025-10-31,Printer,East,5,180,0.0,900.0
2025-10-31,Router,West,14,80,0.05,1064.0
2025-10-31,Router,North,11,80,0.0,880.0
2025-10-31,Router,South,12,80,0.1,864.0
2025-10-31,Router,East,14,80,0.0,1120.0
2025-10-31,Webcam,West,10,55,0.1,495.0
2025-10-31,Webcam,North,8,55,0.05,418.0
2025-10-31,Webcam,South,9,55,0.0,495.0
2025-10-31,Webcam,East,10,55,0.0,550.0
2025-11-01,Laptop,West,10,650,0.0,6500.0
2025-11-01,Laptop,North,9,650,0.05,5557.5
2025-11-01,Laptop,South,7,650,0.0,4550.0
2025-11-01,Laptop,East,12,650,0.1,7020.0
2025-11-01,Monitor,West,14,220,0.05,2926.0
2025-11-01,Monitor,North,14,220,0.05,2926.0
2025-11-01,Monitor,South,7,220,0.0,1540.0
2025-11-01,Monitor,East,13,220,0.0,2860.0
2025-11-01,Keyboard,West,19,45,0.15,726.75
2025-11-01,Keyboard,North,18,45,0.1,729.0
2025-11-01,Keyboard,South,11,45,0.0,495.0
2025-11-01,Keyboard,East,17,45,0.05,726.75
2025-11-01,Mouse,West,21,25,0.1,472.5
2025-11-01,Mouse,North,29,25,0.05,688.75
2025-11-01,Mouse,South,25,25,0.0,625.0
2025-11-01,Mouse,East,25,25,0.1,562.5
2025-11-01,Headset,West,13,60,0.1,702.0
2025-11-01,Headset,North,13,60,0.0,780.0
2025-11-01,Headset,South,13,60,0.05,741.0
2025-11-01,Headset,East,13,60,0.05,741.0
2025-11-01,Printer,West,6,180,0.05,1026.0
2025-11-01,Printer,North,4,180,0.05,684.0
2025-11-01,Printer,South,8,180,0.0,1440.0
2025-11-01,Printer,East,9,180,0.05,1539.0
2025-11-01,Router,West,12,80,0.1,864.0
2025-11-01,Router,North,13,80,0.05,988.0
2025-11-01,Router,South,12,80,0.1,864.0
2025-11-01,Router,East,18,80,0.15,1224.0
2025-11-01,Webcam,West,14,55,0.1,693.0
2025-11-01,Webcam,North,10,55,0.05,522.5
2025-11-01,Webcam,South,7,55,0.05,365.75
2025-11-01,Webcam,East,6,55,0.15,280.5
2025-11-02,Laptop,West,7,650,0.1,4095.0
2025-11-02,Laptop,North,7,650,0.05,4322.5
2025-11-02,Laptop,South,6,650,0.1,3510.0
2025-11-02,Laptop,East,6,650,0.05,3705.0
2025-11-02,Monitor,West,12,220,0.0,2640.0
2025-11-02,Monitor,North,11,220,0.0,2420.0
2025-11-02,Monitor,South,11,220,0.05,2299.0
2025-11-02,Monitor,East,6,220,0.05,1254.0
2025-11-02,Keyboard,West,16,45,0.0,720.0
2025-11-02,Keyboard,North,15,45,0.0,675.0
2025-11-02,Keyboard,South,17,45,0.05,726.75
2025-11-02,Keyboard,East,13,45,0.0,585.0
2025-11-02,Mouse,West,28,25,0.0,700.0
2025-11-02,Mouse,North,27,25,0.0,675.0
2025-11-02,Mouse,South,18,25,0.0,450.0
2025-11-02,Mouse,East,25,25,0.1,562.5
2025-11-02,Headset,West,12,60,0.05,684.0
2025-11-02,Headset,North,10,60,0.15,510.0
2025-11-02,Headset,South,8,60,0.05,456.0
2025-11-02,Headset,East,12,60,0.0,720.0
2025-11-02,Printer,West,10,180,0.05,1710.0
2025-11-02,Printer,North,4,180,0.0,720.0
2025-11-02,Printer,South,4,180,0.15,612.0
2025-11-02,Printer,East,4,180,0.15,612.0
2025-11-02,Router,West,16,80,0.05,1216.0
2025-11-02,Router,North,22,80,0.05,1672.0
2025-11-02,Router,South,9,80,0.1,648.0
2025-11-02,Router,East,12,80,0.0,960.0
2025-11-02,Webcam,West,11,55,0.1,544.5
2025-11-02,Webcam,North,14,55,0.05,731.5
2025-11-02,Webcam,South,9,55,0.0,495.0
2025-11-02,Webcam,East,7,55,0.05,365.75
2025-11-03,Laptop,West,10,650,0.05,6175.0
2025-11-03,Laptop,North,6,650,0.0,3900.0
2025-11-03,Laptop,South,5,650,0.0,3250.0
2025-11-03,Laptop,East,8,650,0.0,5200.0
2025-11-03,Monitor,West,9,220,0.0,1980.0
2025-11-03,Monitor,North,8,220,0.05,1672.0
2025-11-03,Monitor,South,7,220,0.0,1540.0
2025-11-03,Monitor,East,15,220,0.1,2970.0
2025-11-03,Keyboard,West,18,45,0.05,769.5
2025-11-03,Keyboard,North,17,45,0.0,765.0
2025-11-03,Keyboard,South,10,45,0.1,405.0
2025-11-03,Keyboard,East,24,45,0.1,972.0
2025-11-03,Mouse,West,22,25,0.1,495.0
2025-11-03,Mouse,North,23,25,0.1,517.5
2025-11-03,Mouse,South,26,25,0.0,650.0
2025-11-03,Mouse,East,24,25,0.05,570.0
2025-11-03,Headset,West,15,60,0.0,900.0
2025-11-03,Headset,North,8,60,0.05,456.0
2025-11-03,Headset,South,10,60,0.05,570.0
2025-11-03,Headset,East,12,60,0.1,648.0
2025-11-03,Printer,West,8,180,0.0,1440.0
2025-11-03,Printer,North,8,180,0.0,1440.0
2025-11-03,Printer,South,10,180,0.0,1800.0
2025-11-03,Printer,East,8,180,0.0,1440.0
2025-11-03,Router,West,21,80,0.05,1596.0
2025-11-03,Router,North,19,80,0.0,1520.0
2025-11-03,Router,South,11,80,0.0,880.0
2025-11-03,Router,East,14,80,0.05,1064.0
2025-11-03,Webcam,West,11,55,0.1,544.5
2025-11-03,Webcam,North,5,55,0.05,261.25
2025-11-03,Webcam,South,8,55,0.05,418.0
2025-11-03,Webcam,East,9,55,0.05,470.25
2025-11-04,Laptop,West,10,650,0.1,5850.0
2025-11-04,Laptop,North,7,650,0.0,4550.0
2025-11-04,Laptop,South,7,650,0.05,4322.5
2025-11-04,Laptop,East,8,650,0.05,4940.0
2025-11-04,Monitor,West,10,220,0.1,1980.0
2025-11-04,Monitor,North,6,220,0.1,1188.0
2025-11-04,Monitor,South,13,220,0.0,2860.0
2025-11-04,Monitor,East,14,220,0.0,3080.0
2025-11-04,Keyboard,West,23,45,0.0,1035.0
2025-11-04,Keyboard,North,24,45,0.0,1080.0
2025-11-04,Keyboard,South,21,45,0.0,945.0
2025-11-04,Keyboard,East,13,45,0.0,585.0
2025-11-04,Mouse,West,31,25,0.05,736.25
2025-11-04,Mouse,North,21,25,0.1,472.5
2025-11-04,Mouse,South,20,25,0.0,500.0
2025-11-04,Mouse,East,23,25,0.05,546.25
2025-11-04,Headset,West,12,60,0.05,684.0
2025-11-04,Headset,North,14,60,0.0,840.0
2025-11-04,Headset,South,19,60,0.0,1140.0
2025-11-04,Headset,East,10,60,0.05,570.0
2025-11-04,Printer,West,13,180,0.05,2223.0
2025-11-04,Printer,North,3,180,0.0,540.0
2025-11-04,Printer,South,4,180,0.05,684.0
2025-11-04,Printer,East,3,180,0.05,513.0
2025-11-04,Router,West,14,80,0.05,1064.0
2025-11-04,Router,North,18,80,0.0,1440.0
2025-11-04,Router,South,13,80,0.1,936.0
2025-11-04,Router,East,16,80,0.05,1216.0
2025-11-04,Webcam,West,7,55,0.05,365.75
2025-11-04,Webcam,North,10,55,0.1,495.0
2025-11-04,Webcam,South,10,55,0.05,522.5
2025-11-04,Webcam,East,10,55,0.05,522.5
2025-11-05,Laptop,West,7,650,0.0,4550.0
2025-11-05,Laptop,North,5,650,0.1,2925.0
2025-11-05,Laptop,South,8,650,0.05,4940.0
2025-11-05,Laptop,East,9,650,0.05,5557.5
2025-11-05,Monitor,West,4,220,0.0,880.0
2025-11-05,Monitor,North,10,220,0.0,2200.0
2025-11-05,Monitor,South,4,220,0.05,836.0
2025-11-05,Monitor,East,9,220,0.0,1980.0
2025-11-05,Keyboard,West,17,45,0.05,726.75
2025-11-05,Keyboard,North,11,45,0.0,495.0
2025-11-05,Keyboard,South,24,45,0.0,1080.0
2025-11-05,Keyboard,East,8,45,0.1,324.0
2025-11-05,Mouse,West,27,25,0.1,607.5
2025-11-05,Mouse,North,29,25,0.0,725.0
2025-11-05,Mouse,South,24,25,0.05,570.0
2025-11-05,Mouse,East,23,25,0.0,575.0
2025-11-05,Headset,West,13,60,0.05,741.0
2025-11-05,Headset,North,17,60,0.1,918.0
2025-11-05,Headset,South,12,60,0.0,720.0
2025-11-05,Headset,East,12,60,0.0,720.0
2025-11-05,Printer,West,6,180,0.05,1026.0
2025-11-05,Printer,North,5,180,0.05,855.0
2025-11-05,Printer,South,8,180,0.1,1296.0
2025-11-05,Printer,East,2,180,0.0,360.0
2025-11-05,Router,West,8,80,0.05,608.0
2025-11-05,Router,North,12,80,0.0,960.0
2025-11-05,Router,South,12,80,0.0,960.0
2025-11-05,Router,East,13,80,0.1,936.0
2025-11-05,Webcam,West,9,55,0.05,470.25
2025-11-05,Webcam,North,14,55,0.0,770.0
2025-11-05,Webcam,South,14,55,0.1,693.0
2025-11-05,Webcam,East,10,55,0.15,467.5
2025-11-06,Laptop,West,6,650,0.0,3900.0
2025-11-06,Laptop,North,10,650,0.05,6175.0
2025-11-06,Laptop,South,8,650,0.05,4940.0
2025-11-06,Laptop,East,9,650,0.05,5557.5
2025-11-06,Monitor,West,6,220,0.1,1188.0
2025-11-06,Monitor,North,14,220,0.05,2926.0
2025-11-06,Monitor,South,11,220,0.1,2178.0
2025-11-06,Monitor,East,9,220,0.1,1782.0
2025-11-06,Keyboard,West,23,45,0.15,879.75
2025-11-06,Keyboard,North,16,45,0.1,648.0
2025-11-06,Keyboard,South,18,45,0.05,769.5
2025-11-06,Keyboard,East,22,45,0.0,990.0
2025-11-06,Mouse,West,29,25,0.1,652.5
2025-11-06,Mouse,North,24,25,0.0,600.0
2025-11-06,Mouse,South,12,25,0.05,285.0
2025-11-06,Mouse,East,20,25,0.05,475.0
2025-11-06,Headset,West,18,60,0.05,1026.0
2025-11-06,Headset,North,15,60,0.05,855.0
2025-11-06,Headset,South,8,60,0.15,408.0
2025-11-06,Headset,East,8,60,0.05,456.0
2025-11-06,Printer,West,1,180,0.0,180.0
2025-11-06,Printer,North,3,180,0.05,513.0
2025-11-06,Printer,South,2,180,0.15,306.0
2025-11-06,Printer,East,6,180,0.0,1080.0
2025-11-06,Router,West,21,80,0.0,1680.0
2025-11-06,Router,North,13,80,0.0,1040.0
2025-11-06,Router,South,11,80,0.0,880.0
2025-11-06,Router,East,13,80,0.0,1040.0
2025-11-06,Webcam,West,11,55,0.0,605.0
2025-11-06,Webcam,North,7,55,0.0,385.0
2025-11-06,Webcam,South,4,55,0.05,209.0
2025-11-06,Webcam,East,9,55,0.0,495.0
2025-11-07,Laptop,West,4,650,0.1,2340.0
2025-11-07,Laptop,North,5,650,0.0,3250.0
2025-11-07,Laptop,South,3,650,0.0,1950.0
2025-11-07,Laptop,East,8,650,0.0,5200.0
2025-11-07,Monitor,West,13,220,0.0,2860.0
2025-11-07,Monitor,North,12,220,0.05,2508.0
2025-11-07,Monitor,South,7,220,0.0,1540.0
2025-11-07,Monitor,East,10,220,0.1,1980.0
2025-11-07,Keyboard,West,19,45,0.05,812.25
2025-11-07,Keyboard,North,20,45,0.0,900.0
2025-11-07,Keyboard,South,14,45,0.0,630.0
2025-11-07,Keyboard,East,24,45,0.1,972.0
2025-11-07,Mouse,West,22,25,0.1,495.0
2025-11-07,Mouse,North,20,25,0.0,500.0
2025-11-07,Mouse,South,20,25,0.0,500.0
2025-11-07,Mouse,East,28,25,0.0,700.0
2025-11-07,Headset,West,21,60,0.05,1197.0
2025-11-07,Headset,North,18,60,0.0,1080.0
2025-11-07,Headset,South,13,60,0.05,741.0
2025-11-07,Headset,East,18,60,0.1,972.0
2025-11-07,Printer,West,9,180,0.05,1539.0
2025-11-07,Printer,North,5,180,0.1,810.0
2025-11-07,Printer,South,4,180,0.0,720.0
2025-11-07,Printer,East,5,180,0.05,855.0
2025-11-07,Router,West,23,80,0.0,1840.0
2025-11-07,Router,North,16,80,0.1,1152.0
2025-11-07,Router,South,11,80,0.05,836.0
2025-11-07,Router,East,8,80,0.0,640.0
2025-11-07,Webcam,West,13,55,0.1,643.5
2025-11-07,Webcam,North,5,55,0.05,261.25
2025-11-07,Webcam,South,11,55,0.05,574.75
2025-11-07,Webcam,East,7,55,0.0,385.0
2025-11-08,Laptop,West,11,650,0.0,7150.0
2025-11-08,Laptop,North,7,650,0.0,4550.0
2025-11-08,Laptop,South,6,650,0.0,3900.0
2025-11-08,Laptop,East,12,650,0.05,7410.0
2025-11-08,Monitor,West,18,220,0.05,3762.0
2025-11-08,Monitor,North,9,220,0.1,1782.0
2025-11-08,Monitor,South,9,220,0.0,1980.0
2025-11-08,Monitor,East,11,220,0.0,2420.0
2025-11-08,Keyboard,West,21,45,0.05,897.75
2025-11-08,Keyboard,North,18,45,0.05,769.5
2025-11-08,Keyboard,South,17,45,0.05,726.75
2025-11-08,Keyboard,East,21,45,0.1,850.5
2025-11-08,Mouse,West,39,25,0.1,877.5
2025-11-08,Mouse,North,33,25,0.15,701.25
2025-11-08,Mouse,South,19,25,0.15,403.75
2025-11-08,Mouse,East,21,25,0.15,446.25
2025-11-08,Headset,West,5,60,0.05,285.0
2025-11-08,Headset,North,17,60,0.0,1020.0
2025-11-08,Headset,South,13,60,0.0,780.0
2025-11-08,Headset,East,10,60,0.1,540.0
2025-11-08,Printer,West,6,180,0.0,1080.0
2025-11-08,Printer,North,5,180,0.05,855.0
2025-11-08,Printer,South,7,180,0.05,1197.0
2025-11-08,Printer,East,8,180,0.1,1296.0
2025-11-08,Router,West,20,80,0.0,1600.0
2025-11-08,Router,North,16,80,0.05,1216.0
2025-11-08,Router,South,11,80,0.0,880.0
2025-11-08,Router,East,8,80,0.0,640.0
2025-11-08,Webcam,West,6,55,0.0,330.0
2025-11-08,Webcam,North,12,55,0.0,660.0
2025-11-08,Webcam,South,11,55,0.0,605.0
2025-11-08,Webcam,East,8,55,0.0,440.0
2025-11-09,Laptop,West,15,650,0.0,9750.0
2025-11-09,Laptop,North,6,650,0.0,3900.0
2025-11-09,Laptop,South,2,650,0.05,1235.0
2025-11-09,Laptop,East,7,650,0.0,4550.0
2025-11-09,Monitor,West,12,220,0.05,2508.0
2025-11-09,Monitor,North,11,220,0.0,2420.0
2025-11-09,Monitor,South,8,220,0.0,1760.0
2025-11-09,Monitor,East,12,220,0.0,2640.0
2025-11-09,Keyboard,West,22,45,0.0,990.0
2025-11-09,Keyboard,North,10,45,0.0,450.0
2025-11-09,Keyboard,South,19,45,0.05,812.25
2025-11-09,Keyboard,East,19,45,0.1,769.5
2025-11-09,Mouse,West,18,25,0.1,405.0
2025-11-09,Mouse,North,23,25,0.0,575.0
2025-11-09,Mouse,South,23,25,0.1,517.5
2025-11-09,Mouse,East,21,25,0.0,525.0
2025-11-09,Headset,West,9,60,0.0,540.0
2025-11-09,Headset,North,10,60,0.0,600.0
2025-11-09,Headset,South,16,60,0.0,960.0
2025-11-09,Headset,East,19,60,0.0,1140.0
2025-11-09,Printer,West,6,180,0.0,1080.0
2025-11-09,Printer,North,7,180,0.05,1197.0
2025-11-09,Printer,South,4,180,0.05,684.0
2025-11-09,Printer,East,7,180,0.0,1260.0
2025-11-09,Router,West,18,80,0.0,1440.0
2025-11-09,Router,North,9,80,0.1,648.0
2025-11-09,Router,South,11,80,0.1,792.0
2025-11-09,Router,East,11,80,0.0,880.0
2025-11-09,Webcam,West,9,55,0.0,495.0
2025-11-09,Webcam,North,12,55,0.05,627.0
2025-11-09,Webcam,South,4,55,0.15,187.0
2025-11-09,Webcam,East,7,55,0.15,327.25
2025-11-10,Laptop,West,7,650,0.1,4095.0
2025-11-10,Laptop,North,7,650,0.0,4550.0
2025-11-10,Laptop,South,9,650,0.05,5557.5
2025-11-10,Laptop,East,6,650,0.05,3705.0
2025-11-10,Monitor,West,11,220,0.0,2420.0
2025-11-10,Monitor,North,8,220,0.05,1672.0
2025-11-10,Monitor,South,11,220,0.05,2299.0
2025-11-10,Monitor,East,7,220,0.0,1540.0
2025-11-10,Keyboard,West,22,45,0.1,891.0
2025-11-10,Keyboard,North,9,45,0.05,384.75
2025-11-10,Keyboard,South,21,45,0.0,945.0
2025-11-10,Keyboard,East,24,45,0.0,1080.0
2025-11-10,Mouse,West,29,25,0.05,688.75
2025-11-10,Mouse,North,30,25,0.0,750.0
2025-11-10,Mouse,South,19,25,0.1,427.5
2025-11-10,Mouse,East,25,25,0.0,625.0
2025-11-10,Headset,West,19,60,0.15,969.0
2025-11-10,Headset,North,8,60,0.05,456.0
2025-11-10,Headset,South,12,60,0.0,720.0
2025-11-10,Headset,East,21,60,0.05,1197.0
2025-11-10,Printer,West,7,180,0.1,1134.0
2025-11-10,Printer,North,9,180,0.0,1620.0
2025-11-10,Printer,South,7,180,0.0,1260.0
2025-11-10,Printer,East,7,180,0.05,1197.0
2025-11-10,Router,West,16,80,0.1,1152.0
2025-11-10,Router,North,19,80,0.0,1520.0
2025-11-10,Router,South,11,80,0.05,836.0
2025-11-10,Router,East,9,80,0.05,684.0
2025-11-10,Webcam,West,11,55,0.0,605.0
2025-11-10,Webcam,North,8,55,0.05,418.0
2025-11-10,Webcam,South,11,55,0.1,544.5
2025-11-10,Webcam,East,12,55,0.05,627.0
2025-11-11,Laptop,West,11,650,0.05,6792.5
2025-11-11,Laptop,North,6,650,0.05,3705.0
2025-11-11,Laptop,South,6,650,0.0,3900.0
2025-11-11,Laptop,East,10,650,0.05,6175.0
2025-11-11,Monitor,West,16,220,0.0,3520.0
2025-11-11,Monitor,North,12,220,0.0,2640.0
2025-11-11,Monitor,South,6,220,0.0,1320.0
2025-11-11,Monitor,East,13,220,0.0,2860.0
2025-11-11,Keyboard,West,25,45,0.05,1068.75
2025-11-11,Keyboard,North,9,45,0.0,405.0
2025-11-11,Keyboard,South,15,45,0.0,675.0
2025-11-11,Keyboard,East,17,45,0.0,765.0
2025-11-11,Mouse,West,27,25,0.0,675.0
2025-11-11,Mouse,North,26,25,0.0,650.0
2025-11-11,Mouse,South,24,25,0.0,600.0
2025-11-11,Mouse,East,19,25,0.0,475.0
2025-11-11,Headset,West,17,60,0.1,918.0
2025-11-11,Headset,North,9,60,0.0,540.0
2025-11-11,Headset,South,6,60,0.1,324.0
2025-11-11,Headset,East,11,60,0.05,627.0
2025-11-11,Printer,West,7,180,0.0,1260.0
2025-11-11,Printer,North,9,180,0.1,1458.0
2025-11-11,Printer,South,7,180,0.05,1197.0
2025-11-11,Printer,East,4,180,0.05,684.0
2025-11-11,Router,West,18,80,0.05,1368.0
2025-11-11,Router,North,10,80,0.05,760.0
2025-11-11,Router,South,8,80,0.1,576.0
2025-11-11,Router,East,12,80,0.1,864.0
2025-11-11,Webcam,West,20,55,0.0,1100.0
2025-11-11,Webcam,North,11,55,0.05,574.75
2025-11-11,Webcam,South,8,55,0.0,440.0
2025-11-11,Webcam,East,8,55,0.0,440.0
2025-11-12,Laptop,West,6,650,0.1,3510.0
2025-11-12,Laptop,North,8,650,0.1,4680.0
2025-11-12,Laptop,South,5,650,0.05,3087.5
2025-11-12,Laptop,East,10,650,0.05,6175.0
2025-11-12,Monitor,West,5,220,0.1,990.0
2025-11-12,Monitor,North,8,220,0.1,1584.0
2025-11-12,Monitor,South,6,220,0.0,1320.0
2025-11-12,Monitor,East,23,220,0.05,4807.0
2025-11-12,Keyboard,West,23,45,0.05,983.25
2025-11-12,Keyboard,North,10,45,0.0,450.0
2025-11-12,Keyboard,South,17,45,0.0,765.0
2025-11-12,Keyboard,East,21,45,0.0,945.0
2025-11-12,Mouse,West,31,25,0.1,697.5
2025-11-12,Mouse,North,33,25,0.1,742.5
2025-11-12,Mouse,South,25,25,0.15,531.25
2025-11-12,Mouse,East,21,25,0.1,472.5
2025-11-12,Headset,West,12,60,0.05,684.0
2025-11-12,Headset,North,15,60,0.0,900.0
2025-11-12,Headset,South,15,60,0.05,855.0
2025-11-12,Headset,East,15,60,0.0,900.0
2025-11-12,Printer,West,8,180,0.0,1440.0
2025-11-12,Printer,North,6,180,0.0,1080.0
2025-11-12,Printer,South,3,180,0.05,513.0
2025-11-12,Printer,East,8,180,0.1,1296.0
2025-11-12,Router,West,12,80,0.05,912.0
2025-11-12,Router,North,18,80,0.0,1440.0
2025-11-12,Router,South,11,80,0.0,880.0
2025-11-12,Router,East,11,80,0.0,880.0
2025-11-12,Webcam,West,15,55,0.15,701.25
2025-11-12,Webcam,North,10,55,0.05,522.5
2025-11-12,Webcam,South,9,55,0.0,495.0
2025-11-12,Webcam,East,9,55,0.0,495.0
2025-11-13,Laptop,West,11,650,0.0,7150.0
2025-11-13,Laptop,North,14,650,0.05,8645.0
2025-11-13,Laptop,South,5,650,0.0,3250.0
2025-11-13,Laptop,East,11,650,0.05,6792.5
2025-11-13,Monitor,West,8,220,0.0,1760.0
2025-11-13,Monitor,North,6,220,0.05,1254.0
2025-11-13,Monitor,South,9,220,0.05,1881.0
2025-11-13,Monitor,East,6,220,0.0,1320.0
2025-11-13,Keyboard,West,27,45,0.0,1215.0
2025-11-13,Keyboard,North,15,45,0.0,675.0
2025-11-13,Keyboard,South,11,45,0.0,495.0
2025-11-13,Keyboard,East,17,45,0.0,765.0
2025-11-13,Mouse,West,22,25,0.0,550.0
2025-11-13,Mouse,North,29,25,0.05,688.75
2025-11-13,Mouse,South,25,25,0.05,593.75
2025-11-13,Mouse,East,29,25,0.0,725.0
2025-11-13,Headset,West,10,60,0.0,600.0
2025-11-13,Headset,North,17,60,0.0,1020.0
2025-11-13,Headset,South,10,60,0.0,600.0
2025-11-13,Headset,East,10,60,0.05,570.0
2025-11-13,Printer,West,4,180,0.15,612.0
2025-11-13,Printer,North,5,180,0.0,900.0
2025-11-13,Printer,South,9,180,0.1,1458.0
2025-11-13,Printer,East,2,180,0.1,324.0
2025-11-13,Router,West,15,80,0.0,1200.0
2025-11-13,Router,North,15,80,0.1,1080.0
2025-11-13,Router,South,16,80,0.1,1152.0
2025-11-13,Router,East,13,80,0.0,1040.0
2025-11-13,Webcam,West,8,55,0.0,440.0
2025-11-13,Webcam,North,5,55,0.0,275.0
2025-11-13,Webcam,South,5,55,0.0,275.0
2025-11-13,Webcam,East,5,55,0.0,275.0
2025-11-14,Laptop,West,8,650,0.0,5200.0
2025-11-14,Laptop,North,8,650,0.0,5200.0
2025-11-14,Laptop,South,7,650,0.0,4550.0
2025-11-14,Laptop,East,7,650,0.0,4550.0
2025-11-14,Monitor,West,6,220,0.15,1122.0
2025-11-14,Monitor,North,11,220,0.1,2178.0
2025-11-14,Monitor,South,9,220,0.1,1782.0
2025-11-14,Monitor,East,12,220,0.0,2640.0
2025-11-14,Keyboard,West,15,45,0.1,607.5
2025-11-14,Keyboard,North,15,45,0.0,675.0
2025-11-14,Keyboard,South,14,45,0.0,630.0
2025-11-14,Keyboard,East,22,45,0.0,990.0
2025-11-14,Mouse,West,29,25,0.0,725.0
2025-11-14,Mouse,North,27,25,0.0,675.0
2025-11-14,Mouse,South,24,25,0.0,600.0
2025-11-14,Mouse,East,28,25,0.1,630.0
2025-11-14,Headset,West,17,60,0.05,969.0
2025-11-14,Headset,North,9,60,0.05,513.0
2025-11-14,Headset,South,7,60,0.0,420.0
2025-11-14,Headset,East,9,60,0.1,486.0
2025-11-14,Printer,West,6,180,0.05,1026.0
2025-11-14,Printer,North,7,180,0.0,1260.0
2025-11-14,Printer,South,6,180,0.1,972.0
2025-11-14,Printer,East,4,180,0.0,720.0
2025-11-14,Router,West,9,80,0.0,720.0
2025-11-14,Router,North,11,80,0.0,880.0
2025-11-14,Router,South,11,80,0.05,836.0
2025-11-14,Router,East,13,80,0.15,884.0
2025-11-14,Webcam,West,7,55,0.0,385.0
2025-11-14,Webcam,North,13,55,0.05,679.25
2025-11-14,Webcam,South,9,55,0.05,470.25
2025-11-14,Webcam,East,5,55,0.0,275.0
2025-11-15,Laptop,West,8,650,0.05,4940.0
2025-11-15,Laptop,North,10,650,0.0,6500.0
2025-11-15,Laptop,South,7,650,0.05,4322.5
2025-11-15,Laptop,East,11,650,0.0,7150.0
2025-11-15,Monitor,West,10,220,0.0,2200.0
2025-11-15,Monitor,North,9,220,0.0,1980.0
2025-11-15,Monitor,South,6,220,0.05,1254.0
2025-11-15,Monitor,East,10,220,0.05,2090.0
2025-11-15,Keyboard,West,20,45,0.05,855.0
2025-11-15,Keyboard,North,29,45,0.0,1305.0
2025-11-15,Keyboard,South,23,45,0.0,1035.0
2025-11-15,Keyboard,East,25,45,0.0,1125.0
2025-11-15,Mouse,West,28,25,0.1,630.0
2025-11-15,Mouse,North,24,25,0.0,600.0
2025-11-15,Mouse,South,21,25,0.1,472.5
2025-11-15,Mouse,East,39,25,0.05,926.25
2025-11-15,Headset,West,12,60,0.05,684.0
2025-11-15,Headset,North,7,60,0.05,399.0
2025-11-15,Headset,South,9,60,0.05,513.0
2025-11-15,Headset,East,15,60,0.0,900.0
2025-11-15,Printer,West,6,180,0.0,1080.0
2025-11-15,Printer,North,3,180,0.15,459.0
2025-11-15,Printer,South,7,180,0.15,1071.0
2025-11-15,Printer,East,9,180,0.0,1620.0
2025-11-15,Router,West,19,80,0.1,1368.0
2025-11-15,Router,North,15,80,0.05,1140.0
2025-11-15,Router,South,12,80,0.0,960.0
2025-11-15,Router,East,18,80,0.0,1440.0
2025-11-15,Webcam,West,8,55,0.1,396.0
2025-11-15,Webcam,North,9,55,0.1,445.5
2025-11-15,Webcam,South,8,55,0.0,440.0
2025-11-15,Webcam,East,9,55,0.05,470.25
2025-11-16,Laptop,West,9,650,0.0,5850.0
2025-11-16,Laptop,North,9,650,0.05,5557.5
2025-11-16,Laptop,South,8,650,0.05,4940.0
2025-11-16,Laptop,East,7,650,0.05,4322.5
2025-11-16,Monitor,West,9,220,0.0,1980.0
2025-11-16,Monitor,North,6,220,0.0,1320.0
2025-11-16,Monitor,South,9,220,0.1,1782.0
2025-11-16,Monitor,East,10,220,0.0,2200.0
2025-11-16,Keyboard,West,20,45,0.05,855.0
2025-11-16,Keyboard,North,19,45,0.0,855.0
2025-11-16,Keyboard,South,8,45,0.1,324.0
2025-11-16,Keyboard,East,21,45,0.1,850.5
2025-11-16,Mouse,West,33,25,0.05,783.75
2025-11-16,Mouse,North,25,25,0.0,625.0
2025-11-16,Mouse,South,27,25,0.0,675.0
2025-11-16,Mouse,East,25,25,0.0,625.0
2025-11-16,Headset,West,18,60,0.05,1026.0
2025-11-16,Headset,North,9,60,0.05,513.0
2025-11-16,Headset,South,6,60,0.1,324.0
2025-11-16,Headset,East,14,60,0.0,840.0
2025-11-16,Printer,West,6,180,0.0,1080.0
2025-11-16,Printer,North,8,180,0.05,1368.0
2025-11-16,Printer,South,7,180,0.1,1134.0
2025-11-16,Printer,East,7,180,0.05,1197.0
2025-11-16,Router,West,21,80,0.0,1680.0
2025-11-16,Router,North,6,80,0.0,480.0
2025-11-16,Router,South,12,80,0.05,912.0
2025-11-16,Router,East,16,80,0.05,1216.0
2025-11-16,Webcam,West,11,55,0.05,574.75
2025-11-16,Webcam,North,10,55,0.05,522.5
2025-11-16,Webcam,South,4,55,0.0,220.0
2025-11-16,Webcam,East,11,55,0.05,574.75
2025-11-17,Laptop,West,10,650,0.05,6175.0
2025-11-17,Laptop,North,7,650,0.05,4322.5
2025-11-17,Laptop,South,9,650,0.05,5557.5
2025-11-17,Laptop,East,6,650,0.05,3705.0
2025-11-17,Monitor,West,8,220,0.05,1672.0
2025-11-17,Monitor,North,5,220,0.0,1100.0
2025-11-17,Monitor,South,5,220,0.1,990.0
2025-11-17,Monitor,East,15,220,0.0,3300.0
2025-11-17,Keyboard,West,21,45,0.05,897.75
2025-11-17,Keyboard,North,17,45,0.1,688.5
2025-11-17,Keyboard,South,13,45,0.0,585.0
2025-11-17,Keyboard,East,18,45,0.15,688.5
2025-11-17,Mouse,West,35,25,0.05,831.25
2025-11-17,Mouse,North,24,25,0.0,600.0
2025-11-17,Mouse,South,24,25,0.05,570.0
2025-11-17,Mouse,East,21,25,0.05,498.75
2025-11-17,Headset,West,10,60,0.05,570.0
2025-11-17,Headset,North,17,60,0.0,1020.0
2025-11-17,Headset,South,14,60,0.0,840.0
2025-11-17,Headset,East,12,60,0.1,648.0
2025-11-17,Printer,West,9,180,0.05,1539.0
2025-11-17,Printer,North,14,180,0.05,2394.0
2025-11-17,Printer,South,4,180,0.0,720.0
2025-11-17,Printer,East,7,180,0.0,1260.0
2025-11-17,Router,West,16,80,0.0,1280.0
2025-11-17,Router,North,6,80,0.05,456.0
2025-11-17,Router,South,11,80,0.0,880.0
2025-11-17,Router,East,13,80,0.1,936.0
2025-11-17,Webcam,West,16,55,0.05,836.0
2025-11-17,Webcam,North,9,55,0.1,445.5
2025-11-17,Webcam,South,4,55,0.05,209.0
2025-11-17,Webcam,East,9,55,0.0,495.0
2025-11-18,Laptop,West,7,650,0.05,4322.5
2025-11-18,Laptop,North,8,650,0.1,4680.0
2025-11-18,Laptop,South,11,650,0.15,6077.5
2025-11-18,Laptop,East,7,650,0.0,4550.0
2025-11-18,Monitor,West,10,220,0.0,2200.0
2025-11-18,Monitor,North,8,220,0.1,1584.0
2025-11-18,Monitor,South,9,220,0.0,1980.0
2025-11-18,Monitor,East,7,220,0.05,1463.0
2025-11-18,Keyboard,West,21,45,0.0,945.0
2025-11-18,Keyboard,North,11,45,0.05,470.25
2025-11-18,Keyboard,South,18,45,0.1,729.0
2025-11-18,Keyboard,East,21,45,0.0,945.0
2025-11-18,Mouse,West,35,25,0.0,875.0
2025-11-18,Mouse,North,29,25,0.0,725.0
2025-11-18,Mouse,South,27,25,0.1,607.5
2025-11-18,Mouse,East,30,25,0.05,712.5
2025-11-18,Headset,West,12,60,0.0,720.0
2025-11-18,Headset,North,13,60,0.15,663.0
2025-11-18,Headset,South,9,60,0.0,540.0
2025-11-18,Headset,East,18,60,0.05,1026.0
2025-11-18,Printer,West,6,180,0.05,1026.0
2025-11-18,Printer,North,3,180,0.15,459.0
2025-11-18,Printer,South,8,180,0.0,1440.0
2025-11-18,Printer,East,4,180,0.05,684.0
2025-11-18,Router,West,14,80,0.1,1008.0
2025-11-18,Router,North,28,80,0.05,2128.0
2025-11-18,Router,South,10,80,0.1,720.0
2025-11-18,Router,East,18,80,0.0,1440.0
2025-11-18,Webcam,West,11,55,0.1,544.5
2025-11-18,Webcam,North,7,55,0.15,327.25
2025-11-18,Webcam,South,8,55,0.05,418.0
2025-11-18,Webcam,East,7,55,0.05,365.75
2025-11-19,Laptop,West,9,650,0.05,5557.5
2025-11-19,Laptop,North,9,650,0.1,5265.0
2025-11-19,Laptop,South,9,650,0.0,5850.0
2025-11-19,Laptop,East,16,650,0.1,9360.0
2025-11-19,Monitor,West,10,220,0.1,1980.0
2025-11-19,Monitor,North,11,220,0.15,2057.0
2025-11-19,Monitor,South,10,220,0.0,2200.0
2025-11-19,Monitor,East,18,220,0.0,3960.0
2025-11-19,Keyboard,West,20,45,0.15,765.0
2025-11-19,Keyboard,North,21,45,0.0,945.0
2025-11-19,Keyboard,South,23,45,0.0,1035.0
2025-11-19,Keyboard,East,18,45,0.15,688.5
2025-11-19,Mouse,West,32,25,0.0,800.0
2025-11-19,Mouse,North,20,25,0.05,475.0
2025-11-19,Mouse,South,21,25,0.15,446.25
2025-11-19,Mouse,East,24,25,0.1,540.0
2025-11-19,Headset,West,13,60,0.0,780.0
2025-11-19,Headset,North,10,60,0.1,540.0
2025-11-19,Headset,South,10,60,0.0,600.0
2025-11-19,Headset,East,11,60,0.05,627.0
2025-11-19,Printer,West,11,180,0.1,1782.0
2025-11-19,Printer,North,3,180,0.0,540.0
2025-11-19,Printer,South,4,180,0.0,720.0
2025-11-19,Printer,East,4,180,0.1,648.0
2025-11-19,Router,West,15,80,0.0,1200.0
2025-11-19,Router,North,11,80,0.05,836.0
2025-11-19,Router,South,12,80,0.0,960.0
2025-11-19,Router,East,13,80,0.05,988.0
2025-11-19,Webcam,West,9,55,0.0,495.0
2025-11-19,Webcam,North,7,55,0.15,327.25
2025-11-19,Webcam,South,10,55,0.0,550.0
2025-11-19,Webcam,East,5,55,0.0,275.0
2025-11-20,Laptop,West,9,650,0.1,5265.0
2025-11-20,Laptop,North,9,650,0.05,5557.5
2025-11-20,Laptop,South,5,650,0.1,2925.0
2025-11-20,Laptop,East,8,650,0.0,5200.0
2025-11-20,Monitor,West,11,220,0.1,2178.0
2025-11-20,Monitor,North,12,220,0.1,2376.0
2025-11-20,Monitor,South,14,220,0.0,3080.0
2025-11-20,Monitor,East,14,220,0.1,2772.0
2025-11-20,Keyboard,West,23,45,0.0,1035.0
2025-11-20,Keyboard,North,15,45,0.1,607.5
2025-11-20,Keyboard,South,17,45,0.0,765.0
2025-11-20,Keyboard,East,20,45,0.0,900.0
2025-11-20,Mouse,West,27,25,0.1,607.5
2025-11-20,Mouse,North,33,25,0.05,783.75
2025-11-20,Mouse,South,25,25,0.0,625.0
2025-11-20,Mouse,East,21,25,0.0,525.0
2025-11-20,Headset,West,9,60,0.05,513.0
2025-11-20,Headset,North,13,60,0.15,663.0
2025-11-20,Headset,South,7,60,0.0,420.0
2025-11-20,Headset,East,14,60,0.15,714.0
2025-11-20,Printer,West,8,180,0.1,1296.0
2025-11-20,Printer,North,15,180,0.05,2565.0
2025-11-20,Printer,South,6,180,0.1,972.0
2025-11-20,Printer,East,7,180,0.1,1134.0
2025-11-20,Router,West,14,80,0.05,1064.0
2025-11-20,Router,North,14,80,0.05,1064.0
2025-11-20,Router,South,11,80,0.05,836.0
2025-11-20,Router,East,21,80,0.0,1680.0
2025-11-20,Webcam,West,6,55,0.05,313.5
2025-11-20,Webcam,North,17,55,0.1,841.5
2025-11-20,Webcam,South,7,55,0.05,365.75
2025-11-20,Webcam,East,15,55,0.1,742.5
2025-11-21,Laptop,West,6,650,0.0,3900.0
2025-11-21,Laptop,North,7,650,0.05,4322.5
2025-11-21,Laptop,South,7,650,0.05,4322.5
2025-11-21,Laptop,East,11,650,0.0,7150.0
2025-11-21,Monitor,West,21,220,0.05,4389.0
2025-11-21,Monitor,North,10,220,0.05,2090.0
2025-11-21,Monitor,South,14,220,0.0,3080.0
2025-11-21,Monitor,East,10,220,0.1,1980.0
2025-11-21,Keyboard,West,14,45,0.0,630.0
2025-11-21,Keyboard,North,24,45,0.0,1080.0
2025-11-21,Keyboard,South,14,45,0.05,598.5
2025-11-21,Keyboard,East,15,45,0.0,675.0
2025-11-21,Mouse,West,29,25,0.0,725.0
2025-11-21,Mouse,North,27,25,0.15,573.75
2025-11-21,Mouse,South,19,25,0.0,475.0
2025-11-21,Mouse,East,25,25,0.1,562.5
2025-11-21,Headset,West,12,60,0.05,684.0
2025-11-21,Headset,North,16,60,0.0,960.0
2025-11-21,Headset,South,12,60,0.05,684.0
2025-11-21,Headset,East,9,60,0.0,540.0
2025-11-21,Printer,West,5,180,0.15,765.0
2025-11-21,Printer,North,10,180,0.0,1800.0
2025-11-21,Printer,South,5,180,0.05,855.0
2025-11-21,Printer,East,7,180,0.0,1260.0
2025-11-21,Router,West,16,80,0.05,1216.0
2025-11-21,Router,North,10,80,0.0,800.0
2025-11-21,Router,South,10,80,0.05,760.0
2025-11-21,Router,East,12,80,0.0,960.0
2025-11-21,Webcam,West,12,55,0.0,660.0
2025-11-21,Webcam,North,8,55,0.1,396.0
2025-11-21,Webcam,South,3,55,0.1,148.5
2025-11-21,Webcam,East,10,55,0.1,495.0
2025-11-22,Laptop,West,9,650,0.05,5557.5
2025-11-22,Laptop,North,12,650,0.1,7020.0
2025-11-22,Laptop,South,9,650,0.05,5557.5
2025-11-22,Laptop,East,4,650,0.0,2600.0
2025-11-22,Monitor,West,11,220,0.0,2420.0
2025-11-22,Monitor,North,10,220,0.0,2200.0
2025-11-22,Monitor,South,8,220,0.0,1760.0
2025-11-22,Monitor,East,7,220,0.0,1540.0
2025-11-22,Keyboard,West,18,45,0.15,688.5
2025-11-22,Keyboard,North,14,45,0.05,598.5
2025-11-22,Keyboard,South,18,45,0.0,810.0
2025-11-22,Keyboard,East,20,45,0.15,765.0
2025-11-22,Mouse,West,32,25,0.15,680.0
2025-11-22,Mouse,North,23,25,0.05,546.25
2025-11-22,Mouse,South,22,25,0.0,550.0
2025-11-22,Mouse,East,29,25,0.0,725.0
2025-11-22,Headset,West,15,60,0.0,900.0
2025-11-22,Headset,North,14,60,0.1,756.0
2025-11-22,Headset,South,7,60,0.0,420.0
2025-11-22,Headset,East,14,60,0.0,840.0
2025-11-22,Printer,West,7,180,0.0,1260.0
2025-11-22,Printer,North,7,180,0.1,1134.0
2025-11-22,Printer,South,3,180,0.1,486.0
2025-11-22,Printer,East,5,180,0.0,900.0
2025-11-22,Router,West,13,80,0.1,936.0
2025-11-22,Router,North,13,80,0.0,1040.0
2025-11-22,Router,South,10,80,0.0,800.0
2025-11-22,Router,East,19,80,0.0,1520.0
2025-11-22,Webcam,West,6,55,0.1,297.0
2025-11-22,Webcam,North,10,55,0.15,467.5
2025-11-22,Webcam,South,9,55,0.0,495.0
2025-11-22,Webcam,East,12,55,0.15,561.0
2025-11-23,Laptop,West,9,650,0.05,5557.5
2025-11-23,Laptop,North,7,650,0.0,4550.0
2025-11-23,Laptop,South,10,650,0.0,6500.0
2025-11-23,Laptop,East,7,650,0.05,4322.5
2025-11-23,Monitor,West,18,220,0.0,3960.0
2025-11-23,Monitor,North,20,220,0.0,4400.0
2025-11-23,Monitor,South,11,220,0.0,2420.0
2025-11-23,Monitor,East,10,220,0.0,2200.0
2025-11-23,Keyboard,West,31,45,0.1,1255.5
2025-11-23,Keyboard,North,16,45,0.1,648.0
2025-11-23,Keyboard,South,12,45,0.0,540.0
2025-11-23,Keyboard,East,18,45,0.0,810.0
2025-11-23,Mouse,West,26,25,0.0,650.0
2025-11-23,Mouse,North,22,25,0.0,550.0
2025-11-23,Mouse,South,19,25,0.15,403.75
2025-11-23,Mouse,East,31,25,0.1,697.5
2025-11-23,Headset,West,19,60,0.05,1083.0
2025-11-23,Headset,North,6,60,0.05,342.0
2025-11-23,Headset,South,10,60,0.0,600.0
2025-11-23,Headset,East,15,60,0.1,810.0
2025-11-23,Printer,West,8,180,0.0,1440.0
2025-11-23,Printer,North,9,180,0.05,1539.0
2025-11-23,Printer,South,7,180,0.15,1071.0
2025-11-23,Printer,East,10,180,0.05,1710.0
2025-11-23,Router,West,18,80,0.0,1440.0
2025-11-23,Router,North,25,80,0.0,2000.0
2025-11-23,Router,South,15,80,0.05,1140.0
2025-11-23,Router,East,15,80,0.1,1080.0
2025-11-23,Webcam,West,4,55,0.05,209.0
2025-11-23,Webcam,North,5,55,0.1,247.5
2025-11-23,Webcam,South,6,55,0.1,297.0
2025-11-23,Webcam,East,12,55,0.05,627.0
2025-11-24,Laptop,West,14,650,0.0,9100.0
2025-11-24,Laptop,North,9,650,0.05,5557.5
2025-11-24,Laptop,South,8,650,0.0,5200.0
2025-11-24,Laptop,East,9,650,0.0,5850.0
2025-11-24,Monitor,West,13,220,0.1,2574.0
2025-11-24,Monitor,North,10,220,0.0,2200.0
2025-11-24,Monitor,South,13,220,0.05,2717.0
2025-11-24,Monitor,East,12,220,0.05,2508.0
2025-11-24,Keyboard,West,14,45,0.0,630.0
2025-11-24,Keyboard,North,9,45,0.05,384.75
2025-11-24,Keyboard,South,14,45,0.0,630.0
2025-11-24,Keyboard,East,17,45,0.05,726.75
2025-11-24,Mouse,West,30,25,0.05,712.5
2025-11-24,Mouse,North,20,25,0.0,500.0
2025-11-24,Mouse,South,15,25,0.0,375.0
2025-11-24,Mouse,East,25,25,0.0,625.0
2025-11-24,Headset,West,16,60,0.0,960.0
2025-11-24,Headset,North,12,60,0.05,684.0
2025-11-24,Headset,South,13,60,0.0,780.0
2025-11-24,Headset,East,10,60,0.05,570.0
2025-11-24,Printer,West,5,180,0.0,900.0
2025-11-24,Printer,North,3,180,0.05,513.0
2025-11-24,Printer,South,2,180,0.0,360.0
2025-11-24,Printer,East,8,180,0.05,1368.0
2025-11-24,Router,West,20,80,0.0,1600.0
2025-11-24,Router,North,12,80,0.0,960.0
2025-11-24,Router,South,11,80,0.05,836.0
2025-11-24,Router,East,16,80,0.15,1088.0
2025-11-24,Webcam,West,12,55,0.05,627.0
2025-11-24,Webcam,North,8,55,0.0,440.0
2025-11-24,Webcam,South,9,55,0.0,495.0
2025-11-24,Webcam,East,13,55,0.1,643.5
2025-11-25,Laptop,West,10,650,0.15,5525.0
2025-11-25,Laptop,North,7,650,0.05,4322.5
2025-11-25,Laptop,South,5,650,0.05,3087.5
2025-11-25,Laptop,East,8,650,0.0,5200.0
2025-11-25,Monitor,West,9,220,0.1,1782.0
2025-11-25,Monitor,North,11,220,0.0,2420.0
2025-11-25,Monitor,South,9,220,0.0,1980.0
2025-11-25,Monitor,East,6,220,0.05,1254.0
2025-11-25,Keyboard,West,21,45,0.1,850.5
2025-11-25,Keyboard,North,25,45,0.05,1068.75
2025-11-25,Keyboard,South,9,45,0.1,364.5
2025-11-25,Keyboard,East,21,45,0.15,803.25
2025-11-25,Mouse,West,33,25,0.0,825.0
2025-11-25,Mouse,North,29,25,0.0,725.0
2025-11-25,Mouse,South,29,25,0.05,688.75
2025-11-25,Mouse,East,24,25,0.1,540.0
2025-11-25,Headset,West,23,60,0.0,1380.0
2025-11-25,Headset,North,10,60,0.0,600.0
2025-11-25,Headset,South,11,60,0.05,627.0
2025-11-25,Headset,East,15,60,0.05,855.0
2025-11-25,Printer,West,8,180,0.0,1440.0
2025-11-25,Printer,North,11,180,0.0,1980.0
2025-11-25,Printer,South,1,180,0.05,171.0
2025-11-25,Printer,East,1,180,0.0,180.0
2025-11-25,Router,West,24,80,0.1,1728.0
2025-11-25,Router,North,13,80,0.0,1040.0
2025-11-25,Router,South,12,80,0.05,912.0
2025-11-25,Router,East,15,80,0.0,1200.0
2025-11-25,Webcam,West,11,55,0.05,574.75
2025-11-25,Webcam,North,11,55,0.1,544.5
2025-11-25,Webcam,South,6,55,0.05,313.5
2025-11-25,Webcam,East,8,55,0.15,374.0
2025-11-26,Laptop,West,9,650,0.0,5850.0
2025-11-26,Laptop,North,10,650,0.1,5850.0
2025-11-26,Laptop,South,10,650,0.1,5850.0
2025-11-26,Laptop,East,10,650,0.05,6175.0
2025-11-26,Monitor,West,15,220,0.0,3300.0
2025-11-26,Monitor,North,7,220,0.05,1463.0
2025-11-26,Monitor,South,7,220,0.0,1540.0
2025-11-26,Monitor,East,8,220,0.0,1760.0
2025-11-26,Keyboard,West,18,45,0.1,729.0
2025-11-26,Keyboard,North,16,45,0.0,720.0
2025-11-26,Keyboard,South,18,45,0.0,810.0
2025-11-26,Keyboard,East,32,45,0.05,1368.0
2025-11-26,Mouse,West,23,25,0.0,575.0
2025-11-26,Mouse,North,26,25,0.05,617.5
2025-11-26,Mouse,South,20,25,0.0,500.0
2025-11-26,Mouse,East,29,25,0.1,652.5
2025-11-26,Headset,West,11,60,0.0,660.0
2025-11-26,Headset,North,13,60,0.05,741.0
2025-11-26,Headset,South,14,60,0.1,756.0
2025-11-26,Headset,East,13,60,0.0,780.0
2025-11-26,Printer,West,9,180,0.0,1620.0
2025-11-26,Printer,North,7,180,0.0,1260.0
2025-11-26,Printer,South,3,180,0.0,540.0
2025-11-26,Printer,East,6,180,0.0,1080.0
2025-11-26,Router,West,20,80,0.05,1520.0
2025-11-26,Router,North,12,80,0.1,864.0
2025-11-26,Router,South,4,80,0.0,320.0
2025-11-26,Router,East,9,80,0.05,684.0
2025-11-26,Webcam,West,14,55,0.1,693.0
2025-11-26,Webcam,North,13,55,0.0,715.0
2025-11-26,Webcam,South,7,55,0.1,346.5
2025-11-26,Webcam,East,2,55,0.1,99.0
2025-11-27,Laptop,West,14,650,0.0,9100.0
2025-11-27,Laptop,North,13,650,0.05,8027.5
2025-11-27,Laptop,South,7,650,0.1,4095.0
2025-11-27,Laptop,East,7,650,0.05,4322.5
2025-11-27,Monitor,West,11,220,0.0,2420.0
2025-11-27,Monitor,North,10,220,0.1,1980.0
2025-11-27,Monitor,South,10,220,0.0,2200.0
2025-11-27,Monitor,East,11,220,0.0,2420.0
2025-11-27,Keyboard,West,22,45,0.05,940.5
2025-11-27,Keyboard,North,18,45,0.1,729.0
2025-11-27,Keyboard,South,16,45,0.15,612.0
2025-11-27,Keyboard,East,15,45,0.05,641.25
2025-11-27,Mouse,West,35,25,0.0,875.0
2025-11-27,Mouse,North,21,25,0.05,498.75
2025-11-27,Mouse,South,10,25,0.05,237.5
2025-11-27,Mouse,East,26,25,0.05,617.5
2025-11-27,Headset,West,12,60,0.1,648.0
2025-11-27,Headset,North,22,60,0.1,1188.0
2025-11-27,Headset,South,5,60,0.0,300.0
2025-11-27,Headset,East,19,60,0.05,1083.0
2025-11-27,Printer,West,5,180,0.0,900.0
2025-11-27,Printer,North,6,180,0.0,1080.0
2025-11-27,Printer,South,5,180,0.0,900.0
2025-11-27,Printer,East,5,180,0.0,900.0
2025-11-27,Router,West,12,80,0.0,960.0
2025-11-27,Router,North,20,80,0.05,1520.0
2025-11-27,Router,South,13,80,0.1,936.0
2025-11-27,Router,East,15,80,0.0,1200.0
2025-11-27,Webcam,West,6,55,0.05,313.5
2025-11-27,Webcam,North,5,55,0.05,261.25
2025-11-27,Webcam,South,18,55,0.1,891.0
2025-11-27,Webcam,East,10,55,0.0,550.0
2025-11-28,Laptop,West,11,650,0.1,6435.0
2025-11-28,Laptop,North,8,650,0.0,5200.0
2025-11-28,Laptop,South,14,650,0.0,9100.0
2025-11-28,Laptop,East,8,650,0.0,5200.0
2025-11-28,Monitor,West,11,220,0.1,2178.0
2025-11-28,Monitor,North,13,220,0.05,2717.0
2025-11-28,Monitor,South,8,220,0.1,1584.0
2025-11-28,Monitor,East,20,220,0.1,3960.0
2025-11-28,Keyboard,West,19,45,0.0,855.0
2025-11-28,Keyboard,North,16,45,0.1,648.0
2025-11-28,Keyboard,South,13,45,0.0,585.0
2025-11-28,Keyboard,East,16,45,0.0,720.0
2025-11-28,Mouse,West,29,25,0.0,725.0
2025-11-28,Mouse,North,32,25,0.05,760.0
2025-11-28,Mouse,South,28,25,0.15,595.0
2025-11-28,Mouse,East,18,25,0.0,450.0
2025-11-28,Headset,West,13,60,0.1,702.0
2025-11-28,Headset,North,12,60,0.15,612.0
2025-11-28,Headset,South,11,60,0.15,561.0
2025-11-28,Headset,East,12,60,0.0,720.0
2025-11-28,Printer,West,6,180,0.05,1026.0
2025-11-28,Printer,North,5,180,0.05,855.0
2025-11-28,Printer,South,6,180,0.0,1080.0
2025-11-28,Printer,East,5,180,0.1,810.0
2025-11-28,Router,West,15,80,0.0,1200.0
2025-11-28,Router,North,15,80,0.05,1140.0
2025-11-28,Router,South,14,80,0.05,1064.0
2025-11-28,Router,East,14,80,0.1,1008.0
2025-11-28,Webcam,West,16,55,0.05,836.0
2025-11-28,Webcam,North,8,55,0.0,440.0
2025-11-28,Webcam,South,6,55,0.0,330.0
2025-11-28,Webcam,East,10,55,0.05,522.5
2025-11-29,Laptop,West,9,650,0.0,5850.0
2025-11-29,Laptop,North,9,650,0.05,5557.5
2025-11-29,Laptop,South,11,650,0.1,6435.0
2025-11-29,Laptop,East,7,650,0.0,4550.0
2025-11-29,Monitor,West,15,220,0.0,3300.0
2025-11-29,Monitor,North,17,220,0.0,3740.0
2025-11-29,Monitor,South,6,220,0.0,1320.0
2025-11-29,Monitor,East,11,220,0.0,2420.0
2025-11-29,Keyboard,West,22,45,0.15,841.5
2025-11-29,Keyboard,North,20,45,0.1,810.0
2025-11-29,Keyboard,South,25,45,0.0,1125.0
2025-11-29,Keyboard,East,17,45,0.05,726.75
2025-11-29,Mouse,West,25,25,0.1,562.5
2025-11-29,Mouse,North,23,25,0.05,546.25
2025-11-29,Mouse,South,17,25,0.1,382.5
2025-11-29,Mouse,East,25,25,0.1,562.5
2025-11-29,Headset,West,19,60,0.0,1140.0
2025-11-29,Headset,North,14,60,0.05,798.0
2025-11-29,Headset,South,12,60,0.1,648.0
2025-11-29,Headset,East,10,60,0.1,540.0
2025-11-29,Printer,West,6,180,0.05,1026.0
2025-11-29,Printer,North,6,180,0.1,972.0
2025-11-29,Printer,South,2,180,0.0,360.0
2025-11-29,Printer,East,9,180,0.0,1620.0
2025-11-29,Router,West,16,80,0.05,1216.0
2025-11-29,Router,North,14,80,0.05,1064.0
2025-11-29,Router,South,15,80,0.05,1140.0
2025-11-29,Router,East,11,80,0.0,880.0
2025-11-29,Webcam,West,16,55,0.05,836.0
2025-11-29,Webcam,North,10,55,0.1,495.0
2025-11-29,Webcam,South,6,55,0.0,330.0
2025-11-29,Webcam,East,7,55,0.05,365.75
2025-11-30,Laptop,West,13,650,0.05,8027.5
2025-11-30,Laptop,North,6,650,0.05,3705.0
2025-11-30,Laptop,South,9,650,0.05,5557.5
2025-11-30,Laptop,East,4,650,0.05,2470.0
2025-11-30,Monitor,West,12,220,0.1,2376.0
2025-11-30,Monitor,North,9,220,0.15,1683.0
2025-11-30,Monitor,South,9,220,0.0,1980.0
2025-11-30,Monitor,East,13,220,0.05,2717.0
2025-11-30,Keyboard,West,23,45,0.05,983.25
2025-11-30,Keyboard,North,20,45,0.0,900.0
2025-11-30,Keyboard,South,11,45,0.05,470.25
2025-11-30,Keyboard,East,17,45,0.1,688.5
2025-11-30,Mouse,West,38,25,0.0,950.0
2025-11-30,Mouse,North,27,25,0.0,675.0
2025-11-30,Mouse,South,22,25,0.0,550.0
2025-11-30,Mouse,East,17,25,0.05,403.75
2025-11-30,Headset,West,15,60,0.1,810.0
2025-11-30,Headset,North,17,60,0.0,1020.0
2025-11-30,Headset,South,9,60,0.05,513.0
2025-11-30,Headset,East,13,60,0.0,780.0
2025-11-30,Printer,West,4,180,0.0,720.0
2025-11-30,Printer,North,7,180,0.0,1260.0
2025-11-30,Printer,South,8,180,0.05,1368.0
2025-11-30,Printer,East,4,180,0.1,648.0
2025-11-30,Router,West,9,80,0.0,720.0
2025-11-30,Router,North,16,80,0.0,1280.0
2025-11-30,Router,South,12,80,0.1,864.0
2025-11-30,Router,East,10,80,0.0,800.0
2025-11-30,Webcam,West,13,55,0.05,679.25
2025-11-30,Webcam,North,10,55,0.05,522.5
2025-11-30,Webcam,South,13,55,0.1,643.5
2025-11-30,Webcam,East,10,55,0.0,550.0
2025-12-01,Laptop,West,5,650,0.1,2925.0
2025-12-01,Laptop,North,14,650,0.05,8645.0
2025-12-01,Laptop,South,9,650,0.05,5557.5
2025-12-01,Laptop,East,7,650,0.0,4550.0
2025-12-01,Monitor,West,16,220,0.1,3168.0
2025-12-01,Monitor,North,16,220,0.05,3344.0
2025-12-01,Monitor,South,8,220,0.05,1672.0
2025-12-01,Monitor,East,9,220,0.05,1881.0
2025-12-01,Keyboard,West,15,45,0.15,573.75
2025-12-01,Keyboard,North,16,45,0.0,720.0
2025-12-01,Keyboard,South,12,45,0.0,540.0
2025-12-01,Keyboard,East,18,45,0.05,769.5
2025-12-01,Mouse,West,29,25,0.1,652.5
2025-12-01,Mouse,North,27,25,0.0,675.0
2025-12-01,Mouse,South,25,25,0.0,625.0
2025-12-01,Mouse,East,38,25,0.0,950.0
2025-12-01,Headset,West,14,60,0.0,840.0
2025-12-01,Headset,North,11,60,0.15,561.0
2025-12-01,Headset,South,14,60,0.0,840.0
2025-12-01,Headset,East,13,60,0.1,702.0
2025-12-01,Printer,West,8,180,0.0,1440.0
2025-12-01,Printer,North,7,180,0.1,1134.0
2025-12-01,Printer,South,7,180,0.0,1260.0
2025-12-01,Printer,East,5,180,0.05,855.0
2025-12-01,Router,West,23,80,0.05,1748.0
2025-12-01,Router,North,12,80,0.0,960.0
2025-12-01,Router,South,12,80,0.05,912.0
2025-12-01,Router,East,14,80,0.05,1064.0
2025-12-01,Webcam,West,8,55,0.05,418.0
2025-12-01,Webcam,North,5,55,0.0,275.0
2025-12-01,Webcam,South,9,55,0.05,470.25
2025-12-01,Webcam,East,10,55,0.05,522.5
2025-12-02,Laptop,West,10,650,0.0,6500.0
2025-12-02,Laptop,North,9,650,0.0,5850.0
2025-12-02,Laptop,South,10,650,0.0,6500.0
2025-12-02,Laptop,East,9,650,0.1,5265.0
2025-12-02,Monitor,West,20,220,0.05,4180.0
2025-12-02,Monitor,North,8,220,0.05,1672.0
2025-12-02,Monitor,South,6,220,0.0,1320.0
2025-12-02,Monitor,East,13,220,0.1,2574.0
2025-12-02,Keyboard,West,25,45,0.0,1125.0
2025-12-02,Keyboard,North,25,45,0.0,1125.0
2025-12-02,Keyboard,South,21,45,0.05,897.75
2025-12-02,Keyboard,East,22,45,0.1,891.0
2025-12-02,Mouse,West,29,25,0.0,725.0
2025-12-02,Mouse,North,23,25,0.0,575.0
2025-12-02,Mouse,South,27,25,0.05,641.25
2025-12-02,Mouse,East,26,25,0.05,617.5
2025-12-02,Headset,West,16,60,0.1,864.0
2025-12-02,Headset,North,6,60,0.15,306.0
2025-12-02,Headset,South,8,60,0.05,456.0
2025-12-02,Headset,East,16,60,0.1,864.0
2025-12-02,Printer,West,7,180,0.1,1134.0
2025-12-02,Printer,North,8,180,0.0,1440.0
2025-12-02,Printer,South,5,180,0.05,855.0
2025-12-02,Printer,East,6,180,0.05,1026.0
2025-12-02,Router,West,6,80,0.15,408.0
2025-12-02,Router,North,13,80,0.0,1040.0
2025-12-02,Router,South,14,80,0.05,1064.0
2025-12-02,Router,East,12,80,0.0,960.0
2025-12-02,Webcam,West,10,55,0.05,522.5
2025-12-02,Webcam,North,7,55,0.0,385.0
2025-12-02,Webcam,South,13,55,0.0,715.0
2025-12-02,Webcam,East,11,55,0.1,544.5
2025-12-03,Laptop,West,13,650,0.05,8027.5
2025-12-03,Laptop,North,13,650,0.1,7605.0
2025-12-03,Laptop,South,6,650,0.0,3900.0
2025-12-03,Laptop,East,7,650,0.05,4322.5
2025-12-03,Monitor,West,16,220,0.1,3168.0
2025-12-03,Monitor,North,9,220,0.0,1980.0
2025-12-03,Monitor,South,9,220,0.05,1881.0
2025-12-03,Monitor,East,19,220,0.05,3971.0
2025-12-03,Keyboard,West,16,45,0.0,720.0
2025-12-03,Keyboard,North,16,45,0.1,648.0
2025-12-03,Keyboard,South,16,45,0.0,720.0
2025-12-03,Keyboard,East,31,45,0.0,1395.0
2025-12-03,Mouse,West,31,25,0.05,736.25
2025-12-03,Mouse,North,35,25,0.15,743.75
2025-12-03,Mouse,South,24,25,0.0,600.0
2025-12-03,Mouse,East,29,25,0.0,725.0
2025-12-03,Headset,West,14,60,0.15,714.0
2025-12-03,Headset,North,12,60,0.0,720.0
2025-12-03,Headset,South,14,60,0.0,840.0
2025-12-03,Headset,East,12,60,0.1,648.0
2025-12-03,Printer,West,2,180,0.1,324.0
2025-12-03,Printer,North,2,180,0.1,324.0
2025-12-03,Printer,South,8,180,0.0,1440.0
2025-12-03,Printer,East,6,180,0.0,1080.0
2025-12-03,Router,West,16,80,0.0,1280.0
2025-12-03,Router,North,12,80,0.0,960.0
2025-12-03,Router,South,10,80,0.0,800.0
2025-12-03,Router,East,12,80,0.05,912.0
2025-12-03,Webcam,West,10,55,0.0,550.0
2025-12-03,Webcam,North,6,55,0.05,313.5
2025-12-03,Webcam,South,9,55,0.0,495.0
2025-12-03,Webcam,East,4,55,0.0,220.0
2025-12-04,Laptop,West,6,650,0.0,3900.0
2025-12-04,Laptop,North,6,650,0.0,3900.0
2025-12-04,Laptop,South,8,650,0.15,4420.0
2025-12-04,Laptop,East,7,650,0.0,4550.0
2025-12-04,Monitor,West,11,220,0.1,2178.0
2025-12-04,Monitor,North,7,220,0.05,1463.0
2025-12-04,Monitor,South,10,220,0.05,2090.0
2025-12-04,Monitor,East,7,220,0.0,1540.0
2025-12-04,Keyboard,West,24,45,0.05,1026.0
2025-12-04,Keyboard,North,16,45,0.0,720.0
2025-12-04,Keyboard,South,11,45,0.05,470.25
2025-12-04,Keyboard,East,22,45,0.1,891.0
2025-12-04,Mouse,West,36,25,0.05,855.0
2025-12-04,Mouse,North,22,25,0.0,550.0
2025-12-04,Mouse,South,18,25,0.0,450.0
2025-12-04,Mouse,East,37,25,0.0,925.0
2025-12-04,Headset,West,23,60,0.05,1311.0
2025-12-04,Headset,North,11,60,0.0,660.0
2025-12-04,Headset,South,17,60,0.0,1020.0
2025-12-04,Headset,East,12,60,0.0,720.0
2025-12-04,Printer,West,5,180,0.05,855.0
2025-12-04,Printer,North,8,180,0.0,1440.0
2025-12-04,Printer,South,8,180,0.05,1368.0
2025-12-04,Printer,East,5,180,0.1,810.0
2025-12-04,Router,West,18,80,0.0,1440.0
2025-12-04,Router,North,19,80,0.0,1520.0
2025-12-04,Router,South,16,80,0.05,1216.0
2025-12-04,Router,East,14,80,0.1,1008.0
2025-12-04,Webcam,West,7,55,0.0,385.0
2025-12-04,Webcam,North,8,55,0.1,396.0
2025-12-04,Webcam,South,7,55,0.05,365.75
2025-12-04,Webcam,East,11,55,0.1,544.5
2025-12-05,Laptop,West,5,650,0.0,3250.0
2025-12-05,Laptop,North,10,650,0.05,6175.0
2025-12-05,Laptop,South,9,650,0.15,4972.5
2025-12-05,Laptop,East,6,650,0.05,3705.0
2025-12-05,Monitor,West,12,220,0.1,2376.0
2025-12-05,Monitor,North,12,220,0.05,2508.0
2025-12-05,Monitor,South,12,220,0.05,2508.0
2025-12-05,Monitor,East,13,220,0.05,2717.0
2025-12-05,Keyboard,West,21,45,0.1,850.5
2025-12-05,Keyboard,North,22,45,0.05,940.5
2025-12-05,Keyboard,South,21,45,0.1,850.5
2025-12-05,Keyboard,East,25,45,0.0,1125.0
2025-12-05,Mouse,West,32,25,0.1,720.0
2025-12-05,Mouse,North,21,25,0.15,446.25
2025-12-05,Mouse,South,18,25,0.0,450.0
2025-12-05,Mouse,East,33,25,0.0,825.0
2025-12-05,Headset,West,21,60,0.05,1197.0
2025-12-05,Headset,North,10,60,0.1,540.0
2025-12-05,Headset,South,4,60,0.1,216.0
2025-12-05,Headset,East,13,60,0.0,780.0
2025-12-05,Printer,West,9,180,0.1,1458.0
2025-12-05,Printer,North,6,180,0.05,1026.0
2025-12-05,Printer,South,2,180,0.0,360.0
2025-12-05,Printer,East,9,180,0.0,1620.0
2025-12-05,Router,West,27,80,0.1,1944.0
2025-12-05,Router,North,15,80,0.0,1200.0
2025-12-05,Router,South,19,80,0.0,1520.0
2025-12-05,Router,East,10,80,0.0,800.0
2025-12-05,Webcam,West,11,55,0.0,605.0
2025-12-05,Webcam,North,12,55,0.05,627.0
2025-12-05,Webcam,South,4,55,0.0,220.0
2025-12-05,Webcam,East,8,55,0.0,440.0
2025-12-06,Laptop,West,10,650,0.0,6500.0
2025-12-06,Laptop,North,5,650,0.0,3250.0
2025-12-06,Laptop,South,5,650,0.05,3087.5
2025-12-06,Laptop,East,11,650,0.1,6435.0
2025-12-06,Monitor,West,12,220,0.1,2376.0
2025-12-06,Monitor,North,10,220,0.05,2090.0
2025-12-06,Monitor,South,7,220,0.0,1540.0
2025-12-06,Monitor,East,19,220,0.05,3971.0
2025-12-06,Keyboard,West,22,45,0.05,940.5
2025-12-06,Keyboard,North,19,45,0.0,855.0
2025-12-06,Keyboard,South,14,45,0.0,630.0
2025-12-06,Keyboard,East,16,45,0.1,648.0
2025-12-06,Mouse,West,33,25,0.1,742.5
2025-12-06,Mouse,North,35,25,0.05,831.25
2025-12-06,Mouse,South,29,25,0.0,725.0
2025-12-06,Mouse,East,25,25,0.0,625.0
2025-12-06,Headset,West,9,60,0.0,540.0
2025-12-06,Headset,North,11,60,0.05,627.0
2025-12-06,Headset,South,15,60,0.05,855.0
2025-12-06,Headset,East,14,60,0.0,840.0
2025-12-06,Printer,West,3,180,0.05,513.0
2025-12-06,Printer,North,5,180,0.0,900.0
2025-12-06,Printer,South,4,180,0.05,684.0
2025-12-06,Printer,East,4,180,0.1,648.0
2025-12-06,Router,West,12,80,0.05,912.0
2025-12-06,Router,North,18,80,0.1,1296.0
2025-12-06,Router,South,6,80,0.1,432.0
2025-12-06,Router,East,11,80,0.0,880.0
2025-12-06,Webcam,West,13,55,0.0,715.0
2025-12-06,Webcam,North,10,55,0.0,550.0
2025-12-06,Webcam,South,14,55,0.15,654.5
2025-12-06,Webcam,East,8,55,0.1,396.0
2025-12-07,Laptop,West,15,650,0.0,9750.0
2025-12-07,Laptop,North,5,650,0.0,3250.0
2025-12-07,Laptop,South,6,650,0.1,3510.0
2025-12-07,Laptop,East,10,650,0.05,6175.0
2025-12-07,Monitor,West,13,220,0.05,2717.0
2025-12-07,Monitor,North,7,220,0.05,1463.0
2025-12-07,Monitor,South,9,220,0.1,1782.0
2025-12-07,Monitor,East,8,220,0.0,1760.0
2025-12-07,Keyboard,West,23,45,0.0,1035.0
2025-12-07,Keyboard,North,15,45,0.05,641.25
2025-12-07,Keyboard,South,16,45,0.0,720.0
2025-12-07,Keyboard,East,19,45,0.15,726.75
2025-12-07,Mouse,West,28,25,0.0,700.0
2025-12-07,Mouse,North,29,25,0.1,652.5
2025-12-07,Mouse,South,23,25,0.1,517.5
2025-12-07,Mouse,East,26,25,0.05,617.5
2025-12-07,Headset,West,19,60,0.15,969.0
2025-12-07,Headset,North,8,60,0.1,432.0
2025-12-07,Headset,South,10,60,0.0,600.0
2025-12-07,Headset,East,10,60,0.0,600.0
2025-12-07,Printer,West,10,180,0.1,1620.0
2025-12-07,Printer,North,3,180,0.0,540.0
2025-12-07,Printer,South,12,180,0.0,2160.0
2025-12-07,Printer,East,9,180,0.0,1620.0
2025-12-07,Router,West,14,80,0.05,1064.0
2025-12-07,Router,North,12,80,0.0,960.0
2025-12-07,Router,South,18,80,0.0,1440.0
2025-12-07,Router,East,12,80,0.0,960.0
2025-12-07,Webcam,West,17,55,0.0,935.0
2025-12-07,Webcam,North,10,55,0.1,495.0
2025-12-07,Webcam,South,9,55,0.0,495.0
2025-12-07,Webcam,East,8,55,0.05,418.0
2025-12-08,Laptop,West,7,650,0.05,4322.5
2025-12-08,Laptop,North,4,650,0.05,2470.0
2025-12-08,Laptop,South,5,650,0.05,3087.5
2025-12-08,Laptop,East,7,650,0.0,4550.0
2025-12-08,Monitor,West,18,220,0.05,3762.0
2025-12-08,Monitor,North,7,220,0.15,1309.0
2025-12-08,Monitor,South,9,220,0.0,1980.0
2025-12-08,Monitor,East,15,220,0.1,2970.0
2025-12-08,Keyboard,West,23,45,0.05,983.25
2025-12-08,Keyboard,North,21,45,0.05,897.75
2025-12-08,Keyboard,South,12,45,0.1,486.0
2025-12-08,Keyboard,East,17,45,0.0,765.0
2025-12-08,Mouse,West,26,25,0.0,650.0
2025-12-08,Mouse,North,28,25,0.0,700.0
2025-12-08,Mouse,South,17,25,0.15,361.25
2025-12-08,Mouse,East,30,25,0.05,712.5
2025-12-08,Headset,West,11,60,0.05,627.0
2025-12-08,Headset,North,12,60,0.05,684.0
2025-12-08,Headset,South,12,60,0.1,648.0
2025-12-08,Headset,East,15,60,0.05,855.0
2025-12-08,Printer,West,8,180,0.0,1440.0
2025-12-08,Printer,North,5,180,0.15,765.0
2025-12-08,Printer,South,8,180,0.1,1296.0
2025-12-08,Printer,East,9,180,0.0,1620.0
2025-12-08,Router,West,20,80,0.1,1440.0
2025-12-08,Router,North,17,80,0.05,1292.0
2025-12-08,Router,South,10,80,0.05,760.0
2025-12-08,Router,East,20,80,0.05,1520.0
2025-12-08,Webcam,West,8,55,0.1,396.0
2025-12-08,Webcam,North,7,55,0.0,385.0
2025-12-08,Webcam,South,12,55,0.1,594.0
2025-12-08,Webcam,East,12,55,0.0,660.0
2025-12-09,Laptop,West,11,650,0.0,7150.0
2025-12-09,Laptop,North,6,650,0.1,3510.0
2025-12-09,Laptop,South,7,650,0.05,4322.5
2025-12-09,Laptop,East,11,650,0.1,6435.0
2025-12-09,Monitor,West,10,220,0.15,1870.0
2025-12-09,Monitor,North,13,220,0.05,2717.0
2025-12-09,Monitor,South,7,220,0.05,1463.0
2025-12-09,Monitor,East,11,220,0.0,2420.0
2025-12-09,Keyboard,West,13,45,0.05,555.75
2025-12-09,Keyboard,North,24,45,0.05,1026.0
2025-12-09,Keyboard,South,13,45,0.15,497.25
2025-12-09,Keyboard,East,27,45,0.0,1215.0
2025-12-09,Mouse,West,44,25,0.05,1045.0
2025-12-09,Mouse,North,19,25,0.0,475.0
2025-12-09,Mouse,South,18,25,0.0,450.0
2025-12-09,Mouse,East,22,25,0.0,550.0
2025-12-09,Headset,West,19,60,0.0,1140.0
2025-12-09,Headset,North,15,60,0.05,855.0
2025-12-09,Headset,South,7,60,0.1,378.0
2025-12-09,Headset,East,22,60,0.05,1254.0
2025-12-09,Printer,West,10,180,0.05,1710.0
2025-12-09,Printer,North,4,180,0.1,648.0
2025-12-09,Printer,South,6,180,0.05,1026.0
2025-12-09,Printer,East,6,180,0.05,1026.0
2025-12-09,Router,West,16,80,0.0,1280.0
2025-12-09,Router,North,12,80,0.1,864.0
2025-12-09,Router,South,9,80,0.0,720.0
2025-12-09,Router,East,8,80,0.0,640.0
2025-12-09,Webcam,West,7,55,0.0,385.0
2025-12-09,Webcam,North,10,55,0.05,522.5
2025-12-09,Webcam,South,7,55,0.1,346.5
2025-12-09,Webcam,East,15,55,0.0,825.0
2025-12-10,Laptop,West,14,650,0.1,8190.0
2025-12-10,Laptop,North,8,650,0.0,5200.0
2025-12-10,Laptop,South,9,650,0.1,5265.0
2025-12-10,Laptop,East,10,650,0.0,6500.0
2025-12-10,Monitor,West,9,220,0.0,1980.0
2025-12-10,Monitor,North,11,220,0.05,2299.0
2025-12-10,Monitor,South,10,220,0.0,2200.0
2025-12-10,Monitor,East,11,220,0.0,2420.0
2025-12-10,Keyboard,West,24,45,0.05,1026.0
2025-12-10,Keyboard,North,19,45,0.1,769.5
2025-12-10,Keyboard,South,24,45,0.05,1026.0
2025-12-10,Keyboard,East,21,45,0.15,803.25
2025-12-10,Mouse,West,19,25,0.15,403.75
2025-12-10,Mouse,North,25,25,0.1,562.5
2025-12-10,Mouse,South,27,25,0.05,641.25
2025-12-10,Mouse,East,29,25,0.1,652.5
2025-12-10,Headset,West,9,60,0.0,540.0
2025-12-10,Headset,North,14,60,0.0,840.0
2025-12-10,Headset,South,11,60,0.05,627.0
2025-12-10,Headset,East,8,60,0.1,432.0
2025-12-10,Printer,West,9,180,0.05,1539.0
2025-12-10,Printer,North,7,180,0.1,1134.0
2025-12-10,Printer,South,4,180,0.0,720.0
2025-12-10,Printer,East,5,180,0.0,900.0
2025-12-10,Router,West,23,80,0.15,1564.0
2025-12-10,Router,North,15,80,0.0,1200.0
2025-12-10,Router,South,9,80,0.0,720.0
2025-12-10,Router,East,8,80,0.1,576.0
2025-12-10,Webcam,West,17,55,0.15,794.75
2025-12-10,Webcam,North,12,55,0.05,627.0
2025-12-10,Webcam,South,10,55,0.0,550.0
2025-12-10,Webcam,East,11,55,0.0,605.0
2025-12-11,Laptop,West,5,650,0.0,3250.0
2025-12-11,Laptop,North,10,650,0.05,6175.0
2025-12-11,Laptop,South,10,650,0.0,6500.0
2025-12-11,Laptop,East,9,650,0.1,5265.0
2025-12-11,Monitor,West,8,220,0.1,1584.0
2025-12-11,Monitor,North,7,220,0.0,1540.0
2025-12-11,Monitor,South,10,220,0.1,1980.0
2025-12-11,Monitor,East,9,220,0.0,1980.0
2025-12-11,Keyboard,West,17,45,0.1,688.5
2025-12-11,Keyboard,North,22,45,0.1,891.0
2025-12-11,Keyboard,South,16,45,0.0,720.0
2025-12-11,Keyboard,East,12,45,0.0,540.0
2025-12-11,Mouse,West,30,25,0.05,712.5
2025-12-11,Mouse,North,26,25,0.0,650.0
2025-12-11,Mouse,South,19,25,0.05,451.25
2025-12-11,Mouse,East,23,25,0.05,546.25
2025-12-11,Headset,West,18,60,0.0,1080.0
2025-12-11,Headset,North,15,60,0.1,810.0
2025-12-11,Headset,South,8,60,0.0,480.0
2025-12-11,Headset,East,14,60,0.0,840.0
2025-12-11,Printer,West,9,180,0.0,1620.0
2025-12-11,Printer,North,7,180,0.05,1197.0
2025-12-11,Printer,South,3,180,0.0,540.0
2025-12-11,Printer,East,1,180,0.0,180.0
2025-12-11,Router,West,21,80,0.05,1596.0
2025-12-11,Router,North,17,80,0.0,1360.0
2025-12-11,Router,South,16,80,0.05,1216.0
2025-12-11,Router,East,21,80,0.05,1596.0
2025-12-11,Webcam,West,13,55,0.1,643.5
2025-12-11,Webcam,North,10,55,0.0,550.0
2025-12-11,Webcam,South,10,55,0.1,495.0
2025-12-11,Webcam,East,13,55,0.15,607.75
2025-12-12,Laptop,West,4,650,0.0,2600.0
2025-12-12,Laptop,North,5,650,0.05,3087.5
2025-12-12,Laptop,South,7,650,0.15,3867.5
2025-12-12,Laptop,East,5,650,0.0,3250.0
2025-12-12,Monitor,West,12,220,0.1,2376.0
2025-12-12,Monitor,North,13,220,0.05,2717.0
2025-12-12,Monitor,South,19,220,0.0,4180.0
2025-12-12,Monitor,East,9,220,0.15,1683.0
2025-12-12,Keyboard,West,23,45,0.05,983.25
2025-12-12,Keyboard,North,18,45,0.05,769.5
2025-12-12,Keyboard,South,17,45,0.0,765.0
2025-12-12,Keyboard,East,16,45,0.1,648.0
2025-12-12,Mouse,West,29,25,0.0,725.0
2025-12-12,Mouse,North,22,25,0.0,550.0
2025-12-12,Mouse,South,19,25,0.05,451.25
2025-12-12,Mouse,East,32,25,0.0,800.0
2025-12-12,Headset,West,14,60,0.1,756.0
2025-12-12,Headset,North,6,60,0.0,360.0
2025-12-12,Headset,South,7,60,0.0,420.0
2025-12-12,Headset,East,16,60,0.1,864.0
2025-12-12,Printer,West,3,180,0.05,513.0
2025-12-12,Printer,North,10,180,0.05,1710.0
2025-12-12,Printer,South,5,180,0.15,765.0
2025-12-12,Printer,East,6,180,0.1,972.0
2025-12-12,Router,West,15,80,0.0,1200.0
2025-12-12,Router,North,17,80,0.0,1360.0
2025-12-12,Router,South,9,80,0.0,720.0
2025-12-12,Router,East,20,80,0.0,1600.0
2025-12-12,Webcam,West,6,55,0.05,313.5
2025-12-12,Webcam,North,6,55,0.1,297.0
2025-12-12,Webcam,South,11,55,0.0,605.0
2025-12-12,Webcam,East,10,55,0.1,495.0
2025-12-13,Laptop,West,6,650,0.05,3705.0
2025-12-13,Laptop,North,10,650,0.05,6175.0
2025-12-13,Laptop,South,6,650,0.05,3705.0
2025-12-13,Laptop,East,7,650,0.1,4095.0
2025-12-13,Monitor,West,15,220,0.0,3300.0
2025-12-13,Monitor,North,13,220,0.05,2717.0
2025-12-13,Monitor,South,10,220,0.0,2200.0
2025-12-13,Monitor,East,15,220,0.05,3135.0
2025-12-13,Keyboard,West,33,45,0.0,1485.0
2025-12-13,Keyboard,North,18,45,0.0,810.0
2025-12-13,Keyboard,South,19,45,0.0,855.0
2025-12-13,Keyboard,East,23,45,0.0,1035.0
2025-12-13,Mouse,West,22,25,0.1,495.0
2025-12-13,Mouse,North,30,25,0.1,675.0
2025-12-13,Mouse,South,23,25,0.0,575.0
2025-12-13,Mouse,East,33,25,0.0,825.0
2025-12-13,Headset,West,15,60,0.05,855.0
2025-12-13,Headset,North,12,60,0.1,648.0
2025-12-13,Headset,South,14,60,0.1,756.0
2025-12-13,Headset,East,14,60,0.0,840.0
2025-12-13,Printer,West,10,180,0.0,1800.0
2025-12-13,Printer,North,5,180,0.0,900.0
2025-12-13,Printer,South,10,180,0.1,1620.0
2025-12-13,Printer,East,3,180,0.1,486.0
2025-12-13,Router,West,13,80,0.15,884.0
2025-12-13,Router,North,9,80,0.05,684.0
2025-12-13,Router,South,9,80,0.0,720.0
2025-12-13,Router,East,15,80,0.05,1140.0
2025-12-13,Webcam,West,13,55,0.1,643.5
2025-12-13,Webcam,North,10,55,0.15,467.5
2025-12-13,Webcam,South,7,55,0.05,365.75
2025-12-13,Webcam,East,11,55,0.0,605.0
2025-12-14,Laptop,West,10,650,0.0,6500.0
2025-12-14,Laptop,North,13,650,0.0,8450.0
2025-12-14,Laptop,South,13,650,0.0,8450.0
2025-12-14,Laptop,East,5,650,0.05,3087.5
2025-12-14,Monitor,West,15,220,0.05,3135.0
2025-12-14,Monitor,North,8,220,0.1,1584.0
2025-12-14,Monitor,South,13,220,0.0,2860.0
2025-12-14,Monitor,East,11,220,0.05,2299.0
2025-12-14,Keyboard,West,16,45,0.0,720.0
2025-12-14,Keyboard,North,20,45,0.05,855.0
2025-12-14,Keyboard,South,20,45,0.1,810.0
2025-12-14,Keyboard,East,21,45,0.15,803.25
2025-12-14,Mouse,West,24,25,0.05,570.0
2025-12-14,Mouse,North,31,25,0.0,775.0
2025-12-14,Mouse,South,22,25,0.05,522.5
2025-12-14,Mouse,East,24,25,0.1,540.0
2025-12-14,Headset,West,20,60,0.05,1140.0
2025-12-14,Headset,North,17,60,0.0,1020.0
2025-12-14,Headset,South,12,60,0.05,684.0
2025-12-14,Headset,East,10,60,0.0,600.0
2025-12-14,Printer,West,4,180,0.05,684.0
2025-12-14,Printer,North,3,180,0.1,486.0
2025-12-14,Printer,South,8,180,0.0,1440.0
2025-12-14,Printer,East,8,180,0.05,1368.0
2025-12-14,Router,West,13,80,0.05,988.0
2025-12-14,Router,North,22,80,0.0,1760.0
2025-12-14,Router,South,10,80,0.0,800.0
2025-12-14,Router,East,10,80,0.05,760.0
2025-12-14,Webcam,West,7,55,0.0,385.0
2025-12-14,Webcam,North,11,55,0.0,605.0
2025-12-14,Webcam,South,9,55,0.05,470.25
2025-12-14,Webcam,East,8,55,0.0,440.0
2025-12-15,Laptop,West,11,650,0.1,6435.0
2025-12-15,Laptop,North,9,650,0.0,5850.0
2025-12-15,Laptop,South,8,650,0.05,4940.0
2025-12-15,Laptop,East,10,650,0.1,5850.0
2025-12-15,Monitor,West,9,220,0.0,1980.0
2025-12-15,Monitor,North,15,220,0.1,2970.0
2025-12-15,Monitor,South,9,220,0.0,1980.0
2025-12-15,Monitor,East,12,220,0.05,2508.0
2025-12-15,Keyboard,West,16,45,0.1,648.0
2025-12-15,Keyboard,North,18,45,0.15,688.5
2025-12-15,Keyboard,South,10,45,0.0,450.0
2025-12-15,Keyboard,East,19,45,0.05,812.25
2025-12-15,Mouse,West,31,25,0.05,736.25
2025-12-15,Mouse,North,30,25,0.0,750.0
2025-12-15,Mouse,South,21,25,0.05,498.75
2025-12-15,Mouse,East,32,25,0.0,800.0
2025-12-15,Headset,West,9,60,0.0,540.0
2025-12-15,Headset,North,17,60,0.0,1020.0
2025-12-15,Headset,South,14,60,0.0,840.0
2025-12-15,Headset,East,12,60,0.0,720.0
2025-12-15,Printer,West,8,180,0.1,1296.0
2025-12-15,Printer,North,6,180,0.0,1080.0
2025-12-15,Printer,South,4,180,0.05,684.0
2025-12-15,Printer,East,4,180,0.1,648.0
2025-12-15,Router,West,13,80,0.05,988.0
2025-12-15,Router,North,13,80,0.05,988.0
2025-12-15,Router,South,14,80,0.0,1120.0
2025-12-15,Router,East,12,80,0.05,912.0
2025-12-15,Webcam,West,13,55,0.1,643.5
2025-12-15,Webcam,North,5,55,0.1,247.5
2025-12-15,Webcam,South,11,55,0.05,574.75
2025-12-15,Webcam,East,8,55,0.0,440.0
2025-12-16,Laptop,West,14,650,0.0,9100.0
2025-12-16,Laptop,North,5,650,0.1,2925.0
2025-12-16,Laptop,South,12,650,0.1,7020.0
2025-12-16,Laptop,East,7,650,0.0,4550.0
2025-12-16,Monitor,West,13,220,0.05,2717.0
2025-12-16,Monitor,North,9,220,0.0,1980.0
2025-12-16,Monitor,South,12,220,0.15,2244.0
2025-12-16,Monitor,East,14,220,0.1,2772.0
2025-12-16,Keyboard,West,30,45,0.1,1215.0
2025-12-16,Keyboard,North,17,45,0.0,765.0
2025-12-16,Keyboard,South,24,45,0.15,918.0
2025-12-16,Keyboard,East,19,45,0.0,855.0
2025-12-16,Mouse,West,28,25,0.0,700.0
2025-12-16,Mouse,North,15,25,0.0,375.0
2025-12-16,Mouse,South,20,25,0.0,500.0
2025-12-16,Mouse,East,29,25,0.05,688.75
2025-12-16,Headset,West,14,60,0.05,798.0
2025-12-16,Headset,North,13,60,0.1,702.0
2025-12-16,Headset,South,8,60,0.1,432.0
2025-12-16,Headset,East,16,60,0.1,864.0
2025-12-16,Printer,West,9,180,0.0,1620.0
2025-12-16,Printer,North,3,180,0.0,540.0
2025-12-16,Printer,South,5,180,0.0,900.0
2025-12-16,Printer,East,8,180,0.0,1440.0
2025-12-16,Router,West,14,80,0.1,1008.0
2025-12-16,Router,North,16,80,0.0,1280.0
2025-12-16,Router,South,13,80,0.1,936.0
2025-12-16,Router,East,15,80,0.0,1200.0
2025-12-16,Webcam,West,7,55,0.0,385.0
2025-12-16,Webcam,North,9,55,0.0,495.0
2025-12-16,Webcam,South,8,55,0.15,374.0
2025-12-16,Webcam,East,10,55,0.05,522.5
2025-12-17,Laptop,West,9,650,0.05,5557.5
2025-12-17,Laptop,North,9,650,0.05,5557.5
2025-12-17,Laptop,South,7,650,0.05,4322.5
2025-12-17,Laptop,East,5,650,0.05,3087.5
2025-12-17,Monitor,West,12,220,0.0,2640.0
2025-12-17,Monitor,North,10,220,0.1,1980.0
2025-12-17,Monitor,South,13,220,0.05,2717.0
2025-12-17,Monitor,East,9,220,0.05,1881.0
2025-12-17,Keyboard,West,19,45,0.0,855.0
2025-12-17,Keyboard,North,26,45,0.0,1170.0
2025-12-17,Keyboard,South,22,45,0.05,940.5
2025-12-17,Keyboard,East,27,45,0.0,1215.0
2025-12-17,Mouse,West,32,25,0.0,800.0
2025-12-17,Mouse,North,26,25,0.1,585.0
2025-12-17,Mouse,South,30,25,0.0,750.0
2025-12-17,Mouse,East,32,25,0.05,760.0
2025-12-17,Headset,West,15,60,0.0,900.0
2025-12-17,Headset,North,19,60,0.05,1083.0
2025-12-17,Headset,South,8,60,0.1,432.0
2025-12-17,Headset,East,10,60,0.0,600.0
2025-12-17,Printer,West,9,180,0.0,1620.0
2025-12-17,Printer,North,5,180,0.1,810.0
2025-12-17,Printer,South,5,180,0.1,810.0
2025-12-17,Printer,East,9,180,0.05,1539.0
2025-12-17,Router,West,18,80,0.1,1296.0
2025-12-17,Router,North,13,80,0.0,1040.0
2025-12-17,Router,South,7,80,0.0,560.0
2025-12-17,Router,East,8,80,0.05,608.0
2025-12-17,Webcam,West,6,55,0.1,297.0
2025-12-17,Webcam,North,10,55,0.05,522.5
2025-12-17,Webcam,South,8,55,0.1,396.0
2025-12-17,Webcam,East,5,55,0.0,275.0
2025-12-18,Laptop,West,15,650,0.0,9750.0
2025-12-18,Laptop,North,11,650,0.05,6792.5
2025-12-18,Laptop,South,8,650,0.0,5200.0
2025-12-18,Laptop,East,9,650,0.1,5265.0
2025-12-18,Monitor,West,12,220,0.1,2376.0
2025-12-18,Monitor,North,14,220,0.0,3080.0
2025-12-18,Monitor,South,14,220,0.1,2772.0
2025-12-18,Monitor,East,12,220,0.0,2640.0
2025-12-18,Keyboard,West,8,45,0.05,342.0
2025-12-18,Keyboard,North,13,45,0.0,585.0
2025-12-18,Keyboard,South,18,45,0.0,810.0
2025-12-18,Keyboard,East,19,45,0.1,769.5
2025-12-18,Mouse,West,27,25,0.15,573.75
2025-12-18,Mouse,North,29,25,0.1,652.5
2025-12-18,Mouse,South,33,25,0.05,783.75
2025-12-18,Mouse,East,20,25,0.0,500.0
2025-12-18,Headset,West,4,60,0.0,240.0
2025-12-18,Headset,North,7,60,0.0,420.0
2025-12-18,Headset,South,11,60,0.1,594.0
2025-12-18,Headset,East,19,60,0.0,1140.0
2025-12-18,Printer,West,8,180,0.0,1440.0
2025-12-18,Printer,North,5,180,0.0,900.0
2025-12-18,Printer,South,7,180,0.0,1260.0
2025-12-18,Printer,East,5,180,0.1,810.0
2025-12-18,Router,West,17,80,0.1,1224.0
2025-12-18,Router,North,15,80,0.0,1200.0
2025-12-18,Router,South,10,80,0.0,800.0
2025-12-18,Router,East,13,80,0.0,1040.0
2025-12-18,Webcam,West,10,55,0.05,522.5
2025-12-18,Webcam,North,14,55,0.05,731.5
2025-12-18,Webcam,South,9,55,0.1,445.5
2025-12-18,Webcam,East,10,55,0.0,550.0
2025-12-19,Laptop,West,9,650,0.0,5850.0
2025-12-19,Laptop,North,7,650,0.0,4550.0
2025-12-19,Laptop,South,8,650,0.0,5200.0
2025-12-19,Laptop,East,9,650,0.05,5557.5
2025-12-19,Monitor,West,11,220,0.0,2420.0
2025-12-19,Monitor,North,9,220,0.0,1980.0
2025-12-19,Monitor,South,12,220,0.05,2508.0
2025-12-19,Monitor,East,8,220,0.1,1584.0
2025-12-19,Keyboard,West,27,45,0.0,1215.0
2025-12-19,Keyboard,North,16,45,0.05,684.0
2025-12-19,Keyboard,South,21,45,0.1,850.5
2025-12-19,Keyboard,East,19,45,0.0,855.0
2025-12-19,Mouse,West,30,25,0.05,712.5
2025-12-19,Mouse,North,25,25,0.0,625.0
2025-12-19,Mouse,South,18,25,0.05,427.5
2025-12-19,Mouse,East,30,25,0.0,750.0
2025-12-19,Headset,West,14,60,0.0,840.0
2025-12-19,Headset,North,15,60,0.15,765.0
2025-12-19,Headset,South,13,60,0.05,741.0
2025-12-19,Headset,East,9,60,0.0,540.0
2025-12-19,Printer,West,7,180,0.0,1260.0
2025-12-19,Printer,North,6,180,0.1,972.0
2025-12-19,Printer,South,11,180,0.05,1881.0
2025-12-19,Printer,East,7,180,0.1,1134.0
2025-12-19,Router,West,18,80,0.0,1440.0
2025-12-19,Router,North,19,80,0.05,1444.0
2025-12-19,Router,South,15,80,0.0,1200.0
2025-12-19,Router,East,16,80,0.0,1280.0
2025-12-19,Webcam,West,17,55,0.05,888.25
2025-12-19,Webcam,North,10,55,0.0,550.0
2025-12-19,Webcam,South,10,55,0.05,522.5
2025-12-19,Webcam,East,11,55,0.0,605.0
2025-12-20,Laptop,West,10,650,0.1,5850.0
2025-12-20,Laptop,North,2,650,0.15,1105.0
2025-12-20,Laptop,South,7,650,0.1,4095.0
2025-12-20,Laptop,East,8,650,0.1,4680.0
2025-12-20,Monitor,West,11,220,0.0,2420.0
2025-12-20,Monitor,North,9,220,0.05,1881.0
2025-12-20,Monitor,South,9,220,0.05,1881.0
2025-12-20,Monitor,East,15,220,0.0,3300.0
2025-12-20,Keyboard,West,27,45,0.0,1215.0
2025-12-20,Keyboard,North,12,45,0.05,513.0
2025-12-20,Keyboard,South,18,45,0.05,769.5
2025-12-20,Keyboard,East,19,45,0.1,769.5
2025-12-20,Mouse,West,36,25,0.0,900.0
2025-12-20,Mouse,North,26,25,0.0,650.0
2025-12-20,Mouse,South,31,25,0.0,775.0
2025-12-20,Mouse,East,37,25,0.05,878.75
2025-12-20,Headset,West,13,60,0.05,741.0
2025-12-20,Headset,North,11,60,0.0,660.0
2025-12-20,Headset,South,12,60,0.0,720.0
2025-12-20,Headset,East,16,60,0.05,912.0
2025-12-20,Printer,West,8,180,0.05,1368.0
2025-12-20,Printer,North,4,180,0.0,720.0
2025-12-20,Printer,South,2,180,0.0,360.0
2025-12-20,Printer,East,6,180,0.05,1026.0
2025-12-20,Router,West,19,80,0.0,1520.0
2025-12-20,Router,North,9,80,0.05,684.0
2025-12-20,Router,South,12,80,0.05,912.0
2025-12-20,Router,East,14,80,0.0,1120.0
2025-12-20,Webcam,West,10,55,0.0,550.0
2025-12-20,Webcam,North,14,55,0.05,731.5
2025-12-20,Webcam,South,12,55,0.15,561.0
2025-12-20,Webcam,East,7,55,0.15,327.25
2025-12-21,Laptop,West,11,650,0.05,6792.5
2025-12-21,Laptop,North,14,650,0.05,8645.0
2025-12-21,Laptop,South,8,650,0.1,4680.0
2025-12-21,Laptop,East,5,650,0.15,2762.5
2025-12-21,Monitor,West,15,220,0.0,3300.0
2025-12-21,Monitor,North,12,220,0.0,2640.0
2025-12-21,Monitor,South,6,220,0.0,1320.0
2025-12-21,Monitor,East,5,220,0.0,1100.0
2025-12-21,Keyboard,West,24,45,0.0,1080.0
2025-12-21,Keyboard,North,14,45,0.1,567.0
2025-12-21,Keyboard,South,14,45,0.0,630.0
2025-12-21,Keyboard,East,23,45,0.1,931.5
2025-12-21,Mouse,West,33,25,0.1,742.5
2025-12-21,Mouse,North,24,25,0.1,540.0
2025-12-21,Mouse,South,25,25,0.0,625.0
2025-12-21,Mouse,East,31,25,0.0,775.0
2025-12-21,Headset,West,13,60,0.15,663.0
2025-12-21,Headset,North,9,60,0.1,486.0
2025-12-21,Headset,South,14,60,0.0,840.0
2025-12-21,Headset,East,7,60,0.0,420.0
2025-12-21,Printer,West,4,180,0.1,648.0
2025-12-21,Printer,North,6,180,0.0,1080.0
2025-12-21,Printer,South,3,180,0.05,513.0
2025-12-21,Printer,East,4,180,0.0,720.0
2025-12-21,Router,West,17,80,0.1,1224.0
2025-12-21,Router,North,20,80,0.05,1520.0
2025-12-21,Router,South,14,80,0.05,1064.0
2025-12-21,Router,East,16,80,0.0,1280.0
2025-12-21,Webcam,West,10,55,0.1,495.0
2025-12-21,Webcam,North,9,55,0.0,495.0
2025-12-21,Webcam,South,13,55,0.05,679.25
2025-12-21,Webcam,East,8,55,0.1,396.0
2025-12-22,Laptop,West,6,650,0.0,3900.0
2025-12-22,Laptop,North,10,650,0.05,6175.0
2025-12-22,Laptop,South,6,650,0.0,3900.0
2025-12-22,Laptop,East,4,650,0.05,2470.0
2025-12-22,Monitor,West,16,220,0.05,3344.0
2025-12-22,Monitor,North,11,220,0.0,2420.0
2025-12-22,Monitor,South,9,220,0.05,1881.0
2025-12-22,Monitor,East,9,220,0.0,1980.0
2025-12-22,Keyboard,West,18,45,0.0,810.0
2025-12-22,Keyboard,North,25,45,0.1,1012.5
2025-12-22,Keyboard,South,14,45,0.0,630.0
2025-12-22,Keyboard,East,26,45,0.05,1111.5
2025-12-22,Mouse,West,30,25,0.1,675.0
2025-12-22,Mouse,North,26,25,0.0,650.0
2025-12-22,Mouse,South,27,25,0.0,675.0
2025-12-22,Mouse,East,32,25,0.0,800.0
2025-12-22,Headset,West,24,60,0.05,1368.0
2025-12-22,Headset,North,16,60,0.05,912.0
2025-12-22,Headset,South,16,60,0.1,864.0
2025-12-22,Headset,East,13,60,0.0,780.0
2025-12-22,Printer,West,11,180,0.0,1980.0
2025-12-22,Printer,North,7,180,0.1,1134.0
2025-12-22,Printer,South,10,180,0.0,1800.0
2025-12-22,Printer,East,3,180,0.0,540.0
2025-12-22,Router,West,30,80,0.05,2280.0
2025-12-22,Router,North,18,80,0.0,1440.0
2025-12-22,Router,South,13,80,0.05,988.0
2025-12-22,Router,East,13,80,0.05,988.0
2025-12-22,Webcam,West,10,55,0.05,522.5
2025-12-22,Webcam,North,8,55,0.0,440.0
2025-12-22,Webcam,South,8,55,0.05,418.0
2025-12-22,Webcam,East,5,55,0.05,261.25
2025-12-23,Laptop,West,11,650,0.0,7150.0
2025-12-23,Laptop,North,7,650,0.1,4095.0
2025-12-23,Laptop,South,11,650,0.0,7150.0
2025-12-23,Laptop,East,4,650,0.0,2600.0
2025-12-23,Monitor,West,12,220,0.0,2640.0
2025-12-23,Monitor,North,16,220,0.0,3520.0
2025-12-23,Monitor,South,12,220,0.0,2640.0
2025-12-23,Monitor,East,8,220,0.0,1760.0
2025-12-23,Keyboard,West,18,45,0.05,769.5
2025-12-23,Keyboard,North,18,45,0.0,810.0
2025-12-23,Keyboard,South,18,45,0.1,729.0
2025-12-23,Keyboard,East,21,45,0.0,945.0
2025-12-23,Mouse,West,27,25,0.1,607.5
2025-12-23,Mouse,North,20,25,0.05,475.0
2025-12-23,Mouse,South,31,25,0.0,775.0
2025-12-23,Mouse,East,18,25,0.0,450.0
2025-12-23,Headset,West,10,60,0.05,570.0
2025-12-23,Headset,North,10,60,0.05,570.0
2025-12-23,Headset,South,8,60,0.05,456.0
2025-12-23,Headset,East,9,60,0.05,513.0
2025-12-23,Printer,West,12,180,0.0,2160.0
2025-12-23,Printer,North,6,180,0.05,1026.0
2025-12-23,Printer,South,1,180,0.1,162.0
2025-12-23,Printer,East,7,180,0.1,1134.0
2025-12-23,Router,West,10,80,0.05,760.0
2025-12-23,Router,North,17,80,0.0,1360.0
2025-12-23,Router,South,16,80,0.05,1216.0
2025-12-23,Router,East,17,80,0.1,1224.0
2025-12-23,Webcam,West,16,55,0.0,880.0
2025-12-23,Webcam,North,10,55,0.05,522.5
2025-12-23,Webcam,South,9,55,0.05,470.25
2025-12-23,Webcam,East,9,55,0.1,445.5
2025-12-24,Laptop,West,25,650,0.0,16250.0
2025-12-24,Laptop,North,10,650,0.0,6500.0
2025-12-24,Laptop,South,9,650,0.0,5850.0
2025-12-24,Laptop,East,8,650,0.0,5200.0
2025-12-24,Monitor,West,13,220,0.1,2574.0
2025-12-24,Monitor,North,15,220,0.05,3135.0
2025-12-24,Monitor,South,12,220,0.0,2640.0
2025-12-24,Monitor,East,19,220,0.0,4180.0
2025-12-24,Keyboard,West,18,45,0.05,769.5
2025-12-24,Keyboard,North,16,45,0.05,684.0
2025-12-24,Keyboard,South,20,45,0.0,900.0
2025-12-24,Keyboard,East,11,45,0.0,495.0
2025-12-24,Mouse,West,29,25,0.1,652.5
2025-12-24,Mouse,North,33,25,0.0,825.0
2025-12-24,Mouse,South,26,25,0.0,650.0
2025-12-24,Mouse,East,38,25,0.05,902.5
2025-12-24,Headset,West,16,60,0.0,960.0
2025-12-24,Headset,North,19,60,0.0,1140.0
2025-12-24,Headset,South,10,60,0.05,570.0
2025-12-24,Headset,East,17,60,0.05,969.0
2025-12-24,Printer,West,11,180,0.0,1980.0
2025-12-24,Printer,North,7,180,0.0,1260.0
2025-12-24,Printer,South,7,180,0.0,1260.0
2025-12-24,Printer,East,6,180,0.0,1080.0
2025-12-24,Router,West,8,80,0.05,608.0
2025-12-24,Router,North,11,80,0.1,792.0
2025-12-24,Router,South,18,80,0.0,1440.0
2025-12-24,Router,East,12,80,0.0,960.0
2025-12-24,Webcam,West,8,55,0.0,440.0
2025-12-24,Webcam,North,12,55,0.0,660.0
2025-12-24,Webcam,South,6,55,0.05,313.5
2025-12-24,Webcam,East,8,55,0.0,440.0
2025-12-25,Laptop,West,9,650,0.0,5850.0
2025-12-25,Laptop,North,9,650,0.05,5557.5
2025-12-25,Laptop,South,6,650,0.0,3900.0
2025-12-25,Laptop,East,9,650,0.1,5265.0
2025-12-25,Monitor,West,8,220,0.0,1760.0
2025-12-25,Monitor,North,6,220,0.0,1320.0
2025-12-25,Monitor,South,6,220,0.0,1320.0
2025-12-25,Monitor,East,14,220,0.05,2926.0
2025-12-25,Keyboard,West,23,45,0.1,931.5
2025-12-25,Keyboard,North,35,45,0.0,1575.0
2025-12-25,Keyboard,South,13,45,0.05,555.75
2025-12-25,Keyboard,East,16,45,0.05,684.0
2025-12-25,Mouse,West,34,25,0.1,765.0
2025-12-25,Mouse,North,25,25,0.0,625.0
2025-12-25,Mouse,South,28,25,0.0,700.0
2025-12-25,Mouse,East,24,25,0.0,600.0
2025-12-25,Headset,West,16,60,0.0,960.0
2025-12-25,Headset,North,15,60,0.0,900.0
2025-12-25,Headset,South,18,60,0.0,1080.0
2025-12-25,Headset,East,11,60,0.1,594.0
2025-12-25,Printer,West,9,180,0.0,1620.0
2025-12-25,Printer,North,5,180,0.05,855.0
2025-12-25,Printer,South,12,180,0.1,1944.0
2025-12-25,Printer,East,7,180,0.05,1197.0
2025-12-25,Router,West,19,80,0.1,1368.0
2025-12-25,Router,North,20,80,0.05,1520.0
2025-12-25,Router,South,15,80,0.15,1020.0
2025-12-25,Router,East,14,80,0.0,1120.0
2025-12-25,Webcam,West,11,55,0.1,544.5
2025-12-25,Webcam,North,8,55,0.05,418.0
2025-12-25,Webcam,South,13,55,0.05,679.25
2025-12-25,Webcam,East,9,55,0.0,495.0
2025-12-26,Laptop,West,13,650,0.0,8450.0
2025-12-26,Laptop,North,10,650,0.0,6500.0
2025-12-26,Laptop,South,10,650,0.05,6175.0
2025-12-26,Laptop,East,7,650,0.0,4550.0
2025-12-26,Monitor,West,6,220,0.05,1254.0
2025-12-26,Monitor,North,12,220,0.0,2640.0
2025-12-26,Monitor,South,10,220,0.05,2090.0
2025-12-26,Monitor,East,12,220,0.0,2640.0
2025-12-26,Keyboard,West,22,45,0.15,841.5
2025-12-26,Keyboard,North,19,45,0.05,812.25
2025-12-26,Keyboard,South,25,45,0.0,1125.0
2025-12-26,Keyboard,East,17,45,0.15,650.25
2025-12-26,Mouse,West,32,25,0.0,800.0
2025-12-26,Mouse,North,26,25,0.0,650.0
2025-12-26,Mouse,South,16,25,0.0,400.0
2025-12-26,Mouse,East,23,25,0.0,575.0
2025-12-26,Headset,West,16,60,0.0,960.0
2025-12-26,Headset,North,18,60,0.05,1026.0
2025-12-26,Headset,South,27,60,0.1,1458.0
2025-12-26,Headset,East,15,60,0.05,855.0
2025-12-26,Printer,West,6,180,0.0,1080.0
2025-12-26,Printer,North,4,180,0.0,720.0
2025-12-26,Printer,South,7,180,0.1,1134.0
2025-12-26,Printer,East,12,180,0.1,1944.0
2025-12-26,Router,West,13,80,0.05,988.0
2025-12-26,Router,North,22,80,0.1,1584.0
2025-12-26,Router,South,9,80,0.1,648.0
2025-12-26,Router,East,13,80,0.0,1040.0
2025-12-26,Webcam,West,15,55,0.0,825.0
2025-12-26,Webcam,North,5,55,0.05,261.25
2025-12-26,Webcam,South,7,55,0.0,385.0
2025-12-26,Webcam,East,12,55,0.0,660.0
2025-12-27,Laptop,West,7,650,0.1,4095.0
2025-12-27,Laptop,North,7,650,0.05,4322.5
2025-12-27,Laptop,South,9,650,0.05,5557.5
2025-12-27,Laptop,East,9,650,0.05,5557.5
2025-12-27,Monitor,West,20,220,0.05,4180.0
2025-12-27,Monitor,North,14,220,0.0,3080.0
2025-12-27,Monitor,South,6,220,0.15,1122.0
2025-12-27,Monitor,East,19,220,0.15,3553.0
2025-12-27,Keyboard,West,17,45,0.1,688.5
2025-12-27,Keyboard,North,25,45,0.0,1125.0
2025-12-27,Keyboard,South,16,45,0.0,720.0
2025-12-27,Keyboard,East,31,45,0.0,1395.0
2025-12-27,Mouse,West,33,25,0.0,825.0
2025-12-27,Mouse,North,24,25,0.05,570.0
2025-12-27,Mouse,South,28,25,0.0,700.0
2025-12-27,Mouse,East,29,25,0.05,688.75
2025-12-27,Headset,West,17,60,0.0,1020.0
2025-12-27,Headset,North,11,60,0.0,660.0
2025-12-27,Headset,South,7,60,0.0,420.0
2025-12-27,Headset,East,19,60,0.05,1083.0
2025-12-27,Printer,West,11,180,0.05,1881.0
2025-12-27,Printer,North,3,180,0.05,513.0
2025-12-27,Printer,South,8,180,0.05,1368.0
2025-12-27,Printer,East,6,180,0.05,1026.0
2025-12-27,Router,West,12,80,0.05,912.0
2025-12-27,Router,North,20,80,0.1,1440.0
2025-12-27,Router,South,15,80,0.15,1020.0
2025-12-27,Router,East,9,80,0.0,720.0
2025-12-27,Webcam,West,11,55,0.05,574.75
2025-12-27,Webcam,North,4,55,0.0,220.0
2025-12-27,Webcam,South,11,55,0.05,574.75
2025-12-27,Webcam,East,10,55,0.0,550.0
2025-12-28,Laptop,West,9,650,0.05,5557.5
2025-12-28,Laptop,North,5,650,0.0,3250.0
2025-12-28,Laptop,South,3,650,0.05,1852.5
2025-12-28,Laptop,East,13,650,0.05,8027.5
2025-12-28,Monitor,West,11,220,0.0,2420.0
2025-12-28,Monitor,North,5,220,0.0,1100.0
2025-12-28,Monitor,South,7,220,0.15,1309.0
2025-12-28,Monitor,East,5,220,0.1,990.0
2025-12-28,Keyboard,West,21,45,0.0,945.0
2025-12-28,Keyboard,North,23,45,0.1,931.5
2025-12-28,Keyboard,South,18,45,0.1,729.0
2025-12-28,Keyboard,East,25,45,0.1,1012.5
2025-12-28,Mouse,West,23,25,0.0,575.0
2025-12-28,Mouse,North,24,25,0.1,540.0
2025-12-28,Mouse,South,29,25,0.0,725.0
2025-12-28,Mouse,East,29,25,0.05,688.75
2025-12-28,Headset,West,15,60,0.1,810.0
2025-12-28,Headset,North,12,60,0.0,720.0
2025-12-28,Headset,South,7,60,0.0,420.0
2025-12-28,Headset,East,16,60,0.0,960.0
2025-12-28,Printer,West,10,180,0.0,1800.0
2025-12-28,Printer,North,8,180,0.1,1296.0
2025-12-28,Printer,South,3,180,0.05,513.0
2025-12-28,Printer,East,9,180,0.05,1539.0
2025-12-28,Router,West,20,80,0.1,1440.0
2025-12-28,Router,North,13,80,0.0,1040.0
2025-12-28,Router,South,15,80,0.05,1140.0
2025-12-28,Router,East,18,80,0.1,1296.0
2025-12-28,Webcam,West,16,55,0.1,792.0
2025-12-28,Webcam,North,6,55,0.0,330.0
2025-12-28,Webcam,South,8,55,0.0,440.0
2025-12-28,Webcam,East,8,55,0.05,418.0
2025-12-29,Laptop,West,13,650,0.0,8450.0
2025-12-29,Laptop,North,9,650,0.0,5850.0
2025-12-29,Laptop,South,8,650,0.1,4680.0
2025-12-29,Laptop,East,8,650,0.05,4940.0
2025-12-29,Monitor,West,9,220,0.05,1881.0
2025-12-29,Monitor,North,13,220,0.0,2860.0
2025-12-29,Monitor,South,6,220,0.1,1188.0
2025-12-29,Monitor,East,11,220,0.0,2420.0
2025-12-29,Keyboard,West,27,45,0.1,1093.5
2025-12-29,Keyboard,North,18,45,0.05,769.5
2025-12-29,Keyboard,South,20,45,0.05,855.0
2025-12-29,Keyboard,East,24,45,0.0,1080.0
2025-12-29,Mouse,West,48,25,0.05,1140.0
2025-12-29,Mouse,North,35,25,0.0,875.0
2025-12-29,Mouse,South,21,25,0.0,525.0
2025-12-29,Mouse,East,29,25,0.0,725.0
2025-12-29,Headset,West,12,60,0.1,648.0
2025-12-29,Headset,North,11,60,0.0,660.0
2025-12-29,Headset,South,10,60,0.05,570.0
2025-12-29,Headset,East,20,60,0.0,1200.0
2025-12-29,Printer,West,9,180,0.0,1620.0
2025-12-29,Printer,North,2,180,0.0,360.0
2025-12-29,Printer,South,7,180,0.0,1260.0
2025-12-29,Printer,East,12,180,0.0,2160.0
2025-12-29,Router,West,16,80,0.05,1216.0
2025-12-29,Router,North,14,80,0.1,1008.0
2025-12-29,Router,South,12,80,0.05,912.0
2025-12-29,Router,East,17,80,0.1,1224.0
2025-12-29,Webcam,West,13,55,0.05,679.25
2025-12-29,Webcam,North,10,55,0.1,495.0
2025-12-29,Webcam,South,7,55,0.1,346.5
2025-12-29,Webcam,East,9,55,0.0,495.0
2025-12-30,Laptop,West,15,650,0.05,9262.5
2025-12-30,Laptop,North,14,650,0.0,9100.0
2025-12-30,Laptop,South,4,650,0.05,2470.0
2025-12-30,Laptop,East,5,650,0.1,2925.0
2025-12-30,Monitor,West,13,220,0.0,2860.0
2025-12-30,Monitor,North,13,220,0.1,2574.0
2025-12-30,Monitor,South,8,220,0.1,1584.0
2025-12-30,Monitor,East,9,220,0.0,1980.0
2025-12-30,Keyboard,West,23,45,0.0,1035.0
2025-12-30,Keyboard,North,32,45,0.0,1440.0
2025-12-30,Keyboard,South,19,45,0.05,812.25
2025-12-30,Keyboard,East,24,45,0.0,1080.0
2025-12-30,Mouse,West,33,25,0.05,783.75
2025-12-30,Mouse,North,22,25,0.1,495.0
2025-12-30,Mouse,South,20,25,0.05,475.0
2025-12-30,Mouse,East,32,25,0.05,760.0
2025-12-30,Headset,West,14,60,0.1,756.0
2025-12-30,Headset,North,9,60,0.05,513.0
2025-12-30,Headset,South,18,60,0.0,1080.0
2025-12-30,Headset,East,16,60,0.0,960.0
2025-12-30,Printer,West,8,180,0.1,1296.0
2025-12-30,Printer,North,7,180,0.05,1197.0
2025-12-30,Printer,South,3,180,0.1,486.0
2025-12-30,Printer,East,5,180,0.0,900.0
2025-12-30,Router,West,25,80,0.0,2000.0
2025-12-30,Router,North,10,80,0.1,720.0
2025-12-30,Router,South,14,80,0.05,1064.0
2025-12-30,Router,East,14,80,0.05,1064.0
2025-12-30,Webcam,West,13,55,0.0,715.0
2025-12-30,Webcam,North,11,55,0.05,574.75
2025-12-30,Webcam,South,9,55,0.0,495.0
2025-12-30,Webcam,East,12,55,0.0,660.0
2025-12-31,Laptop,West,10,650,0.05,6175.0
2025-12-31,Laptop,North,9,650,0.05,5557.5
2025-12-31,Laptop,South,9,650,0.15,4972.5
2025-12-31,Laptop,East,15,650,0.0,9750.0
2025-12-31,Monitor,West,17,220,0.05,3553.0
2025-12-31,Monitor,North,8,220,0.0,1760.0
2025-12-31,Monitor,South,9,220,0.0,1980.0
2025-12-31,Monitor,East,14,220,0.05,2926.0
2025-12-31,Keyboard,West,30,45,0.1,1215.0
2025-12-31,Keyboard,North,19,45,0.0,855.0
2025-12-31,Keyboard,South,19,45,0.0,855.0
2025-12-31,Keyboard,East,19,45,0.0,855.0
2025-12-31,Mouse,West,29,25,0.0,725.0
2025-12-31,Mouse,North,25,25,0.05,593.75
2025-12-31,Mouse,South,28,25,0.1,630.0
2025-12-31,Mouse,East,23,25,0.05,546.25
2025-12-31,Headset,West,19,60,0.0,1140.0
2025-12-31,Headset,North,11,60,0.0,660.0
2025-12-31,Headset,South,20,60,0.1,1080.0
2025-12-31,Headset,East,21,60,0.0,1260.0
2025-12-31,Printer,West,5,180,0.05,855.0
2025-12-31,Printer,North,11,180,0.0,1980.0
2025-12-31,Printer,South,4,180,0.1,648.0
2025-12-31,Printer,East,5,180,0.15,765.0
2025-12-31,Router,West,16,80,0.0,1280.0
2025-12-31,Router,North,11,80,0.0,880.0
2025-12-31,Router,South,18,80,0.05,1368.0
2025-12-31,Router,East,25,80,0.0,2000.0
2025-12-31,Webcam,West,18,55,0.05,940.5
2025-12-31,Webcam,North,16,55,0.05,836.0
2025-12-31,Webcam,South,8,55,0.05,418.0
2025-12-31,Webcam,East,13,55,0.05,679.25
